,Photo produit 1,Photo produit 2,Nom produit,Lien achat,Catégorie produit,Genre,cielab_colors
0,https://wasted.fr/cdn/shop/files/t-shirt-acid-310415_2048x2048.jpg?v=1721324674,-,T-Shirt Acid,https://wasted.fr/collections/t-shirts-homme/products/t-shirt-acid,T-shirt,H/F,"[10.588235294117647, 0.0, 1.0]"
1,https://wasted.fr/cdn/shop/files/t-shirt-happy-when-it-rains-677827_2048x2048.jpg?v=1721324692,-,T-Shirt Happy When it Rains,https://wasted.fr/collections/t-shirts-homme/products/t-shirt-happy-when-it-rains,T-shirt,H/F,"[10.588235294117647, 0.0, 0.0]"
2,https://wasted.fr/cdn/shop/files/t-shirt-happy-when-it-rains-755389_2048x2048.jpg?v=1721324688,-,T-Shirt Happy When it Rains,https://wasted.fr/collections/t-shirts-homme/products/t-shirt-happy-when-it-rains-1,T-shirt,H/F,"[29.80392156862745, 7.0, -37.0]"
3,https://wasted.fr/cdn/shop/files/tank-top-united-548539_2048x2048.jpg?v=1721324841,-,Tank Top United,https://wasted.fr/collections/t-shirts-homme/products/tank-top-united-1,T-shirt,H/F,"[89.41176470588236, 0.0, 0.0]"
4,https://wasted.fr/cdn/shop/files/tank-top-united-688509_2048x2048.jpg?v=1721324845,-,Tank Top United,https://wasted.fr/collections/t-shirts-homme/products/tank-top-united,T-shirt,H/F,"[5.88235294117647, 0.0, 0.0]"
5,https://wasted.fr/cdn/shop/files/t-shirt-stoned-again-146978_2048x2048.jpg?v=1721324848,-,T-Shirt Stoned Again,https://wasted.fr/collections/t-shirts-homme/products/t-shirt-stoned-again,T-shirt,H/F,"[29.80392156862745, 7.0, -37.0]"
6,https://wasted.fr/cdn/shop/files/t-shirt-blast-238836_2048x2048.jpg?v=1721585882,-,T-Shirt Blast,https://wasted.fr/collections/t-shirts-homme/products/t-shirt-blast,T-shirt,H/F,"[92.54901960784314, 0.0, 0.0]"
7,https://wasted.fr/cdn/shop/files/t-shirt-worst-452692_2048x2048.jpg?v=1721324847,-,T-Shirt Worst,https://wasted.fr/collections/t-shirts-homme/products/t-shirt-worst,T-shirt,H/F,"[29.01960784313726, -7.0, 4.0]"
8,https://wasted.fr/cdn/shop/files/t-shirt-rain-337714_2048x2048.jpg?v=1721324844,-,T-Shirt Rain,https://wasted.fr/collections/t-shirts-homme/products/t-shirt-rain,T-shirt,H/F,"[10.588235294117647, 0.0, 0.0]"
9,https://wasted.fr/cdn/shop/files/t-shirt-skylab-410847_2048x2048.jpg?v=1730548094,-,T-Shirt Skylab,https://wasted.fr/collections/t-shirts-homme/products/t-shirt-skylab,T-shirt,H/F,"[16.470588235294116, 2.0, 0.0]"
10,https://wasted.fr/cdn/shop/files/t-shirt-united-634634_2048x2048.jpg?v=1730548097,-,T-Shirt United,https://wasted.fr/collections/t-shirts-homme/products/t-shirt-united-2,T-shirt,H/F,"[30.980392156862745, 7.0, -37.0]"
11,https://wasted.fr/cdn/shop/files/t-shirt-united-634634_2048x2048.jpg?v=1730548097,-,T-Shirt United,https://wasted.fr/collections/t-shirts-homme/products/t-shirt-united-2,T-shirt,H/F,"[27.058823529411764, 8.0, -37.0]"
12,https://wasted.fr/cdn/shop/files/t-shirt-united-930779_2048x2048.jpg?v=1730548101,-,T-Shirt United,https://wasted.fr/collections/t-shirts-homme/products/t-shirt-united-copie,T-shirt,H/F,"[83.52941176470588, 0.0, 0.0]"
13,https://wasted.fr/cdn/shop/files/t-shirt-middle-165865_2048x2048.jpg?v=1730547996,-,T-Shirt Middle,https://wasted.fr/collections/t-shirts-homme/products/t-shirt-middle,T-shirt,H/F,"[93.33333333333333, 0.0, 0.0]"
14,https://wasted.fr/cdn/shop/files/t-shirt-middle-165865_2048x2048.jpg?v=1730547996,-,T-Shirt Middle,https://wasted.fr/collections/t-shirts-homme/products/t-shirt-middle,T-shirt,H/F,"[91.37254901960785, 0.0, 1.0]"
15,https://wasted.fr/cdn/shop/files/t-shirt-creeds-760196_2048x2048.jpg?v=1730547990,-,T-Shirt Creeds,https://wasted.fr/collections/t-shirts-homme/products/t-shirt-creeds-1,T-shirt,H/F,"[10.588235294117647, 0.0, 1.0]"
16,https://wasted.fr/cdn/shop/products/t-shirt-temptation-725721_2048x2048.jpg?v=1689959032,-,T-shirt Temptation,https://wasted.fr/collections/t-shirts-homme/products/t-shirt-temptation,T-shirt,H/F,"[10.588235294117647, 0.0, 0.0]"
17,https://wasted.fr/cdn/shop/products/t-shirt-disturb-297815_2048x2048.jpg?v=1697114639,-,T-shirt Disturb,https://wasted.fr/collections/t-shirts-homme/products/t-shirt-disturb,T-shirt,H/F,"[41.96078431372549, -6.0, 5.0]"
18,https://wasted.fr/cdn/shop/products/t-shirt-destroy-absolution-148316_2048x2048.jpg?v=1699193013,-,T-shirt Destroy Absolution,https://wasted.fr/collections/t-shirts-homme/products/t-shirt-destroy-absolution,T-shirt,H/F,"[20.0, 0.0, 0.0]"
19,https://wasted.fr/cdn/shop/products/t-shirt-destroy-absolution-522493_2048x2048.jpg?v=1697114639,-,T-shirt Destroy Absolution,https://wasted.fr/collections/t-shirts-homme/products/t-shirt-destroy-absolution-1,T-shirt,H/F,"[85.88235294117646, 13.0, 2.0]"
20,https://wasted.fr/cdn/shop/products/t-shirt-manches-longues-blind-801901_2048x2048.jpg?v=1706147932,-,T-Shirt Manches Longues Blind,https://wasted.fr/collections/t-shirts-homme/products/t-shirt-manches-longues-blind-1,T-shirt,H/F,"[9.019607843137255, 2.0, -1.0]"
21,https://wasted.fr/cdn/shop/products/t-shirt-nine-wire-525969_2048x2048.jpg?v=1706147933,-,T-Shirt Nine Wire,https://wasted.fr/collections/t-shirts-homme/products/t-shirt-nine-wire-1,T-shirt,H/F,"[40.0, -8.0, 6.0]"
22,https://wasted.fr/cdn/shop/products/t-shirt-grave-144499_2048x2048.jpg?v=1706147839,-,T-Shirt Grave,https://wasted.fr/collections/t-shirts-homme/products/t-shirt-grave,T-shirt,H/F,"[43.13725490196079, -8.0, 6.0]"
23,https://wasted.fr/cdn/shop/products/t-shirt-grief-863283_2048x2048.jpg?v=1706147835,-,T-Shirt Grief,https://wasted.fr/collections/t-shirts-homme/products/t-shirt-grief-1,T-shirt,H/F,"[92.54901960784314, 0.0, 0.0]"
24,https://wasted.fr/cdn/shop/products/t-shirt-vice-903626_2048x2048.jpg?v=1706147932,-,T-Shirt Vice,https://wasted.fr/collections/t-shirts-homme/products/t-shirt-vice,T-shirt,H/F,"[10.588235294117647, 0.0, 0.0]"
25,https://wasted.fr/cdn/shop/products/t-shirt-vice-841559_2048x2048.jpg?v=1706147928,-,T-Shirt Vice,https://wasted.fr/collections/t-shirts-homme/products/t-shirt-vice-1,T-shirt,H/F,"[72.15686274509804, 13.0, 5.0]"
26,https://wasted.fr/cdn/shop/products/t-shirt-mesh-blind-547042_2048x2048.jpg?v=1706147933,-,T-shirt Mesh Blind,https://wasted.fr/collections/t-shirts-homme/products/t-shirt-mesh-blind,T-shirt,H/F,"[12.941176470588237, 1.0, 1.0]"
27,https://wasted.fr/cdn/shop/files/t-shirt-atrax-878327_2048x2048.jpg?v=1712661746,-,T-Shirt Atrax,https://wasted.fr/collections/t-shirts-homme/products/t-shirt-atrax,T-shirt,H/F,"[10.588235294117647, 0.0, 0.0]"
28,https://wasted.fr/cdn/shop/files/t-shirt-atrax-491186_2048x2048.jpg?v=1712661749,-,T-Shirt Atrax,https://wasted.fr/collections/t-shirts-homme/products/t-shirt-atrax-1,T-shirt,H/F,"[91.76470588235294, 0.0, 0.0]"
29,https://wasted.fr/cdn/shop/files/t-shirt-atrax-491186_2048x2048.jpg?v=1712661749,-,T-Shirt Atrax,https://wasted.fr/collections/t-shirts-homme/products/t-shirt-atrax-1,T-shirt,H/F,"[93.72549019607843, 0.0, 0.0]"
30,https://wasted.fr/cdn/shop/files/t-shirt-corruption-932924_2048x2048.jpg?v=1712661758,-,T-Shirt Corruption,https://wasted.fr/collections/t-shirts-homme/products/t-shirt-corruption-1,T-shirt,H/F,"[43.13725490196079, -8.0, 6.0]"
31,https://wasted.fr/cdn/shop/files/t-shirt-destroy-never-comes-372920_2048x2048.jpg?v=1712661759,-,T-Shirt Destroy Never Comes,https://wasted.fr/collections/t-shirts-homme/products/t-shirt-destroy-never-comes,T-shirt,H/F,"[18.43137254901961, 0.0, 0.0]"
32,https://wasted.fr/cdn/shop/files/t-shirt-destroy-never-comes-758725_2048x2048.jpg?v=1712661757,-,T-Shirt Destroy Never Comes,https://wasted.fr/collections/t-shirts-homme/products/t-shirt-destroy-never-comes-1,T-shirt,H/F,"[86.66666666666667, 7.0, 2.0]"
33,https://wasted.fr/cdn/shop/files/t-shirt-london-824102_2048x2048.jpg?v=1712661748,-,T-Shirt London,https://wasted.fr/collections/t-shirts-homme/products/t-shirt-london,T-shirt,H/F,"[10.588235294117647, 0.0, 0.0]"
34,https://wasted.fr/cdn/shop/files/t-shirt-london-264034_2048x2048.jpg?v=1712661748,-,T-Shirt London,https://wasted.fr/collections/t-shirts-homme/products/t-shirt-london-1,T-shirt,H/F,"[93.33333333333333, 0.0, 0.0]"
35,https://wasted.fr/cdn/shop/files/t-shirt-london-264034_2048x2048.jpg?v=1712661748,-,T-Shirt London,https://wasted.fr/collections/t-shirts-homme/products/t-shirt-london-1,T-shirt,H/F,"[90.98039215686275, 0.0, 0.0]"
36,https://wasted.fr/cdn/shop/files/t-shirt-nighters-165248_2048x2048.jpg?v=1712661749,-,T-Shirt Nighters,https://wasted.fr/collections/t-shirts-homme/products/t-shirt-nighter,T-shirt,H/F,"[10.588235294117647, 0.0, 0.0]"
37,https://wasted.fr/cdn/shop/files/t-shirt-nighters-254009_2048x2048.jpg?v=1712661751,-,T-Shirt Nighters,https://wasted.fr/collections/t-shirts-homme/products/t-shirt-nighters,T-shirt,H/F,"[72.15686274509804, 13.0, 5.0]"
38,https://wasted.fr/cdn/shop/files/t-shirt-sacrifice-991382_2048x2048.jpg?v=1712661905,-,T-Shirt Sacrifice,https://wasted.fr/collections/t-shirts-homme/products/t-shirt-sacrifice,T-shirt,H/F,"[9.803921568627452, 2.0, 0.0]"
39,https://wasted.fr/cdn/shop/files/t-shirt-sentence-739146_2048x2048.jpg?v=1712661894,-,T-Shirt Sentence,https://wasted.fr/collections/t-shirts-homme/products/t-shirt-sentence,T-shirt,H/F,"[77.25490196078432, 0.0, 0.0]"
40,https://wasted.fr/cdn/shop/files/t-shirt-sentence-124463_2048x2048.jpg?v=1712661896,-,T-Shirt Sentence,https://wasted.fr/collections/t-shirts-homme/products/t-shirt-sentence-1,T-shirt,H/F,"[42.745098039215684, -9.0, 7.0]"
41,https://wasted.fr/cdn/shop/files/t-shirt-stake-295577_2048x2048.jpg?v=1712661902,-,T-Shirt Stake,https://wasted.fr/collections/t-shirts-homme/products/t-shirt-stake,T-shirt,H/F,"[10.588235294117647, 0.0, 0.0]"
42,https://wasted.fr/cdn/shop/files/t-shirt-stake-173689_2048x2048.jpg?v=1712661904,-,T-Shirt Stake,https://wasted.fr/collections/t-shirts-homme/products/t-shirt-stake-1,T-shirt,H/F,"[71.76470588235294, 12.0, 75.0]"
43,https://wasted.fr/cdn/shop/files/t-shirt-undead-876539_2048x2048.jpg?v=1712661899,-,T-Shirt Undead,https://wasted.fr/collections/t-shirts-homme/products/t-shirt-undead,T-shirt,H/F,"[19.607843137254903, 1.0, -1.0]"
44,https://wasted.fr/cdn/shop/files/hoodie-scythe-669999_2048x2048.jpg?v=1721324411,-,Hoodie Scythe,https://wasted.fr/collections/hoodies-sweats-2/products/hoodie-spirit,Hoodie,H/F,"[13.333333333333334, 0.0, 0.0]"
45,https://wasted.fr/cdn/shop/files/hoodie-scythe-669999_2048x2048.jpg?v=1721324411,-,Hoodie Scythe,https://wasted.fr/collections/hoodies-sweats-2/products/hoodie-spirit,Hoodie,H/F,"[21.176470588235293, 1.0, 0.0]"
46,https://wasted.fr/cdn/shop/files/hoodie-vault-534097_2048x2048.jpg?v=1721324420,-,Hoodie Vault,https://wasted.fr/collections/hoodies-sweats-2/products/hoodie-vault,Hoodie,H/F,"[9.411764705882353, 0.0, -1.0]"
47,https://wasted.fr/cdn/shop/files/crewneck-acid-196424_2048x2048.jpg?v=1721324404,-,Crewneck Acid,https://wasted.fr/collections/hoodies-sweats-2/products/crewneck-acid,Hoodie,H/F,"[7.450980392156863, 0.0, 1.0]"
48,https://wasted.fr/cdn/shop/files/hoodie-blast-447421_2048x2048.jpg?v=1721324402,-,Hoodie Blast,https://wasted.fr/collections/hoodies-sweats-2/products/hoodie-blast,Hoodie,H/F,"[78.43137254901961, 0.0, 0.0]"
49,https://wasted.fr/cdn/shop/files/hoodie-blast-447421_2048x2048.jpg?v=1721324402,-,Hoodie Blast,https://wasted.fr/collections/hoodies-sweats-2/products/hoodie-blast,Hoodie,H/F,"[69.41176470588235, 0.0, 0.0]"
50,https://wasted.fr/cdn/shop/files/hoodie-worst-208249_2048x2048.jpg?v=1721324413,-,Hoodie Worst,https://wasted.fr/collections/hoodies-sweats-2/products/hoodie-worst,Hoodie,H/F,"[75.68627450980392, 2.0, 9.0]"
51,https://wasted.fr/cdn/shop/files/hoodie-middle-179491_2048x2048.jpg?v=1730547781,-,Hoodie Middle,https://wasted.fr/collections/hoodies-sweats-2/products/hoodie-middle,Hoodie,H/F,"[9.411764705882353, 0.0, 0.0]"
52,https://wasted.fr/cdn/shop/files/hoodie-middle-230422_2048x2048.jpg?v=1730547780,-,Hoodie Middle,https://wasted.fr/collections/hoodies-sweats-2/products/hoodie-middle-1,Hoodie,H/F,"[74.90196078431373, 15.0, -2.0]"
53,https://wasted.fr/cdn/shop/products/hoodie-telly-savage-870009_2048x2048.jpg?v=1679343705,-,Hoodie Telly Savage,https://wasted.fr/collections/hoodies-sweats-2/products/hoodie-telly-savage-1,Hoodie,H/F,"[52.94117647058824, 62.0, 49.0]"
54,https://wasted.fr/cdn/shop/products/hoodie-zip-ace-738972_2048x2048.jpg?v=1688743423,-,Hoodie Zip Ace,https://wasted.fr/collections/hoodies-sweats-2/products/hoodie-zip-ace,Hoodie,H/F,"[6.666666666666667, 0.0, -1.0]"
55,https://wasted.fr/cdn/shop/products/hoodie-psycho-candy-599601_2048x2048.jpg?v=1689958842,-,Hoodie Psycho Candy,https://wasted.fr/collections/hoodies-sweats-2/products/hoodie-psycho-candy,Hoodie,H/F,"[66.66666666666666, 12.0, 6.0]"
56,https://wasted.fr/cdn/shop/products/hoodie-sight-854297_2048x2048.jpg?v=1689958844,-,Hoodie Sight,https://wasted.fr/collections/hoodies-sweats-2/products/hoodie-sight,Hoodie,H/F,"[9.411764705882353, 0.0, 0.0]"
57,https://wasted.fr/cdn/shop/products/hoodie-zip-crown-pitcher-690943_2048x2048.jpg?v=1689958856,-,Hoodie Zip Crown Pitcher,https://wasted.fr/collections/hoodies-sweats-2/products/hoodie-zip-crown-pitcher,Hoodie,H/F,"[9.411764705882353, 0.0, 0.0]"
58,https://wasted.fr/cdn/shop/products/hoodie-zip-crown-pitcher-736902_2048x2048.jpg?v=1689958848,-,Hoodie Zip Crown Pitcher,https://wasted.fr/collections/hoodies-sweats-2/products/hoodie-zip-crown-pitcher-1,Hoodie,H/F,"[75.68627450980392, 0.0, 0.0]"
59,https://wasted.fr/cdn/shop/products/hoodie-zip-crown-pitcher-736902_2048x2048.jpg?v=1689958848,-,Hoodie Zip Crown Pitcher,https://wasted.fr/collections/hoodies-sweats-2/products/hoodie-zip-crown-pitcher-1,Hoodie,H/F,"[82.74509803921568, 0.0, 0.0]"
60,https://wasted.fr/cdn/shop/products/hoodie-zip-crown-pitcher-789275_2048x2048.jpg?v=1689958853,-,Hoodie Zip Crown Pitcher,https://wasted.fr/collections/hoodies-sweats-2/products/hoodie-zip-crown-pitcher-2,Hoodie,H/F,"[84.70588235294117, -1.0, 6.0]"
61,https://wasted.fr/cdn/shop/products/hoodie-iron-pitcher-786352_2048x2048.jpg?v=1694673158,-,Hoodie Iron Pitcher,https://wasted.fr/collections/hoodies-sweats-2/products/copie-de-hoodie-iron-pitcher,Hoodie,H/F,"[27.450980392156865, 11.0, 12.0]"
62,https://wasted.fr/cdn/shop/products/hoodie-fate-711901_2048x2048.jpg?v=1699192983,-,Hoodie Fate,https://wasted.fr/collections/hoodies-sweats-2/products/copie-de-hoodie-always-faithful,Hoodie,H/F,"[12.156862745098039, 0.0, 0.0]"
63,https://wasted.fr/cdn/shop/products/hoodie-fate-711901_2048x2048.jpg?v=1699192983,-,Hoodie Fate,https://wasted.fr/collections/hoodies-sweats-2/products/copie-de-hoodie-always-faithful,Hoodie,H/F,"[5.88235294117647, 0.0, 0.0]"
64,https://wasted.fr/cdn/shop/products/hoodie-rage-crown-883000_2048x2048.jpg?v=1699192985,-,Hoodie Rage Crown,https://wasted.fr/collections/hoodies-sweats-2/products/hoodie-rage-crown,Hoodie,H/F,"[10.588235294117647, 0.0, -1.0]"
65,https://wasted.fr/cdn/shop/products/hoodie-zip-iron-faith-901759_2048x2048.jpg?v=1701628306,-,Hoodie Zip Iron Faith,https://wasted.fr/collections/hoodies-sweats-2/products/hoodie-zip-iron-faith,Hoodie,H/F,"[10.588235294117647, 0.0, 0.0]"
66,https://wasted.fr/cdn/shop/products/hoodie-zip-iron-faith-484197_2048x2048.jpg?v=1701628304,-,Hoodie Zip Iron Faith,https://wasted.fr/collections/hoodies-sweats-2/products/hoodie-zip-iron-faith-1,Hoodie,H/F,"[30.980392156862745, 14.0, 15.0]"
67,https://wasted.fr/cdn/shop/products/hoodie-zip-dont-burn-138374_2048x2048.jpg?v=1701628304,-,Hoodie Zip Don't Burn,https://wasted.fr/collections/hoodies-sweats-2/products/hoodie-zip-dont-burn-crown,Hoodie,H/F,"[11.76470588235294, 0.0, 0.0]"
68,https://wasted.fr/cdn/shop/products/hoodie-zip-dont-burn-138374_2048x2048.jpg?v=1701628304,-,Hoodie Zip Don't Burn,https://wasted.fr/collections/hoodies-sweats-2/products/hoodie-zip-dont-burn-crown,Hoodie,H/F,"[6.2745098039215685, 0.0, 0.0]"
69,https://wasted.fr/cdn/shop/products/hoodie-zip-dont-burn-819406_2048x2048.jpg?v=1701628306,-,Hoodie Zip Don't Burn,https://wasted.fr/collections/hoodies-sweats-2/products/hoodie-zip-dont-burn-crown-1,Hoodie,H/F,"[92.15686274509804, 0.0, 0.0]"
70,https://wasted.fr/cdn/shop/products/hoodie-reaper-411403_2048x2048.jpg?v=1701628300,-,Hoodie Reaper,https://wasted.fr/collections/hoodies-sweats-2/products/hoodie-reaper,Hoodie,H/F,"[9.411764705882353, 0.0, 0.0]"
71,https://wasted.fr/cdn/shop/products/hoodie-disturb-364600_2048x2048.jpg?v=1697114581,-,Hoodie Disturb,https://wasted.fr/collections/hoodies-sweats-2/products/hoodie-disturb,Hoodie,H/F,"[9.411764705882353, 0.0, 0.0]"
72,https://wasted.fr/cdn/shop/files/HOODIE-ABSOLUTION-FADED-1_2048x2048.jpg?v=1697453764,-,Hoodie Absolution,https://wasted.fr/collections/hoodies-sweats-2/products/hoodie-absolution,Hoodie,H/F,"[18.43137254901961, 0.0, 0.0]"
73,https://wasted.fr/cdn/shop/files/HOODIE-ABSOLUTION-FADED-1_2048x2048.jpg?v=1697453764,-,Hoodie Absolution,https://wasted.fr/collections/hoodies-sweats-2/products/hoodie-absolution,Hoodie,H/F,"[10.980392156862745, 0.0, 0.0]"
74,https://wasted.fr/cdn/shop/products/hoodie-zip-dante-159044_2048x2048.jpg?v=1699192990,-,Hoodie Zip Dante,https://wasted.fr/collections/hoodies-sweats-2/products/hoodie-zip-dante,Hoodie,H/F,"[10.980392156862745, 0.0, 0.0]"
75,https://wasted.fr/cdn/shop/products/hoodie-zip-dante-159044_2048x2048.jpg?v=1699192990,-,Hoodie Zip Dante,https://wasted.fr/collections/hoodies-sweats-2/products/hoodie-zip-dante,Hoodie,H/F,"[5.490196078431373, 0.0, 0.0]"
76,https://wasted.fr/cdn/shop/products/crewneck-conjure-770449_2048x2048.jpg?v=1706147582,-,Crewneck Conjure,https://wasted.fr/collections/hoodies-sweats-2/products/crewneck-conjure,Hoodie,H/F,"[9.411764705882353, 0.0, 0.0]"
77,https://wasted.fr/cdn/shop/products/funnel-chad-419802_2048x2048.jpg?v=1706147707,-,Funnel Chad,https://wasted.fr/collections/hoodies-sweats-2/products/funnel-chad,Hoodie,H/F,"[79.6078431372549, 0.0, 0.0]"
78,https://wasted.fr/cdn/shop/products/funnel-chad-419802_2048x2048.jpg?v=1706147707,-,Funnel Chad,https://wasted.fr/collections/hoodies-sweats-2/products/funnel-chad,Hoodie,H/F,"[85.09803921568627, 0.0, 0.0]"
79,https://wasted.fr/cdn/shop/products/funnel-chad-784292_2048x2048.jpg?v=1706147711,-,Funnel Chad,https://wasted.fr/collections/hoodies-sweats-2/products/funnel-chad-1,Hoodie,H/F,"[6.666666666666667, 0.0, 0.0]"
80,https://wasted.fr/cdn/shop/products/funnel-pitcher-239461_2048x2048.jpg?v=1706147707,-,Funnel Pitcher,https://wasted.fr/collections/hoodies-sweats-2/products/funnel-pitcher-4,Hoodie,H/F,"[81.17647058823529, 1.0, 5.0]"
81,https://wasted.fr/cdn/shop/products/hoodie-pitcher-465635_2048x2048.jpg?v=1706147711,-,Hoodie Pitcher,https://wasted.fr/collections/hoodies-sweats-2/products/hoodie-pitcher,Hoodie,H/F,"[10.980392156862745, 0.0, 0.0]"
82,https://wasted.fr/cdn/shop/products/hoodie-pitcher-465635_2048x2048.jpg?v=1706147711,-,Hoodie Pitcher,https://wasted.fr/collections/hoodies-sweats-2/products/hoodie-pitcher,Hoodie,H/F,"[5.88235294117647, 0.0, 0.0]"
83,https://wasted.fr/cdn/shop/products/hoodie-creep-229045_2048x2048.jpg?v=1706147706,-,Hoodie Creep,https://wasted.fr/collections/hoodies-sweats-2/products/hoodie-creep,Hoodie,H/F,"[9.411764705882353, 0.0, 0.0]"
84,https://wasted.fr/cdn/shop/products/hoodie-telly-wire-577638_2048x2048.jpg?v=1706147702,-,Hoodie Telly Wire,https://wasted.fr/collections/hoodies-sweats-2/products/hoodie-telly-wire,Hoodie,H/F,"[7.0588235294117645, 0.0, 0.0]"
85,https://wasted.fr/cdn/shop/products/hoodie-zip-blind-199829_2048x2048.jpg?v=1706147806,-,Hoodie Zip Blind,https://wasted.fr/collections/hoodies-sweats-2/products/hoodie-zip-blind,Hoodie,H/F,"[9.019607843137255, 0.0, 0.0]"
86,https://wasted.fr/cdn/shop/products/hoodie-zip-dark-pitcher-732726_2048x2048.jpg?v=1706147806,-,Hoodie Zip Dark Pitcher,https://wasted.fr/collections/hoodies-sweats-2/products/hoodie-zip-dark-pitcher-3,Hoodie,H/F,"[82.35294117647058, 0.0, 0.0]"
87,https://wasted.fr/cdn/shop/products/hoodie-zip-dark-pitcher-659420_2048x2048.jpg?v=1706147805,-,Hoodie Zip Dark Pitcher,https://wasted.fr/collections/hoodies-sweats-2/products/hoodie-zip-dark-pitcher-4,Hoodie,H/F,"[10.588235294117647, 0.0, -1.0]"
88,https://wasted.fr/cdn/shop/files/hoodie-zip-kingdom-905820_2048x2048.jpg?v=1711618133,-,Hoodie Zip Kingdom,https://wasted.fr/collections/hoodies-sweats-2/products/hoodie-zip-kingdom-3,Hoodie,H/F,"[9.411764705882353, 0.0, 0.0]"
89,https://wasted.fr/cdn/shop/files/hoodie-full-zip-mercy-101785_2048x2048.jpg?v=1711618134,-,Hoodie Full Zip Mercy,https://wasted.fr/collections/hoodies-sweats-2/products/hoodie-full-zip-mercy,Hoodie,H/F,"[9.411764705882353, 0.0, 0.0]"
90,https://wasted.fr/cdn/shop/files/hoodie-full-zip-mercy-312000_2048x2048.jpg?v=1711618134,-,Hoodie Full Zip Mercy,https://wasted.fr/collections/hoodies-sweats-2/products/hoodie-full-zip-mercy-1,Hoodie,H/F,"[90.98039215686275, 0.0, 0.0]"
91,https://wasted.fr/cdn/shop/files/hoodie-zip-kingdom-158179_2048x2048.jpg?v=1713359069,-,Hoodie Zip Kingdom,https://wasted.fr/collections/hoodies-sweats-2/products/hoodie-zip-kingdom-5,Hoodie,H/F,"[76.86274509803923, 2.0, 10.0]"
92,https://wasted.fr/cdn/shop/files/crewneck-negative-617699_2048x2048.jpg?v=1712661665,-,Crewneck Negative,https://wasted.fr/collections/hoodies-sweats-2/products/crewneck-negative,Hoodie,H/F,"[77.64705882352942, 0.0, 0.0]"
93,https://wasted.fr/cdn/shop/files/crewneck-negative-617699_2048x2048.jpg?v=1712661665,-,Crewneck Negative,https://wasted.fr/collections/hoodies-sweats-2/products/crewneck-negative,Hoodie,H/F,"[83.13725490196079, 0.0, 0.0]"
94,https://wasted.fr/cdn/shop/files/hoodie-atrax-295084_2048x2048.jpg?v=1712661664,-,Hoodie Atrax,https://wasted.fr/collections/hoodies-sweats-2/products/hoodie-atrax,Hoodie,H/F,"[18.823529411764707, 1.0, -1.0]"
95,https://wasted.fr/cdn/shop/files/hoodie-atrax-295084_2048x2048.jpg?v=1712661664,-,Hoodie Atrax,https://wasted.fr/collections/hoodies-sweats-2/products/hoodie-atrax,Hoodie,H/F,"[12.156862745098039, 1.0, -2.0]"
96,https://wasted.fr/cdn/shop/files/hoodie-zip-statement-crown-970761_2048x2048.jpg?v=1711618130,-,Hoodie Zip Statement Crown,https://wasted.fr/collections/hoodies-sweats-2/products/hoodie-statement-crown,Hoodie,H/F,"[9.019607843137255, 0.0, 0.0]"
97,https://wasted.fr/cdn/shop/files/hoodie-full-zip-snatch-218005_2048x2048.jpg?v=1712661674,-,Hoodie Full Zip Snatch,https://wasted.fr/collections/hoodies-sweats-2/products/hoodie-full-zip-snatch,Hoodie,H/F,"[9.411764705882353, 0.0, 0.0]"
98,https://wasted.fr/cdn/shop/files/hoodie-full-zip-snatch-935730_2048x2048.jpg?v=1712661670,-,Hoodie Full Zip Snatch,https://wasted.fr/collections/hoodies-sweats-2/products/hoodie-full-zip-snatch-1,Hoodie,H/F,"[92.15686274509804, 0.0, 0.0]"
99,https://wasted.fr/cdn/shop/files/hoodie-zip-bones-463720_2048x2048.jpg?v=1712661710,-,Hoodie Zip Bones,https://wasted.fr/collections/hoodies-sweats-2/products/hoodie-zip-bones,Hoodie,H/F,"[75.68627450980392, 0.0, 0.0]"
100,https://wasted.fr/cdn/shop/files/hoodie-zip-stake-524125_2048x2048.jpg?v=1712661722,-,Hoodie Zip Stake,https://wasted.fr/collections/hoodies-sweats-2/products/hoodie-zip-stake,Hoodie,H/F,"[10.588235294117647, 0.0, 0.0]"
101,https://wasted.fr/cdn/shop/files/hoodie-zip-undead-744754_2048x2048.jpg?v=1712661722,-,Hoodie Zip Undead,https://wasted.fr/collections/hoodies-sweats-2/products/hoodie-zip-undead,Hoodie,H/F,"[9.411764705882353, 0.0, 0.0]"
102,https://wasted.fr/cdn/shop/products/hoodie-knight-core-137459_2048x2048.jpg?v=1689958852,-,Hoodie Knight Core,https://wasted.fr/collections/hoodies-sweats-2/products/hoodie-knight-core,Hoodie,H/F,"[12.941176470588237, 1.0, -2.0]"
103,https://wasted.fr/cdn/shop/products/hoodie-knight-core-137459_2048x2048.jpg?v=1689958852,-,Hoodie Knight Core,https://wasted.fr/collections/hoodies-sweats-2/products/hoodie-knight-core,Hoodie,H/F,"[20.0, 2.0, -2.0]"
104,https://wasted.fr/cdn/shop/products/hoodie-love-lost-831483_2048x2048.jpg?v=1689958840,-,Hoodie Love Lost,https://wasted.fr/collections/hoodies-sweats-2/products/hoodie-love-lost,Hoodie,H/F,"[19.215686274509807, 0.0, -2.0]"
105,https://wasted.fr/cdn/shop/products/hoodie-love-lost-831483_2048x2048.jpg?v=1689958840,-,Hoodie Love Lost,https://wasted.fr/collections/hoodies-sweats-2/products/hoodie-love-lost,Hoodie,H/F,"[12.156862745098039, 1.0, -2.0]"
106,https://wasted.fr/cdn/shop/products/crewneck-punk-picasso-457883_2048x2048.jpg?v=1697114453,-,Crewneck Punk Picasso,https://wasted.fr/collections/hoodies-sweats-2/products/crewneck-punk-picasso,Hoodie,H/F,"[85.49019607843137, 0.0, 0.0]"
107,https://wasted.fr/cdn/shop/products/crewneck-punk-picasso-457883_2048x2048.jpg?v=1697114453,-,Crewneck Punk Picasso,https://wasted.fr/collections/hoodies-sweats-2/products/crewneck-punk-picasso,Hoodie,H/F,"[80.0, 0.0, 0.0]"
108,https://wasted.fr/cdn/shop/products/hoodie-macabre-484548_2048x2048.jpg?v=1706147711,-,Hoodie Macabre,https://wasted.fr/collections/hoodies-sweats-2/products/hoodie-macabre,Hoodie,H/F,"[11.76470588235294, 0.0, 0.0]"
109,https://wasted.fr/cdn/shop/products/hoodie-macabre-484548_2048x2048.jpg?v=1706147711,-,Hoodie Macabre,https://wasted.fr/collections/hoodies-sweats-2/products/hoodie-macabre,Hoodie,H/F,"[6.2745098039215685, 0.0, 0.0]"
110,https://wasted.fr/cdn/shop/products/hoodie-zip-ashes-143642_2048x2048.jpg?v=1706147801,-,Hoodie Zip Ashes,https://wasted.fr/collections/hoodies-sweats-2/products/hoodie-zip-ashes,Hoodie,H/F,"[9.019607843137255, 0.0, 0.0]"
111,https://wasted.fr/cdn/shop/files/hoodie-zip-statement-crown-799203_2048x2048.jpg?v=1711618128,-,Hoodie Zip Statement Crown,https://wasted.fr/collections/hoodies-sweats-2/products/hoodie-zip-statement-crown,Hoodie,H/F,"[90.58823529411765, 0.0, 0.0]"
112,https://wasted.fr/cdn/shop/files/funnel-united-915305_2048x2048.jpg?v=1730547782,-,Funnel United,https://wasted.fr/collections/hoodies-sweats-2/products/funnel-united,Hoodie,H/F,"[80.0, 0.0, 0.0]"
113,https://wasted.fr/cdn/shop/files/pull-blade-946108.jpg?v=1737390240,-,Pull Blade,https://wasted.fr/collections/pulls/products/pull-blade,Pull,H/F,"[10.196078431372548, 0.0, 1.0]"
114,https://wasted.fr/cdn/shop/files/pull-drives-346343.jpg?v=1737390233,-,Pull Drives,https://wasted.fr/collections/pulls/products/pull-drives,Pull,H/F,"[9.803921568627452, 0.0, 1.0]"
115,https://wasted.fr/cdn/shop/files/pull-drives-346343.jpg?v=1737390233,-,Pull Drives,https://wasted.fr/collections/pulls/products/pull-drives,Pull,H/F,"[3.5294117647058822, 0.0, 0.0]"
116,https://wasted.fr/cdn/shop/files/pull-cotele-legacy-757948.jpg?v=1737390239,-,Pull Côtelé Legacy,https://wasted.fr/collections/pulls/products/pull-cotele-legacy,Pull,H/F,"[45.09803921568628, 5.0, -8.0]"
117,https://wasted.fr/cdn/shop/files/pull-cotele-legacy-757948.jpg?v=1737390239,-,Pull Côtelé Legacy,https://wasted.fr/collections/pulls/products/pull-cotele-legacy,Pull,H/F,"[24.705882352941178, 5.0, -9.0]"
118,https://wasted.fr/cdn/shop/files/pull-mind-868755.jpg?v=1737390237,-,Pull Mind,https://wasted.fr/collections/pulls/products/pull-mind,Pull,H/F,"[62.745098039215684, 1.0, -16.0]"
119,https://wasted.fr/cdn/shop/files/pull-mind-868755.jpg?v=1737390237,-,Pull Mind,https://wasted.fr/collections/pulls/products/pull-mind,Pull,H/F,"[32.15686274509804, 3.0, -19.0]"
120,https://wasted.fr/cdn/shop/files/pull-alaska-402620.jpg?v=1733422779,-,Pull Alaska,https://wasted.fr/collections/pulls/products/pull-alaska,Pull,H/F,"[7.0588235294117645, 0.0, 0.0]"
121,https://wasted.fr/cdn/shop/files/pull-dow-636132.jpg?v=1733422778,-,Pull Dow,https://wasted.fr/collections/pulls/products/dow-sweater,Pull,H/F,"[6.666666666666667, 6.0, 2.0]"
122,https://wasted.fr/cdn/shop/files/pull-trucker-united-236904.jpg?v=1730547990,-,Pull Trucker United,https://wasted.fr/collections/pulls/products/pull-trucker-united,Pull,H/F,"[4.705882352941177, 0.0, 0.0]"
123,https://wasted.fr/cdn/shop/files/pull-chrome-204545.jpg?v=1730547999,-,Pull Chrome,https://wasted.fr/collections/pulls/products/pull-chrome,Pull,H/F,"[9.019607843137255, 0.0, 0.0]"
124,https://wasted.fr/cdn/shop/files/pull-skylab-633590.jpg?v=1730547992,-,Pull Skylab,https://wasted.fr/collections/pulls/products/pull-skylab,Pull,H/F,"[7.0588235294117645, 0.0, 0.0]"
125,https://wasted.fr/cdn/shop/files/pull-all-over-acid-501925.jpg?v=1730547994,-,Pull All Over Acid,https://wasted.fr/collections/pulls/products/pull-all-over-acid,Pull,H/F,"[9.019607843137255, 0.0, -7.0]"
126,https://wasted.fr/cdn/shop/files/pull-all-over-acid-501925.jpg?v=1730547994,-,Pull All Over Acid,https://wasted.fr/collections/pulls/products/pull-all-over-acid,Pull,H/F,"[32.15686274509804, 11.0, -43.0]"
127,https://wasted.fr/cdn/shop/files/pull-cable-knit-rain-798410.jpg?v=1725536883,-,Pull Cable Knit Rain,https://wasted.fr/collections/pulls/products/pull-cable-knit-rain,Pull,H/F,"[89.01960784313725, 1.0, 3.0]"
128,https://wasted.fr/cdn/shop/files/pull-knuckles-715645.jpg?v=1725536893,-,Pull Knuckles,https://wasted.fr/collections/pulls/products/pull-knuckles-1,Pull,H/F,"[10.588235294117647, 0.0, 0.0]"
129,https://wasted.fr/cdn/shop/files/pull-vault-588838.jpg?v=1725536887,-,Pull Vault,https://wasted.fr/collections/pulls/products/pull-vault,Pull,H/F,"[7.0588235294117645, 0.0, -1.0]"
130,https://wasted.fr/cdn/shop/files/pull-lethal-846042.jpg?v=1725536885,-,Pull Lethal,https://wasted.fr/collections/pulls/products/pull-lethal,Pull,H/F,"[49.411764705882355, 0.0, 0.0]"
131,https://wasted.fr/cdn/shop/files/pull-lethal-846042.jpg?v=1725536885,-,Pull Lethal,https://wasted.fr/collections/pulls/products/pull-lethal,Pull,H/F,"[20.392156862745097, 0.0, 0.0]"
132,https://wasted.fr/cdn/shop/files/pull-kingdom-curve-704454.jpg?v=1725536892,-,Pull Kingdom Curve,https://wasted.fr/collections/pulls/products/pull-kingdom-curve,Pull,H/F,"[83.52941176470588, 0.0, 9.0]"
133,https://wasted.fr/cdn/shop/files/pull-reverse-pitcher-435094.jpg?v=1725536891,-,Pull Reverse Pitcher,https://wasted.fr/collections/pulls/products/pull-reverse-kingdom-copie,Pull,H/F,"[85.09803921568627, 0.0, 0.0]"
134,https://wasted.fr/cdn/shop/products/pull-reverse-kingdom-877325.jpg?v=1706147829,-,Pull Reverse Kingdom,https://wasted.fr/collections/pulls/products/pull-reverse-kingdom-1,Pull,H/F,"[7.450980392156863, 0.0, 2.0]"
135,https://wasted.fr/cdn/shop/files/pull-destroy-never-comes-943847.jpg?v=1712661744,-,Pull Destroy Never Comes,https://wasted.fr/collections/pulls/products/pull-destroy-never-comes,Pull,H/F,"[34.11764705882353, 0.0, 1.0]"
136,https://wasted.fr/cdn/shop/files/pull-snatch-342137.jpg?v=1712661745,-,Pull Snatch,https://wasted.fr/collections/pulls/products/pull-snatch,Pull,H/F,"[90.58823529411765, 0.0, 5.0]"
137,https://wasted.fr/cdn/shop/files/jean-casper-signature-300671.jpg?v=1721324556,-,Jean Casper Signature,https://wasted.fr/collections/pantalons-homme/products/jean-casper-signature,Jean,H ,"[9.019607843137255, 0.0, 0.0]"
138,https://wasted.fr/cdn/shop/files/jean-casper-signature-220781.jpg?v=1721324558,-,Jean Casper Signature,https://wasted.fr/collections/pantalons-homme/products/jean-casper-signature-2,Jean,H ,"[33.72549019607843, -2.0, -19.0]"
139,https://wasted.fr/cdn/shop/files/jean-casper-signature-220781.jpg?v=1721324558,-,Jean Casper Signature,https://wasted.fr/collections/pantalons-homme/products/jean-casper-signature-2,Jean,H ,"[43.13725490196079, -4.0, -17.0]"
140,https://wasted.fr/cdn/shop/files/jean-casper-signature-333800.jpg?v=1721324555,-,Jean Casper Signature,https://wasted.fr/collections/pantalons-homme/products/jean-casper-signature-1,Jean,H ,"[10.588235294117647, 0.0, -8.0]"
141,https://wasted.fr/cdn/shop/files/jean-casper-signature-333800.jpg?v=1721324555,-,Jean Casper Signature,https://wasted.fr/collections/pantalons-homme/products/jean-casper-signature-1,Jean,H ,"[16.07843137254902, 0.0, -7.0]"
142,https://wasted.fr/cdn/shop/files/jean-casper-signature-610785.jpg?v=1737390239,-,Jean Casper Signature,https://wasted.fr/collections/pantalons-homme/products/jean-casper-signature-3,Jean,H ,"[70.19607843137254, 0.0, 0.0]"
143,https://wasted.fr/cdn/shop/files/jean-casper-signature-610785.jpg?v=1737390239,-,Jean Casper Signature,https://wasted.fr/collections/pantalons-homme/products/jean-casper-signature-3,Jean,H ,"[96.07843137254902, 0.0, 0.0]"
144,https://wasted.fr/cdn/shop/files/jean-casper-mind-629928.jpg?v=1737390211,-,Jean Casper Mind,https://wasted.fr/collections/pantalons-homme/products/jean-casper-mind,Jean,H ,"[9.803921568627452, 0.0, 0.0]"
145,https://wasted.fr/cdn/shop/files/jean-casper-mind-629928.jpg?v=1737390211,-,Jean Casper Mind,https://wasted.fr/collections/pantalons-homme/products/jean-casper-mind,Jean,H ,"[39.6078431372549, 0.0, 0.0]"
146,https://wasted.fr/cdn/shop/files/jean-casper-kingdom-curve-destroy-927072.jpg?v=1737390207,-,Jean Casper Kingdom Curve Destroy,https://wasted.fr/collections/pantalons-homme/products/jean-casper-kingdom-curve-destroy,Jean,H ,"[21.568627450980394, 0.0, 0.0]"
147,https://wasted.fr/cdn/shop/files/jean-casper-kingdom-curve-destroy-927072.jpg?v=1737390207,-,Jean Casper Kingdom Curve Destroy,https://wasted.fr/collections/pantalons-homme/products/jean-casper-kingdom-curve-destroy,Jean,H ,"[29.411764705882355, 0.0, 0.0]"
148,https://wasted.fr/cdn/shop/files/jean-casper-rod-signature-617224.jpg?v=1737390214,-,Jean Casper Rod Signature,https://wasted.fr/collections/pantalons-homme/products/jean-casper-rod-signature,Jean,H ,"[39.21568627450981, -3.0, -18.0]"
149,https://wasted.fr/cdn/shop/files/jean-casper-rod-signature-617224.jpg?v=1737390214,-,Jean Casper Rod Signature,https://wasted.fr/collections/pantalons-homme/products/jean-casper-rod-signature,Jean,H ,"[29.411764705882355, -3.0, -19.0]"
150,https://wasted.fr/cdn/shop/files/jean-casper-rod-signature-955359.jpg?v=1737390210,-,Jean Casper Rod Signature,https://wasted.fr/collections/pantalons-homme/products/jean-casper-rod,Jean,H ,"[16.470588235294116, 0.0, 0.0]"
151,https://wasted.fr/cdn/shop/files/jean-casper-varg-864352.jpg?v=1737390236,-,Jean Casper Varg,https://wasted.fr/collections/pantalons-homme/products/jean-casper-varg,Jean,H ,"[23.137254901960784, 0.0, 0.0]"
152,https://wasted.fr/cdn/shop/files/jean-casper-sandblast-586531.jpg?v=1737390217,-,Jean Casper Sandblast,https://wasted.fr/collections/pantalons-homme/products/jean-casper-sandblast,Jean,H ,"[14.117647058823529, 2.0, 4.0]"
153,https://wasted.fr/cdn/shop/files/pantalon-wasteland-camo-532257.jpg?v=1737721821,-,Pantalon Wasteland Camo,https://wasted.fr/collections/pantalons-homme/products/pantalon-wasteland-camo,Pantalon,H ,"[37.64705882352941, -1.0, -2.0]"
154,https://wasted.fr/cdn/shop/files/pantalon-wasteland-camo-532257.jpg?v=1737721821,-,Pantalon Wasteland Camo,https://wasted.fr/collections/pantalons-homme/products/pantalon-wasteland-camo,Pantalon,H ,"[92.15686274509804, 0.0, -1.0]"
155,https://wasted.fr/cdn/shop/files/track-pant-blade-595026.jpg?v=1737390358,-,Track Pant Blade,https://wasted.fr/collections/pantalons-homme/products/track-pant-blade,Pantalon,H ,"[21.176470588235293, 9.0, 0.0]"
156,https://wasted.fr/cdn/shop/files/pantalon-hunter-blade-774665.jpg?v=1737390241,-,Pantalon Hunter Blade,https://wasted.fr/collections/pantalons-homme/products/pantalon-hunter-blade,Pantalon,H ,"[11.76470588235294, 0.0, 0.0]"
157,https://wasted.fr/cdn/shop/files/pantalon-hunter-blade-774665.jpg?v=1737390241,-,Pantalon Hunter Blade,https://wasted.fr/collections/pantalons-homme/products/pantalon-hunter-blade,Pantalon,H ,"[7.0588235294117645, 0.0, 0.0]"
158,https://wasted.fr/cdn/shop/files/pantalon-hunter-yard-tartan-828806.jpg?v=1737390239,-,Pantalon Hunter Yard Tartan,https://wasted.fr/collections/pantalons-homme/products/pantalon-hunter-yard-tartan,Pantalon,H ,"[13.333333333333334, 0.0, 0.0]"
159,https://wasted.fr/cdn/shop/files/pantalon-hunter-yard-tartan-828806.jpg?v=1737390239,-,Pantalon Hunter Yard Tartan,https://wasted.fr/collections/pantalons-homme/products/pantalon-hunter-yard-tartan,Pantalon,H ,"[48.23529411764706, 0.0, 0.0]"
160,https://wasted.fr/cdn/shop/files/pantalon-hunter-yard-tartan-828806.jpg?v=1737390239,-,Pantalon Hunter Yard Tartan,https://wasted.fr/collections/pantalons-homme/products/pantalon-hunter-yard-tartan,Pantalon,H ,"[79.6078431372549, 0.0, 0.0]"
161,https://wasted.fr/cdn/shop/files/JOGG.jpg?v=1737641598,-,Jogging Blade,https://wasted.fr/collections/pantalons-homme/products/jogging-blade,Jogging,H ,"[14.117647058823529, 2.0, -5.0]"
162,https://wasted.fr/cdn/shop/files/jogging-kingdom-curve-485671.jpg?v=1737390235,-,Jogging Kingdom Curve Destroy,https://wasted.fr/collections/pantalons-homme/products/jogging-kingdom-curve,Jogging,H ,"[9.411764705882353, 0.0, 0.0]"
163,https://wasted.fr/cdn/shop/files/jean-casper-dow-786539.jpg?v=1733422751,-,Jean Casper Dow,https://wasted.fr/collections/pantalons-homme/products/jean-casper-dow,Jean,H ,"[18.03921568627451, 0.0, 0.0]"
164,https://wasted.fr/cdn/shop/files/jean-casper-dow-786539.jpg?v=1733422751,-,Jean Casper Dow,https://wasted.fr/collections/pantalons-homme/products/jean-casper-dow,Jean,H ,"[27.84313725490196, 0.0, 0.0]"
165,https://wasted.fr/cdn/shop/files/jean-casper-chrome-215270.jpg?v=1734947788,-,Jean Casper Chrome,https://wasted.fr/collections/pantalons-homme/products/jean-casper-chrome,Jean,H ,"[29.80392156862745, 0.0, 0.0]"
166,https://wasted.fr/cdn/shop/files/jean-casper-chrome-215270.jpg?v=1734947788,-,Jean Casper Chrome,https://wasted.fr/collections/pantalons-homme/products/jean-casper-chrome,Jean,H ,"[16.862745098039216, 0.0, 0.0]"
167,https://wasted.fr/cdn/shop/files/jean-casper-snow-lethal-629675.jpg?v=1721324558,-,Jean Casper Snow Lethal,https://wasted.fr/collections/pantalons-homme/products/jean-casper-blind-copie,Jean,H ,"[50.98039215686274, 0.0, 0.0]"
168,https://wasted.fr/cdn/shop/files/jean-casper-snow-lethal-629675.jpg?v=1721324558,-,Jean Casper Snow Lethal,https://wasted.fr/collections/pantalons-homme/products/jean-casper-blind-copie,Jean,H ,"[16.862745098039216, 0.0, 0.0]"
169,https://wasted.fr/cdn/shop/files/jean-casper-vault-300052.jpg?v=1721324556,-,Jean Casper Vault,https://wasted.fr/collections/pantalons-homme/products/jean-casper-snow-lethal-copie,Jean,H ,"[9.411764705882353, 0.0, 0.0]"
170,https://wasted.fr/cdn/shop/files/jean-casper-kingdom-curve-224205.jpg?v=1721324559,-,Jean Casper Kingdom Curve,https://wasted.fr/collections/pantalons-homme/products/jean-casper-kingdom-curve,Jean,H ,"[19.607843137254903, 0.0, 0.0]"
171,https://wasted.fr/cdn/shop/files/pantalon-casper-acid-corduroy-952014.jpg?v=1721324562,-,Pantalon Casper Acid Corduroy,https://wasted.fr/collections/pantalons-homme/products/pantalon-casper-acid-corduroy-1,Pantalon,H ,"[12.941176470588237, 9.0, 7.0]"
172,https://wasted.fr/cdn/shop/files/pantalon-casper-acid-corduroy-307286.jpg?v=1721324561,-,Pantalon Casper Acid Corduroy,https://wasted.fr/collections/pantalons-homme/products/pantalon-casper-acid-corduroy,Pantalon,H ,"[4.313725490196078, 0.0, 0.0]"
173,https://wasted.fr/cdn/shop/files/pantalon-acid-creager-312702.jpg?v=1725536832,-,Pantalon Acid Creager,https://wasted.fr/collections/pantalons-homme/products/pantalon-acid-creager,Pantalon,H ,"[19.607843137254903, 0.0, 0.0]"
174,https://wasted.fr/cdn/shop/files/jean-casper-snow-signature-369835.jpg?v=1721324560,-,Jean Casper Snow Signature,https://wasted.fr/collections/pantalons-homme/products/jean-casper-snow-signature,Jean,H ,"[59.21568627450981, -4.0, -6.0]"
175,https://wasted.fr/cdn/shop/files/jean-casper-snow-signature-369835.jpg?v=1721324560,-,Jean Casper Snow Signature,https://wasted.fr/collections/pantalons-homme/products/jean-casper-snow-signature,Jean,H ,"[77.64705882352942, -3.0, -3.0]"
176,https://wasted.fr/cdn/shop/files/jean-casper-snow-signature-355371.jpg?v=1721324558,-,Jean Casper Snow Signature,https://wasted.fr/collections/pantalons-homme/products/jean-casper-snow-signature-1,Jean,H ,"[48.23529411764706, 0.0, 0.0]"
177,https://wasted.fr/cdn/shop/files/jean-casper-snow-signature-355371.jpg?v=1721324558,-,Jean Casper Snow Signature,https://wasted.fr/collections/pantalons-homme/products/jean-casper-snow-signature-1,Jean,H ,"[63.52941176470588, 0.0, 0.0]"
178,https://wasted.fr/cdn/shop/products/jean-casper-blind-161854.jpg?v=1706147807,-,Jean Casper Blind,https://wasted.fr/collections/pantalons-homme/products/jean-casper-blind,Jean,H ,"[21.96078431372549, 0.0, 0.0]"
179,https://wasted.fr/cdn/shop/products/jean-casper-snow-feeler-762622.jpg?v=1706147807,-,Jean Casper Snow Feeler,https://wasted.fr/collections/pantalons-homme/products/jean-casper-snow-feeler,Jean,H ,"[83.13725490196079, 0.0, 0.0]"
180,https://wasted.fr/cdn/shop/products/jean-casper-snow-feeler-762622.jpg?v=1706147807,-,Jean Casper Snow Feeler,https://wasted.fr/collections/pantalons-homme/products/jean-casper-snow-feeler,Jean,H ,"[70.58823529411765, 0.0, 0.0]"
181,https://wasted.fr/cdn/shop/products/jean-casper-snow-feeler-285796.jpg?v=1706147807,-,Jean Casper Snow Feeler,https://wasted.fr/collections/pantalons-homme/products/jean-casper-snow-feeler-1,Jean,H ,"[58.03921568627452, -4.0, -10.0]"
182,https://wasted.fr/cdn/shop/products/pantalon-creager-939104.jpg?v=1706147825,-,Pantalon Creager,https://wasted.fr/collections/pantalons-homme/products/pantalon-creager-1,Pantalon,H ,"[35.68627450980392, -2.0, -21.0]"
183,https://wasted.fr/cdn/shop/files/pantalon-jay-allover-blind-701801.jpg?v=1714144220,-,Pantalon Dust,https://wasted.fr/collections/pantalons-homme/products/pantalon-dust,Pantalon,H ,"[11.372549019607844, 0.0, -1.0]"
184,https://wasted.fr/cdn/shop/files/jean-casper-feeler-520139.jpg?v=1712661722,-,Pantalon Hunter Boiler,https://wasted.fr/collections/pantalons-homme/products/pantalon-hunter-boiler,Pantalon,H ,"[80.7843137254902, -3.0, -4.0]"
185,https://wasted.fr/cdn/shop/files/windbreaker-blade-262087.jpg?v=1737390421,-,Windbreaker Blade,https://wasted.fr/collections/vestes-2/products/windbreaker-blade,Veste,H/F,"[10.588235294117647, 0.0, 0.0]"
186,https://wasted.fr/cdn/shop/files/windbreaker-yard-tartan-945472.jpg?v=1737390429,-,Windbreaker Yard Tartan,https://wasted.fr/collections/vestes-2/products/windbreaker-yard-tartan,Veste,H/F,"[10.980392156862745, 0.0, 0.0]"
187,https://wasted.fr/cdn/shop/files/windbreaker-yard-tartan-945472.jpg?v=1737390429,-,Windbreaker Yard Tartan,https://wasted.fr/collections/vestes-2/products/windbreaker-yard-tartan,Veste,H/F,"[41.568627450980394, 0.0, 0.0]"
188,https://wasted.fr/cdn/shop/files/track-jacket-blade-741001.jpg?v=1737390357,-,Track Jacket Blade,https://wasted.fr/collections/vestes-2/products/track-jacket-blade,Veste,H/F,"[23.92156862745098, 9.0, 0.0]"
189,https://wasted.fr/cdn/shop/files/varsity-jacket-kingdom-curve-904990.jpg?v=1737390360,-,Varsity Jacket Kingdom Curve,https://wasted.fr/collections/vestes-2/products/varsity-jacket-kingdom-curve,Veste,H/F,"[12.941176470588237, 0.0, 0.0]"
190,https://wasted.fr/cdn/shop/files/varsity-jacket-prey-146124.jpg?v=1737390426,-,Varsity Jacket Prey,https://wasted.fr/collections/vestes-2/products/varsity-jacket-prey-1,Veste,H/F,"[90.58823529411765, -1.0, 3.0]"
191,https://wasted.fr/cdn/shop/files/varsity-jacket-prey-742723.jpg?v=1737390429,-,Varsity Jacket Prey,https://wasted.fr/collections/vestes-2/products/varsity-jacket-prey,Veste,H/F,"[63.921568627450974, -5.0, -17.0]"
192,https://wasted.fr/cdn/shop/files/varsity-jacket-legacy-734279.jpg?v=1733422900,-,Varsity Jacket Legacy,https://wasted.fr/collections/vestes-2/products/varsity-jacket-boiler-reset-copie,Veste,H/F,"[5.88235294117647, 0.0, 0.0]"
193,https://wasted.fr/cdn/shop/files/puffer-hood-kingdom-870612.jpg?v=1730548001,-,Puffer Hood Kingdom,https://wasted.fr/collections/vestes-2/products/puffer-hood-kingdom,Doudoune,H/F,"[6.2745098039215685, 0.0, 0.0]"
194,https://wasted.fr/cdn/shop/files/puffer-hood-kingdom-870612.jpg?v=1730548001,-,Puffer Hood Kingdom,https://wasted.fr/collections/vestes-2/products/puffer-hood-kingdom,Doudoune,H/F,"[15.686274509803921, 0.0, 0.0]"
195,https://wasted.fr/cdn/shop/files/puffer-lethal-648619.jpg?v=1730547996,-,Puffer Lethal,https://wasted.fr/collections/vestes-2/products/puffer-lethal,Doudoune,H/F,"[12.941176470588237, 0.0, 0.0]"
196,https://wasted.fr/cdn/shop/files/puffer-united-174358.jpg?v=1730547993,-,Puffer United,https://wasted.fr/collections/vestes-2/products/puffer-united-1,Doudoune,H/F,"[35.68627450980392, -7.0, 6.0]"
197,https://wasted.fr/cdn/shop/files/puffer-united-174358.jpg?v=1730547993,-,Puffer United,https://wasted.fr/collections/vestes-2/products/puffer-united-1,Doudoune,H/F,"[46.666666666666664, -7.0, 6.0]"
198,https://wasted.fr/cdn/shop/files/puffer-united-701110.jpg?v=1730547991,-,Puffer United,https://wasted.fr/collections/vestes-2/products/puffer-united-2,Doudoune,H/F,"[49.01960784313725, -12.0, -24.0]"
199,https://wasted.fr/cdn/shop/files/puffer-united-701110.jpg?v=1730547991,-,Puffer United,https://wasted.fr/collections/vestes-2/products/puffer-united-2,Doudoune,H/F,"[34.11764705882353, -9.0, -24.0]"
200,https://wasted.fr/cdn/shop/files/puffer-united-103207.jpg?v=1730547990,-,Puffer United,https://wasted.fr/collections/vestes-2/products/puffer-united,Doudoune,H/F,"[18.43137254901961, 0.0, 0.0]"
201,https://wasted.fr/cdn/shop/files/puffer-united-103207.jpg?v=1730547990,-,Puffer United,https://wasted.fr/collections/vestes-2/products/puffer-united,Doudoune,H/F,"[7.0588235294117645, 0.0, 0.0]"
202,https://wasted.fr/cdn/shop/files/puffer-pulse-355335.jpg?v=1725536908,-,Puffer Pulse,https://wasted.fr/collections/vestes-2/products/puffer-pulse,Doudoune,H/F,"[80.7843137254902, 0.0, 1.0]"
203,https://wasted.fr/cdn/shop/files/puffer-kingdom-curve-471848.jpg?v=1725536894,-,Puffer Kingdom Curve,https://wasted.fr/collections/vestes-2/products/puffer-kingdom-curve,Doudoune,H/F,"[7.0588235294117645, 0.0, 0.0]"
204,https://wasted.fr/cdn/shop/files/puffer-kingdom-curve-471848.jpg?v=1725536894,-,Puffer Kingdom Curve,https://wasted.fr/collections/vestes-2/products/puffer-kingdom-curve,Doudoune,H/F,"[17.647058823529413, 0.0, 0.0]"
205,https://wasted.fr/cdn/shop/files/t-shirt-crop-blade-125736.jpg?v=1737390309,-,T-Shirt Crop Blade,https://wasted.fr/collections/femme/products/t-shirt-crop-blade,T-shirt,F,"[14.901960784313726, 0.0, 0.0]"
206,https://wasted.fr/cdn/shop/files/tank-top-united-688509.jpg?v=1721324845,-,Tank Top United,https://wasted.fr/collections/femme/products/tank-top-united,T-shirt,F,"[5.88235294117647, 0.0, 0.0]"
207,https://wasted.fr/cdn/shop/files/tank-top-united-548539.jpg?v=1721324841,-,Tank Top United,https://wasted.fr/collections/femme/products/tank-top-united-1,T-shirt,F,"[89.41176470588236, 0.0, 0.0]"
208,https://wasted.fr/cdn/shop/files/t-shirt-ringer-negative-220800.jpg?v=1712661888,-,T-shirt Ringer Negative,https://wasted.fr/collections/femme/products/t-shirt-ringer,T-shirt,F,"[92.94117647058823, 0.0, 0.0]"
209,https://wasted.fr/cdn/shop/files/t-shirt-ringer-negative-587634.jpg?v=1712661887,-,T-shirt Ringer Negative,https://wasted.fr/collections/femme/products/t-shirt-ringer-negative,T-shirt,F,"[78.82352941176471, 10.0, 81.0]"
210,https://wasted.fr/cdn/shop/products/tank-top-boiler-461567.jpg?v=1706147922,-,Tank Top Boiler,https://wasted.fr/collections/femme/products/tank-top-reverse-boiler-1,T-shirt,F,"[93.33333333333333, 0.0, 0.0]"
211,https://wasted.fr/cdn/shop/products/jupe-hammer-505483.jpg?v=1690928444,-,Jupe Hammer,https://wasted.fr/collections/femme/products/jupe-hammer,Jupe,F,"[56.86274509803921, 1.0, 0.0]"
212,https://wasted.fr/cdn/shop/products/jupe-hammer-505483.jpg?v=1690928444,-,Jupe Hammer,https://wasted.fr/collections/femme/products/jupe-hammer,Jupe,F,"[76.47058823529412, 1.0, 0.0]"
213,https://wasted.fr/cdn/shop/products/tank-top-london-711915.jpg?v=1690575912,-,Tank Top London,https://wasted.fr/collections/femme/products/tank-top-london,T-shirt,F,"[94.50980392156862, 0.0, 0.0]"
214,https://wasted.fr/cdn/shop/products/tank-top-london-711915.jpg?v=1690575912,-,Tank Top London,https://wasted.fr/collections/femme/products/tank-top-london,T-shirt,F,"[91.37254901960785, 0.0, 2.0]"
215,https://wasted.fr/cdn/shop/products/pull-web-544745.jpg?v=1680826639,-,Pull Web,https://wasted.fr/collections/femme/products/pull-web,Pull,F,"[3.9215686274509802, 0.0, 0.0]"
216,https://wasted.fr/cdn/shop/products/pull-web-544745.jpg?v=1680826639,-,Pull Web,https://wasted.fr/collections/femme/products/pull-web,Pull,F,"[11.76470588235294, 0.0, 0.0]"
217,https://wasted.fr/cdn/shop/products/pantalon-femme-casper-exit-bleach-572280.jpg?v=1663945328,-,Pantalon Femme Casper Exit Bleach,https://wasted.fr/collections/femme/products/pantalon-femme-bleach-casper,Pantalon,F,"[16.862745098039216, 1.0, 0.0]"
218,https://wasted.fr/cdn/shop/files/brow-beanie-reverse-prey-809917.jpg?v=1737638763,-,Brow Beanie Reverse Prey,https://wasted.fr/collections/headwear/products/brow-beanie-reverse-prey,Bonnet,H/F,"[13.725490196078432, -1.0, 2.0]"
219,https://wasted.fr/cdn/shop/files/casquette-kingdom-curve-destroy-852617.jpg?v=1737390063,-,Casquette Kingdom Curve Destroy,https://wasted.fr/collections/headwear/products/casquette-kingdom-curve-destroy,Casquette,H/F,"[51.37254901960784, 0.0, 2.0]"
220,https://wasted.fr/cdn/shop/files/casquette-kingdom-curve-destroy-852617.jpg?v=1737390063,-,Casquette Kingdom Curve Destroy,https://wasted.fr/collections/headwear/products/casquette-kingdom-curve-destroy,Casquette,H/F,"[30.19607843137255, 0.0, 2.0]"
221,https://wasted.fr/cdn/shop/files/casquette-blade-441367.jpg?v=1737638764,-,Casquette Blade,https://wasted.fr/collections/headwear/products/casquette-arena-1,Casquette,H/F,"[35.294117647058826, 1.0, -4.0]"
222,https://wasted.fr/cdn/shop/files/casquette-blade-441367.jpg?v=1737638764,-,Casquette Blade,https://wasted.fr/collections/headwear/products/casquette-arena-1,Casquette,H/F,"[93.33333333333333, 0.0, 0.0]"
223,https://wasted.fr/cdn/shop/files/casquette-trucker-prey-252635.jpg?v=1737638765,-,Casquette Trucker Prey,https://wasted.fr/collections/headwear/products/casquette-trucker-prey,Casquette,H/F,"[14.901960784313726, 0.0, 2.0]"
224,https://wasted.fr/cdn/shop/files/casquette-trucker-prey-252635.jpg?v=1737638765,-,Casquette Trucker Prey,https://wasted.fr/collections/headwear/products/casquette-trucker-prey,Casquette,H/F,"[94.50980392156862, 0.0, 0.0]"
225,https://wasted.fr/cdn/shop/files/casquette-yard-396299.jpg?v=1737390059,-,Casquette Yard,https://wasted.fr/collections/headwear/products/casquette-yard,Casquette,H/F,"[9.803921568627452, 2.0, 2.0]"
226,https://wasted.fr/cdn/shop/files/casquette-united-720631.jpg?v=1730547748,-,Casquette United,https://wasted.fr/collections/headwear/products/casquette-united,Casquette,H/F,"[10.588235294117647, 0.0, 2.0]"
227,https://wasted.fr/cdn/shop/files/casquette-chrome-119125.jpg?v=1730638533,-,Casquette Chrome,https://wasted.fr/collections/headwear/products/casquette-chrome,Casquette,H/F,"[14.117647058823529, 2.0, 5.0]"
228,https://wasted.fr/cdn/shop/files/casquette-chrome-119125.jpg?v=1730638533,-,Casquette Chrome,https://wasted.fr/collections/headwear/products/casquette-chrome,Casquette,H/F,"[31.372549019607842, 3.0, 9.0]"
229,https://wasted.fr/cdn/shop/files/brow-beanie-skylab-519514.jpg?v=1730547746,-,Brow Beanie Skylab,https://wasted.fr/collections/headwear/products/brow-beanie-skylab,Bonnet,H/F,"[5.88235294117647, 0.0, 0.0]"
230,https://wasted.fr/cdn/shop/files/balaclava-chrome-317286.jpg?v=1730547740,-,Balaclava Chrome,https://wasted.fr/collections/headwear/products/balaclava-chrome,Bonnet,H,"[7.0588235294117645, 0.0, 0.0]"
231,https://wasted.fr/cdn/shop/files/brow-beanie-reverse-pulse-865712.jpg?v=1725536734,-,Brow Beanie Reverse Pulse,https://wasted.fr/collections/headwear/products/brow-beanie-united,Bonnet,H/F,"[25.098039215686274, 18.0, -47.0]"
232,https://wasted.fr/cdn/shop/files/brow-beanie-reverse-pulse-865712.jpg?v=1725536734,-,Brow Beanie Reverse Pulse,https://wasted.fr/collections/headwear/products/brow-beanie-united,Bonnet,H/F,"[32.94117647058823, 12.0, -45.0]"
233,https://wasted.fr/cdn/shop/files/brow-beanie-reverse-united-954525.jpg?v=1725536738,-,Brow Beanie Reverse United,https://wasted.fr/collections/headwear/products/brow-beanie-reverse-united,Bonnet,H/F,"[4.705882352941177, 0.0, 0.0]"
234,https://wasted.fr/cdn/shop/files/casquette-trucker-boiler-reset-283131.jpg?v=1721585726,-,Casquette Trucker Boiler Reset,https://wasted.fr/collections/headwear/products/casquette-trucker-boiler-reset,Casquette,H/F,"[8.235294117647058, 0.0, 0.0]"
235,https://wasted.fr/cdn/shop/files/casquette-trucker-boiler-reset-283131.jpg?v=1721585726,-,Casquette Trucker Boiler Reset,https://wasted.fr/collections/headwear/products/casquette-trucker-boiler-reset,Casquette,H/F,"[28.627450980392155, 0.0, 0.0]"
236,https://wasted.fr/cdn/shop/files/casquette-acid-896153.jpg?v=1721324267,-,Casquette Acid,https://wasted.fr/collections/headwear/products/casquette-acid,Casquette,H/F,"[3.9215686274509802, 0.0, 0.0]"
237,https://wasted.fr/cdn/shop/files/casquette-acid-896153.jpg?v=1721324267,-,Casquette Acid,https://wasted.fr/collections/headwear/products/casquette-acid,Casquette,H/F,"[93.33333333333333, 0.0, -1.0]"
238,https://wasted.fr/cdn/shop/files/safari-hat-boiler-705743.jpg?v=1714144216,-,Safari Hat Boiler,https://wasted.fr/collections/headwear/products/safari-hat-boiler,Chapeau,H/F,"[7.450980392156863, 0.0, 0.0]"
239,https://wasted.fr/cdn/shop/products/safari-hat-swear-722342.jpg?v=1706147823,-,Safari Hat Swear,https://wasted.fr/collections/headwear/products/safari-hat,Chapeau,H/F,"[13.333333333333334, 0.0, 0.0]"
240,https://wasted.fr/cdn/shop/products/safari-hat-swear-722342.jpg?v=1706147823,-,Safari Hat Swear,https://wasted.fr/collections/headwear/products/safari-hat,Chapeau,H/F,"[92.94117647058823, 0.0, 0.0]"
241,https://wasted.fr/cdn/shop/products/casquette-trucker-boiler-136780.jpg?v=1706147572,-,Casquette Trucker Boiler,https://wasted.fr/collections/headwear/products/casquette-trucker-boiler,Casquette,H/F,"[93.33333333333333, 0.0, 0.0]"
242,https://wasted.fr/cdn/shop/products/casquette-oshyn-feeler-215908.jpg?v=1710306386,-,Casquette Oshyn Feeler,https://wasted.fr/collections/headwear/products/casquette-oshyn-feeler-1,Casquette,H/F,"[43.13725490196079, -1.0, 7.0]"
243,https://wasted.fr/cdn/shop/products/casquette-oshyn-feeler-215908.jpg?v=1710306386,-,Casquette Oshyn Feeler,https://wasted.fr/collections/headwear/products/casquette-oshyn-feeler-1,Casquette,H/F,"[19.607843137254903, 0.0, 5.0]"
244,https://wasted.fr/cdn/shop/products/casquette-6p-swear-122278.jpg?v=1710306399,-,Casquette 6P Swear,https://wasted.fr/collections/headwear/products/casquette-6p-swear,Casquette,H/F,"[12.156862745098039, 0.0, 0.0]"
245,https://wasted.fr/cdn/shop/products/bonnet-peruvien-deamon-626034.jpg?v=1701628171,-,Bonnet Péruvien Deamon,https://wasted.fr/collections/headwear/products/bonnet-peruvien,Bonnet,H/F,"[6.666666666666667, 0.0, 0.0]"
246,https://wasted.fr/cdn/shop/products/bonnet-peruvien-deamon-626034.jpg?v=1701628171,-,Bonnet Péruvien Deamon,https://wasted.fr/collections/headwear/products/bonnet-peruvien,Bonnet,H/F,"[90.98039215686275, 0.0, 0.0]"
247,https://wasted.fr/cdn/shop/products/safari-hat-hyde-250523.jpg?v=1680826639,-,Safari Hat Hyde,https://wasted.fr/collections/headwear/products/safari-hat-hyde,Chapeau,H/F,"[15.294117647058824, 0.0, 0.0]"
248,https://wasted.fr/cdn/shop/products/safari-hat-hyde-250523.jpg?v=1680826639,-,Safari Hat Hyde,https://wasted.fr/collections/headwear/products/safari-hat-hyde,Chapeau,H/F,"[90.98039215686275, 0.0, 0.0]"
249,https://ntmb.it/cdn/shop/products/toppom-jeans-490324.jpg?v=1710761747&width=3000,-,Toppom Jeans,https://ntmb.it/collections/jeans/products/toppom-jeans,Jean,H,"[12.549019607843137, 3.0, -8.0]"
250,https://ntmb.it/cdn/shop/products/toppom-jeans-490324.jpg?v=1710761747&width=3000,-,Toppom Jeans,https://ntmb.it/collections/jeans/products/toppom-jeans,Jean,H,"[28.235294117647058, 3.0, -11.0]"
251,https://ntmb.it/cdn/shop/products/jeans-reworked-triple-jeans-ultra-wide-leg-527240.jpg?v=1694470280&width=3000,-,Jeans reworked TRIPLE JEANS Ultra Wide Leg,https://ntmb.it/collections/jeans/products/jeans-reworked-triple-jeans-ultra-wide-leg,Jean,H,"[75.68627450980392, 0.0, -6.0]"
252,https://ntmb.it/cdn/shop/products/jeans-reworked-triple-jeans-ultra-wide-leg-527240.jpg?v=1694470280&width=3000,-,Jeans reworked TRIPLE JEANS Ultra Wide Leg,https://ntmb.it/collections/jeans/products/jeans-reworked-triple-jeans-ultra-wide-leg,Jean,H,"[90.19607843137256, 0.0, -3.0]"
253,https://ntmb.it/cdn/shop/products/puffy-carpenter-jeans-413529.jpg?v=1710505756&width=3000,-,Puffy Carpenter Jeans,https://ntmb.it/collections/jeans/products/puffy-carpenter-jeans,Jean,H,"[58.82352941176471, 0.0, -20.0]"
254,https://ntmb.it/cdn/shop/products/puffy-carpenter-jeans-413529.jpg?v=1710505756&width=3000,-,Puffy Carpenter Jeans,https://ntmb.it/collections/jeans/products/puffy-carpenter-jeans,Jean,H,"[79.2156862745098, 0.0, -12.0]"
255,https://ntmb.it/cdn/shop/products/puffy-carpenter-jeans-413529.jpg?v=1710505756&width=3000,-,Puffy Carpenter Jeans,https://ntmb.it/collections/jeans/products/puffy-carpenter-jeans,Jean,H,"[31.76470588235294, 4.0, -20.0]"
256,https://ntmb.it/cdn/shop/products/jeans-reworked-bermuda-triple-jeans-722445.jpg?v=1699498760&width=3000,-,Jeans reworked Bermuda TRIPLE JEANS,https://ntmb.it/collections/jeans/products/jeans-reworked-bermuda-triple-jeans,Jean,H,"[18.43137254901961, -1.0, -6.0]"
257,https://ntmb.it/cdn/shop/products/jeans-reworked-bermuda-triple-jeans-722445.jpg?v=1699498760&width=3000,-,Jeans reworked Bermuda TRIPLE JEANS,https://ntmb.it/collections/jeans/products/jeans-reworked-bermuda-triple-jeans,Jean,H,"[39.6078431372549, -1.0, -6.0]"
258,https://ntmb.it/cdn/shop/products/jeans-reworked-triple-jeans-black-545665.jpg?v=1710971656&width=3000,-,Jeans Reworked Triple Jeans Black,https://ntmb.it/collections/jeans/products/jeans-reworked-triple-jeans-black-ultra-wide-leg,Jean,H,"[10.588235294117647, 0.0, 0.0]"
259,https://ntmb.it/cdn/shop/products/jeans-reworked-triple-jeans-black-545665.jpg?v=1710971656&width=3000,-,Jeans Reworked Triple Jeans Black,https://ntmb.it/collections/jeans/products/jeans-reworked-triple-jeans-black-ultra-wide-leg,Jean,H,"[29.01960784313726, 1.0, 0.0]"
260,https://ntmb.it/cdn/shop/products/bermuda-patchwork-flames-blue-151653.jpg?v=1710761764&width=3000,-,Bermuda Patchwork Flames Blue,https://ntmb.it/collections/jeans/products/bermuda-patchwork-flames-blue,Short,H,"[81.96078431372548, -2.0, -13.0]"
261,https://ntmb.it/cdn/shop/products/bermuda-patchwork-flames-blue-151653.jpg?v=1710761764&width=3000,-,Bermuda Patchwork Flames Blue,https://ntmb.it/collections/jeans/products/bermuda-patchwork-flames-blue,Short,H,"[54.90196078431373, 5.0, -7.0]"
262,https://ntmb.it/cdn/shop/products/jeans-baggy-reworked-blue-311475.jpg?v=1694471080&width=3000,-,Jeans Baggy reworked,https://ntmb.it/collections/jeans/products/jeans-baggy-reworked-blue,Jean,H,"[61.96078431372549, -5.0, -15.0]"
263,https://ntmb.it/cdn/shop/products/jeans-baggy-reworked-blue-311475.jpg?v=1694471080&width=3000,-,Jeans Baggy reworked,https://ntmb.it/collections/jeans/products/jeans-baggy-reworked-blue,Jean,H,"[85.88235294117646, -3.0, -7.0]"
264,https://ntmb.it/cdn/shop/products/jeans-baggy-reworked-blue-311475.jpg?v=1694471080&width=3000,-,Jeans Baggy reworked,https://ntmb.it/collections/jeans/products/jeans-baggy-reworked-blue,Jean,H,"[37.254901960784316, -4.0, -19.0]"
265,https://ntmb.it/cdn/shop/products/bermuda-cargo-camouflage-patchwork-937052.jpg?v=1710505641&width=3000,-,Bermuda Cargo Camouflage Patchwork,https://ntmb.it/collections/jeans/products/bermuda-camouflage-patchwork,Short,H,"[25.098039215686274, 1.0, 1.0]"
266,https://ntmb.it/cdn/shop/products/bermuda-cargo-camouflage-patchwork-937052.jpg?v=1710505641&width=3000,-,Bermuda Cargo Camouflage Patchwork,https://ntmb.it/collections/jeans/products/bermuda-camouflage-patchwork,Short,H,"[49.01960784313725, 6.0, 7.0]"
267,https://ntmb.it/cdn/shop/products/triple-jeans-reworked-white-170667.jpg?v=1710506131&width=3000,-,Triple Jeans  Reworked  White,https://ntmb.it/collections/jeans/products/jeans-reworked-triple-jeans-white,Jean,H,"[93.72549019607843, 1.0, -6.0]"
268,https://ntmb.it/cdn/shop/products/bermuda-patchwork-black-919309.jpg?v=1710505436&width=3000,-,Bermuda Patchwork Black,https://ntmb.it/collections/jeans/products/bermuda-patchwork-black,Short,H,"[16.07843137254902, 3.0, -4.0]"
269,https://ntmb.it/cdn/shop/products/bermuda-patchwork-black-919309.jpg?v=1710505436&width=3000,-,Bermuda Patchwork Black,https://ntmb.it/collections/jeans/products/bermuda-patchwork-black,Short,H,"[96.86274509803921, 1.0, -2.0]"
270,https://ntmb.it/cdn/shop/products/bermuda-yeti-pink-134536.jpg?v=1710505823&width=3000,-,Bermuda Yeti Pink,https://ntmb.it/collections/jeans/products/bermuda-yeti-pink,Short,H,"[63.52941176470588, 53.0, -11.0]"
271,https://ntmb.it/cdn/shop/products/bermuda-yeti-pink-134536.jpg?v=1710505823&width=3000,-,Bermuda Yeti Pink,https://ntmb.it/collections/jeans/products/bermuda-yeti-pink,Short,H,"[45.490196078431374, 47.0, 2.0]"
272,https://ntmb.it/cdn/shop/products/bermuda-jeans-upcycling-898425.jpg?v=1694470514&width=3000,-,Bermuda Jeans  Upcycling,https://ntmb.it/collections/jeans/products/shorts-jeans-upcycling,Short,H,"[88.62745098039215, 1.0, -7.0]"
273,https://ntmb.it/cdn/shop/products/bermuda-jeans-upcycling-898425.jpg?v=1694470514&width=3000,-,Bermuda Jeans  Upcycling,https://ntmb.it/collections/jeans/products/shorts-jeans-upcycling,Short,H,"[72.54901960784314, -1.0, -14.0]"
274,https://ntmb.it/cdn/shop/products/jorts-puffy-stars-725389.jpg?v=1710505377&width=3000,-,Jorts Puffy Stars,https://ntmb.it/collections/jeans/products/jorts-puffy-stars,Short,H,"[61.96078431372549, 0.0, -19.0]"
275,https://ntmb.it/cdn/shop/products/jorts-puffy-stars-725389.jpg?v=1710505377&width=3000,-,Jorts Puffy Stars,https://ntmb.it/collections/jeans/products/jorts-puffy-stars,Short,H,"[85.49019607843137, 0.0, -11.0]"
276,https://ntmb.it/cdn/shop/products/jorts-puffy-stars-725389.jpg?v=1710505377&width=3000,-,Jorts Puffy Stars,https://ntmb.it/collections/jeans/products/jorts-puffy-stars,Short,H,"[23.137254901960784, 3.0, -3.0]"
277,https://ntmb.it/cdn/shop/products/jorts-pleated-blue-844455.jpg?v=1710505547&width=3000,-,Jorts Pleated Blue,https://ntmb.it/collections/jeans/products/jorts-pleated-blue,Short,H,"[90.58823529411765, 1.0, -9.0]"
278,https://ntmb.it/cdn/shop/products/jeans-straight-reworked-fragment-871947.jpg?v=1710332593&width=3000,-,Jeans Straight Reworked Fragment,https://ntmb.it/collections/jeans/products/jeans-straight-reworked-fragment,Jean,H,"[89.41176470588236, -1.0, -9.0]"
279,https://ntmb.it/cdn/shop/products/jeans-straight-reworked-fragment-871947.jpg?v=1710332593&width=3000,-,Jeans Straight Reworked Fragment,https://ntmb.it/collections/jeans/products/jeans-straight-reworked-fragment,Jean,H,"[69.01960784313725, 1.0, -14.0]"
280,https://ntmb.it/cdn/shop/products/jeans-straight-flare-fire-black-blue-236346.jpg?v=1694470572&width=3000,-,Jeans Straight Flare FIRE black & blue,https://ntmb.it/collections/jeans/products/jeans-straight-flare-fire-black-blue,Jean,H,"[18.43137254901961, 3.0, -3.0]"
281,https://ntmb.it/cdn/shop/products/jeans-straight-flare-fire-black-blue-236346.jpg?v=1694470572&width=3000,-,Jeans Straight Flare FIRE black & blue,https://ntmb.it/collections/jeans/products/jeans-straight-flare-fire-black-blue,Jean,H,"[69.41176470588235, -4.0, -16.0]"
282,https://ntmb.it/cdn/shop/products/jeans-straight-flare-fire-black-blue-236346.jpg?v=1694470572&width=3000,-,Jeans Straight Flare FIRE black & blue,https://ntmb.it/collections/jeans/products/jeans-straight-flare-fire-black-blue,Jean,H,"[87.45098039215686, -2.0, -9.0]"
283,https://ntmb.it/cdn/shop/products/jeans-straight-flare-reworked-vintage-paneled-black-162625.jpg?v=1694470011&width=3000,-,Jeans Straight Flare Reworked Vintage Paneled Black,https://ntmb.it/collections/jeans/products/reworked-vintage-lee-31-it45,Jean,H,"[15.686274509803921, 1.0, -8.0]"
284,https://ntmb.it/cdn/shop/products/jeans-straight-flare-reworked-vintage-paneled-black-162625.jpg?v=1694470011&width=3000,-,Jeans Straight Flare Reworked Vintage Paneled Black,https://ntmb.it/collections/jeans/products/reworked-vintage-lee-31-it45,Jean,H,"[34.11764705882353, 2.0, -5.0]"
285,https://ntmb.it/cdn/shop/products/jorts-jeans-curve-655565.jpg?v=1710332876&width=3000,-,Jorts Jeans Curve,https://ntmb.it/collections/jeans/products/jorts-jeans-curve-black,Short,H,"[13.333333333333334, 3.0, -4.0]"
286,https://ntmb.it/cdn/shop/products/bermuda-jeans-upcycling-black-535362.jpg?v=1694470262&width=3000,-,Bermuda Jeans  Upcycling,https://ntmb.it/collections/jeans/products/bermuda-jeans-upcycling-black,Short,H,"[11.76470588235294, 0.0, 0.0]"
287,https://ntmb.it/cdn/shop/products/bermuda-jeans-upcycling-black-535362.jpg?v=1694470262&width=3000,-,Bermuda Jeans  Upcycling,https://ntmb.it/collections/jeans/products/bermuda-jeans-upcycling-black,Short,H,"[27.058823529411764, 0.0, 0.0]"
288,https://ntmb.it/cdn/shop/products/jeans-straight-flare-reworked-vintage-paneled-blue-432832.jpg?v=1694470927&width=3000,-,Jeans Straight Flare Reworked Vintage Paneled Blue,https://ntmb.it/collections/jeans/products/jeans-straight-flare-reworked-vintage-paneled-blue,Jean,H,"[63.13725490196078, -8.0, -16.0]"
289,https://ntmb.it/cdn/shop/products/jeans-straight-flare-reworked-vintage-paneled-blue-432832.jpg?v=1694470927&width=3000,-,Jeans Straight Flare Reworked Vintage Paneled Blue,https://ntmb.it/collections/jeans/products/jeans-straight-flare-reworked-vintage-paneled-blue,Jean,H,"[83.52941176470588, -5.0, -10.0]"
290,https://ntmb.it/cdn/shop/products/jeans-reworked-no-fear-embroidery-395465.jpg?v=1694469846&width=3000,-,Jeans Reworked NO FEAR embroidery,https://ntmb.it/collections/jeans/products/denim-jeans-no-fear-embroidery,Jean,H,"[11.372549019607844, 3.0, -4.0]"
291,https://ntmb.it/cdn/shop/products/jeans-flared-skirt-318424.jpg?v=1694470312&width=3000,-,Jeans Flared skirt,https://ntmb.it/collections/jeans/products/jeans-flared-skirt,Jean,H,"[74.50980392156863, -5.0, -9.0]"
292,https://ntmb.it/cdn/shop/products/jeans-flared-skirt-318424.jpg?v=1694470312&width=3000,-,Jeans Flared skirt,https://ntmb.it/collections/jeans/products/jeans-flared-skirt,Jean,H,"[92.54901960784314, -2.0, -2.0]"
293,https://ntmb.it/cdn/shop/products/jeans-reversed-799407.jpg?v=1710332793&width=3000,-,Jeans Reversed,https://ntmb.it/collections/jeans/products/jeans-reversed,Jean,H,"[76.86274509803923, 0.0, -14.0]"
294,https://ntmb.it/cdn/shop/products/jeans-reversed-799407.jpg?v=1710332793&width=3000,-,Jeans Reversed,https://ntmb.it/collections/jeans/products/jeans-reversed,Jean,H,"[93.33333333333333, 0.0, -6.0]"
295,https://ntmb.it/cdn/shop/products/jeans-camouflage-cargo-flames-202656.jpg?v=1710332599&width=3000,-,Jeans Camouflage Cargo Flames,https://ntmb.it/collections/jeans/products/jeans-camouflage-cargo-flames,Jean,H,"[63.52941176470588, -1.0, 2.0]"
296,https://ntmb.it/cdn/shop/products/jeans-camouflage-cargo-flames-202656.jpg?v=1710332599&width=3000,-,Jeans Camouflage Cargo Flames,https://ntmb.it/collections/jeans/products/jeans-camouflage-cargo-flames,Jean,H,"[93.72549019607843, 0.0, -2.0]"
297,https://ntmb.it/cdn/shop/products/jeans-camouflage-cargo-flames-202656.jpg?v=1710332599&width=3000,-,Jeans Camouflage Cargo Flames,https://ntmb.it/collections/jeans/products/jeans-camouflage-cargo-flames,Jean,H,"[32.15686274509804, 0.0, 0.0]"
298,https://ntmb.it/cdn/shop/products/jeans-reworked-triple-jeans-camouflage-cargo-900290.jpg?v=1694471140&width=3000,-,Jeans reworked TRIPLE Camouflage Cargo,https://ntmb.it/collections/jeans/products/jeans-reworked-triple-jeans-camouflage-cargo-1,Jean,H,"[33.33333333333333, -2.0, 12.0]"
299,https://ntmb.it/cdn/shop/products/jeans-reworked-triple-jeans-camouflage-cargo-900290.jpg?v=1694471140&width=3000,-,Jeans reworked TRIPLE Camouflage Cargo,https://ntmb.it/collections/jeans/products/jeans-reworked-triple-jeans-camouflage-cargo-1,Jean,H,"[56.470588235294116, 3.0, 21.0]"
300,https://ntmb.it/cdn/shop/products/tracksuit-deconstructed-cream-950144.jpg?v=1694471076&width=3000,-,Tracksuit Deconstructed,https://ntmb.it/collections/jeans/products/tracksuit-deconstructed-cream,Pantalon,H,"[83.92156862745098, 2.0, 14.0]"
301,https://ntmb.it/cdn/shop/products/tracksuit-deconstructed-cream-950144.jpg?v=1694471076&width=3000,-,Tracksuit Deconstructed,https://ntmb.it/collections/jeans/products/tracksuit-deconstructed-cream,Pantalon,H,"[39.21568627450981, 19.0, 34.0]"
302,https://ntmb.it/cdn/shop/products/jeans-encrustration-black-558271.jpg?v=1710332813&width=3000,-,Jeans Encrustration Black,https://ntmb.it/collections/jeans/products/jeans-encrustration-black,Jean,H,"[14.901960784313726, 2.0, -4.0]"
303,https://ntmb.it/cdn/shop/products/jeans-encrustration-black-558271.jpg?v=1710332813&width=3000,-,Jeans Encrustration Black,https://ntmb.it/collections/jeans/products/jeans-encrustration-black,Jean,H,"[96.86274509803921, 1.0, -2.0]"
304,https://ntmb.it/cdn/shop/products/jeans-straight-ultra-wide-leg-pink-222267.jpg?v=1694470385&width=3000,-,Jeans Straight ULTRA WIDE LEG,https://ntmb.it/collections/jeans/products/jeans-straight-ultra-wide-leg-pink,Jean,H,"[83.92156862745098, 4.0, 5.0]"
305,https://ntmb.it/cdn/shop/products/jeans-encrustration-blue-844081.jpg?v=1710332824&width=3000,-,Jeans encrustration Blue,https://ntmb.it/collections/jeans/products/jeans-encrustration-blu,Jean,H,"[78.82352941176471, 0.0, -12.0]"
306,https://ntmb.it/cdn/shop/products/jeans-encrustration-blue-844081.jpg?v=1710332824&width=3000,-,Jeans encrustration Blue,https://ntmb.it/collections/jeans/products/jeans-encrustration-blu,Jean,H,"[60.78431372549019, 3.0, -12.0]"
307,https://ntmb.it/cdn/shop/products/jeans-straight-flare-fire-patchwork-909126.jpg?v=1694471048&width=3000,-,Jeans Straight Flare FIRE patchwork,https://ntmb.it/collections/jeans/products/jeans-straight-flare-fire-patchwork,Jean,H,"[87.05882352941177, -3.0, -6.0]"
308,https://ntmb.it/cdn/shop/products/jeans-straight-flare-camouflage-patchwork-reworked-423669.jpg?v=1694471225&width=3000,-,Jeans Straight Flare camouflage patchwork  reworked,https://ntmb.it/collections/jeans/products/jeans-straight-flare-camouflage-patchwork-reworked,Jean,H,"[13.333333333333334, 0.0, -3.0]"
309,https://ntmb.it/cdn/shop/products/jeans-straight-flare-camouflage-patchwork-reworked-423669.jpg?v=1694471225&width=3000,-,Jeans Straight Flare camouflage patchwork  reworked,https://ntmb.it/collections/jeans/products/jeans-straight-flare-camouflage-patchwork-reworked,Jean,H,"[35.68627450980392, 0.0, -2.0]"
310,https://ntmb.it/cdn/shop/products/jeans-straight-flare-camouflage-patchwork-cream-reworked-696376.jpg?v=1694471182&width=3000,-,Jeans Straight Flare camouflage patchwork,https://ntmb.it/collections/jeans/products/jeans-straight-flare-camouflage-patchwork-cream-reworked,Jean,H,"[86.27450980392157, 1.0, 4.0]"
311,https://ntmb.it/cdn/shop/products/jeans-straight-flare-camouflage-patchwork-cream-reworked-696376.jpg?v=1694471182&width=3000,-,Jeans Straight Flare camouflage patchwork,https://ntmb.it/collections/jeans/products/jeans-straight-flare-camouflage-patchwork-cream-reworked,Jean,H,"[96.47058823529412, 0.0, 1.0]"
312,https://ntmb.it/cdn/shop/products/jeans-straight-flare-camouflage-patchwork-cream-reworked-696376.jpg?v=1694471182&width=3000,-,Jeans Straight Flare camouflage patchwork,https://ntmb.it/collections/jeans/products/jeans-straight-flare-camouflage-patchwork-cream-reworked,Jean,H,"[76.86274509803923, 2.0, 6.0]"
313,https://ntmb.it/cdn/shop/products/jeans-reworked-straight-double-seams-742004.jpg?v=1694470626&width=3000,-,Jeans  reworked Straight double seams,https://ntmb.it/collections/jeans/products/levis-vintage-reworked-32-it46,Jean,H,"[27.84313725490196, -3.0, -13.0]"
314,https://ntmb.it/cdn/shop/products/jeans-reworked-straight-double-seams-742004.jpg?v=1694470626&width=3000,-,Jeans  reworked Straight double seams,https://ntmb.it/collections/jeans/products/levis-vintage-reworked-32-it46,Jean,H,"[59.21568627450981, -5.0, -11.0]"
315,https://ntmb.it/cdn/shop/products/jeans-reworked-straight-double-seams-742004.jpg?v=1694470626&width=3000,-,Jeans  reworked Straight double seams,https://ntmb.it/collections/jeans/products/levis-vintage-reworked-32-it46,Jean,H,"[90.19607843137256, -3.0, -4.0]"
316,https://ntmb.it/cdn/shop/products/jeans-baggy-multi-pleats-987101.jpg?v=1694470154&width=3000,-,Jeans Baggy Multi Pleats,https://ntmb.it/collections/jeans/products/jeans-baggy-multi-pleats,Jean,H,"[27.84313725490196, -4.0, -20.0]"
317,https://ntmb.it/cdn/shop/products/jeans-baggy-multi-pleats-987101.jpg?v=1694470154&width=3000,-,Jeans Baggy Multi Pleats,https://ntmb.it/collections/jeans/products/jeans-baggy-multi-pleats,Jean,H,"[53.333333333333336, -6.0, -20.0]"
318,https://ntmb.it/cdn/shop/products/jeans-straight-baggy-patchwork-stars-cream-690175.jpg?v=1694469924&width=3000,-,Jeans Straight Baggy Patchwork Stars Cream,https://ntmb.it/collections/jeans/products/straight-jeans-5-pkts-patchwork-stars-cream,Jean,H,"[94.11764705882352, 0.0, 3.0]"
319,https://ntmb.it/cdn/shop/products/jeans-straight-baggy-patchwork-stars-cream-690175.jpg?v=1694469924&width=3000,-,Jeans Straight Baggy Patchwork Stars Cream,https://ntmb.it/collections/jeans/products/straight-jeans-5-pkts-patchwork-stars-cream,Jean,H,"[84.70588235294117, 1.0, 4.0]"
320,https://ntmb.it/cdn/shop/products/jeans-reworked-straight-double-seams-black-860699.jpg?v=1694469995&width=3000,-,Jeans  reworked Straight double seams,https://ntmb.it/collections/jeans/products/jeans-reworked-straight-double-seams-black,Jean,H,"[23.137254901960784, -1.0, 1.0]"
321,https://ntmb.it/cdn/shop/products/jeans-reworked-straight-double-seams-black-860699.jpg?v=1694469995&width=3000,-,Jeans  reworked Straight double seams,https://ntmb.it/collections/jeans/products/jeans-reworked-straight-double-seams-black,Jean,H,"[45.09803921568628, 1.0, 0.0]"
322,https://ntmb.it/cdn/shop/products/jeans-reworked-irregular-holes-437922.jpg?v=1694470693&width=3000,-,Jeans  reworked Irregular Holes,https://ntmb.it/collections/jeans/products/jeans-reworked-irregular-holes,Jean,H,"[93.33333333333333, 0.0, -3.0]"
323,https://ntmb.it/cdn/shop/products/jeans-reworked-irregular-holes-437922.jpg?v=1694470693&width=3000,-,Jeans  reworked Irregular Holes,https://ntmb.it/collections/jeans/products/jeans-reworked-irregular-holes,Jean,H,"[78.43137254901961, -1.0, -7.0]"
324,https://ntmb.it/cdn/shop/products/jeans-straight-ultra-wide-leg-559128.jpg?v=1710332687&width=3000,-,Jeans Straight Ultra Wide Leg,https://ntmb.it/collections/jeans/products/jeans-straight-ultra-wide-leg-black,Jean,H,"[94.11764705882352, 1.0, -6.0]"
325,https://ntmb.it/cdn/shop/products/jeans-straight-ultra-wide-leg-559128.jpg?v=1710332687&width=3000,-,Jeans Straight Ultra Wide Leg,https://ntmb.it/collections/jeans/products/jeans-straight-ultra-wide-leg-black,Jean,H,"[9.803921568627452, 2.0, -5.0]"
326,https://ntmb.it/cdn/shop/products/stripes-flare-jeans-319417.jpg?v=1694471012&width=3000,-,Stripes Flare Jeans,https://ntmb.it/collections/jeans/products/stripes-jeans,Jean,H,"[78.82352941176471, -7.0, 39.0]"
327,https://ntmb.it/cdn/shop/products/stripes-flare-jeans-319417.jpg?v=1694471012&width=3000,-,Stripes Flare Jeans,https://ntmb.it/collections/jeans/products/stripes-jeans,Jean,H,"[61.96078431372549, 12.0, 62.0]"
328,https://ntmb.it/cdn/shop/products/jeans-straight-ultra-wide-leg-328811.jpg?v=1694470398&width=3000,-,Jeans Straight ULTRA WIDE LEG,https://ntmb.it/collections/jeans/products/jeans-straight-ultra-wide-leg,Jean,H,"[90.98039215686275, 2.0, 4.0]"
329,https://ntmb.it/cdn/shop/products/jeans-ultra-baggy-white-patchwork-215632.jpg?v=1694471136&width=3000,-,Jeans ULTRA Baggy Patchwork,https://ntmb.it/collections/jeans/products/jeans-ultra-baggy-white-patchwork,Jean,H,"[89.80392156862746, 2.0, 6.0]"
330,https://ntmb.it/cdn/shop/products/jeans-ultra-baggy-white-patchwork-215632.jpg?v=1694471136&width=3000,-,Jeans ULTRA Baggy Patchwork,https://ntmb.it/collections/jeans/products/jeans-ultra-baggy-white-patchwork,Jean,H,"[72.54901960784314, 4.0, 11.0]"
331,https://ntmb.it/cdn/shop/products/jeans-straight-flare-fire-cream-dark-cream-419769.jpg?v=1694470972&width=3000,-,Jeans Straight Flare FIRE,https://ntmb.it/collections/jeans/products/jeans-straight-flare-fire-cream-dark-cream,Jean,H,"[87.05882352941177, 0.0, 6.0]"
332,https://ntmb.it/cdn/shop/products/jeans-straight-flare-fire-cream-dark-cream-419769.jpg?v=1694470972&width=3000,-,Jeans Straight Flare FIRE,https://ntmb.it/collections/jeans/products/jeans-straight-flare-fire-cream-dark-cream,Jean,H,"[96.07843137254902, 0.0, 2.0]"
333,https://ntmb.it/cdn/shop/products/jeans-bande-flare-847493.jpg?v=1694470208&width=3000,-,Jeans Bande Flare,https://ntmb.it/collections/jeans/products/jeans-bande-flare,Jean,H,"[25.882352941176475, 3.0, -24.0]"
334,https://ntmb.it/cdn/shop/products/jeans-straight-baggy-cream-flowers-embroidery-653720.jpg?v=1694470562&width=3000,-,Jeans Straight Baggy Cream flowers embroidery,https://ntmb.it/collections/jeans/products/denim-5-pkts-straight-pants-patchwork-embroidered-flowers,Jean,H,"[84.31372549019608, 3.0, 8.0]"
335,https://ntmb.it/cdn/shop/products/jeans-straight-baggy-cream-flowers-embroidery-653720.jpg?v=1694470562&width=3000,-,Jeans Straight Baggy Cream flowers embroidery,https://ntmb.it/collections/jeans/products/denim-5-pkts-straight-pants-patchwork-embroidered-flowers,Jean,H,"[74.11764705882354, 3.0, 10.0]"
336,https://ntmb.it/cdn/shop/products/jeans-reworked-straight-upcycling-349028.jpg?v=1694471199&width=3000,-,Jeans  reworked Straight upcycling,https://ntmb.it/collections/jeans/products/jeans-reworked-straight-upcycling,Jean,H,"[21.568627450980394, -2.0, -19.0]"
337,https://ntmb.it/cdn/shop/products/jeans-reworked-straight-upcycling-349028.jpg?v=1694471199&width=3000,-,Jeans  reworked Straight upcycling,https://ntmb.it/collections/jeans/products/jeans-reworked-straight-upcycling,Jean,H,"[89.01960784313725, -3.0, -7.0]"
338,https://ntmb.it/cdn/shop/products/jeans-reworked-straight-upcycling-349028.jpg?v=1694471199&width=3000,-,Jeans  reworked Straight upcycling,https://ntmb.it/collections/jeans/products/jeans-reworked-straight-upcycling,Jean,H,"[50.588235294117645, -5.0, -17.0]"
339,https://ntmb.it/cdn/shop/products/jeans-straight-baggy-flame-patchwork-684700.jpg?v=1694469856&width=3000,-,Jeans straight baggy flame patchwork,https://ntmb.it/collections/jeans/products/jeans-straight-baggy-flame-patchwork,Jean,H,"[46.27450980392157, 60.0, 24.0]"
340,https://ntmb.it/cdn/shop/products/jeans-straight-baggy-flame-patchwork-684700.jpg?v=1694469856&width=3000,-,Jeans straight baggy flame patchwork,https://ntmb.it/collections/jeans/products/jeans-straight-baggy-flame-patchwork,Jean,H,"[84.70588235294117, 4.0, -7.0]"
341,https://ntmb.it/cdn/shop/products/graffiti-jeans-251669.jpg?v=1694469906&width=3000,-,Graffiti Jeans,https://ntmb.it/collections/jeans/products/graffiti-jeans,Jean,H,"[15.686274509803921, 0.0, 2.0]"
342,https://ntmb.it/cdn/shop/products/graffiti-jeans-251669.jpg?v=1694469906&width=3000,-,Graffiti Jeans,https://ntmb.it/collections/jeans/products/graffiti-jeans,Jean,H,"[50.19607843137255, 0.0, 9.0]"
343,https://ntmb.it/cdn/shop/products/jeans-straight-vintage-handwriting-burning-259278.jpg?v=1694470735&width=3000,-,Jeans Straight Vintage Handwriting Burning,https://ntmb.it/collections/jeans/products/jeans-straight-vintage-handwriting-burning,Jean,H,"[90.98039215686275, -2.0, -2.0]"
344,https://ntmb.it/cdn/shop/products/jeans-straight-vintage-handwriting-burning-259278.jpg?v=1694470735&width=3000,-,Jeans Straight Vintage Handwriting Burning,https://ntmb.it/collections/jeans/products/jeans-straight-vintage-handwriting-burning,Jean,H,"[71.37254901960785, -5.0, -8.0]"
345,https://ntmb.it/cdn/shop/products/jeans-straight-baggy-patchwork-stars-blue-440117.jpg?v=1694470803&width=3000,-,Jeans Straight Baggy Patchwork Stars Blue,https://ntmb.it/collections/jeans/products/straight-jeans-5-pkts-patchwork-stars,Jean,H,"[72.54901960784314, -5.0, -13.0]"
346,https://ntmb.it/cdn/shop/products/jeans-straight-baggy-patchwork-stars-blue-440117.jpg?v=1694470803&width=3000,-,Jeans Straight Baggy Patchwork Stars Blue,https://ntmb.it/collections/jeans/products/straight-jeans-5-pkts-patchwork-stars,Jean,H,"[89.80392156862746, -3.0, -6.0]"
347,https://ntmb.it/cdn/shop/products/jeans-straight-baggy-embroidered-bandana-black-568435.jpg?v=1694470151&width=3000,-,Jeans Straight Baggy embroidered bandana black,https://ntmb.it/collections/jeans/products/copia-del-straight-jeans-5-pkts-embroidered-bandana-black,Jean,H,"[12.941176470588237, 0.0, -2.0]"
348,https://ntmb.it/cdn/shop/products/jeans-straight-baggy-embroidered-bandana-black-568435.jpg?v=1694470151&width=3000,-,Jeans Straight Baggy embroidered bandana black,https://ntmb.it/collections/jeans/products/copia-del-straight-jeans-5-pkts-embroidered-bandana-black,Jean,H,"[30.980392156862745, -1.0, -2.0]"
349,https://ntmb.it/cdn/shop/products/jeans-straight-baggy-blue-flowers-embroidery-990605.jpg?v=1705949262&width=3000,-,Jeans Straight Baggy blue flowers embroidery,https://ntmb.it/collections/jeans/products/copia-del-denim-5-pkts-straight-baggy-pants-patchwork-embroidered-flowers,Jean,H,"[64.31372549019608, -6.0, -27.0]"
350,https://ntmb.it/cdn/shop/products/jeans-straight-baggy-blue-flowers-embroidery-990605.jpg?v=1705949262&width=3000,-,Jeans Straight Baggy blue flowers embroidery,https://ntmb.it/collections/jeans/products/copia-del-denim-5-pkts-straight-baggy-pants-patchwork-embroidered-flowers,Jean,H,"[43.92156862745098, -3.0, -30.0]"
351,https://ntmb.it/cdn/shop/products/jeans-straight-embroidered-bandana-blue-548525.jpg?v=1710332892&width=3000,-,Jeans Straight  Embroidered Bandana Blue,https://ntmb.it/collections/jeans/products/straight-jeans-5-pkts-embroidered-bandana-blue,Jean,H,"[80.0, -2.0, -16.0]"
352,https://ntmb.it/cdn/shop/products/jeans-straight-embroidered-bandana-blue-548525.jpg?v=1710332892&width=3000,-,Jeans Straight  Embroidered Bandana Blue,https://ntmb.it/collections/jeans/products/straight-jeans-5-pkts-embroidered-bandana-blue,Jean,H,"[93.72549019607843, 1.0, -7.0]"
353,https://ntmb.it/cdn/shop/products/hoodie-pleats-786243.jpg?v=1710506003&width=3000,-,Hoodie Pleats,https://ntmb.it/collections/hoodie/products/hoodie-pleats,Hoodie,H,"[10.588235294117647, 2.0, -4.0]"
354,https://ntmb.it/cdn/shop/products/hoodie-yeti-over-silver-910884.jpg?v=1710332605&width=3000,-,Hoodie Yeti Over Silver,https://ntmb.it/collections/hoodie/products/hoodie-yeti-over-silver,Hoodie,H,"[91.76470588235294, 0.0, -4.0]"
355,https://ntmb.it/cdn/shop/products/hoodie-yeti-over-silver-910884.jpg?v=1710332605&width=3000,-,Hoodie Yeti Over Silver,https://ntmb.it/collections/hoodie/products/hoodie-yeti-over-silver,Hoodie,H,"[74.50980392156863, 3.0, -4.0]"
356,https://ntmb.it/cdn/shop/products/cropped-hoodie-intertwined-761099.jpg?v=1710332843&width=3000,-,Cropped Hoodie Intertwined,https://ntmb.it/collections/hoodie/products/cropped-hoodie-intertwined,Hoodie,H,"[92.94117647058823, 1.0, 1.0]"
357,https://ntmb.it/cdn/shop/products/holly-hoodie-921412.jpg?v=1710505937&width=3000,-,Holly Hoodie,https://ntmb.it/collections/hoodie/products/holly-hoodie,Hoodie,H,"[10.588235294117647, 2.0, -4.0]"
358,https://ntmb.it/cdn/shop/products/hoodie-yeti-over-867147.jpg?v=1694470308&width=3000,-,Hoodie Yeti Over,https://ntmb.it/collections/hoodie/products/hoddie-yeti-over,Hoodie,H,"[20.784313725490197, 0.0, 0.0]"
359,https://ntmb.it/cdn/shop/products/hoodie-yeti-over-867147.jpg?v=1694470308&width=3000,-,Hoodie Yeti Over,https://ntmb.it/collections/hoodie/products/hoddie-yeti-over,Hoodie,H,"[42.745098039215684, 0.0, 0.0]"
360,https://ntmb.it/cdn/shop/products/hoodie-over-patchwork-denim-stars-cream-907393.jpg?v=1710332733&width=3000,-,Hoodie Over Patchwork Denim Stars Cream,https://ntmb.it/collections/hoodie/products/hoodie-over-patchwork-denim-stars-cream,Hoodie,H,"[93.33333333333333, -1.0, -5.0]"
361,https://ntmb.it/cdn/shop/products/hoodie-over-patchwork-denim-stars-cream-907393.jpg?v=1710332733&width=3000,-,Hoodie Over Patchwork Denim Stars Cream,https://ntmb.it/collections/hoodie/products/hoodie-over-patchwork-denim-stars-cream,Hoodie,H,"[68.23529411764706, 2.0, -8.0]"
362,https://ntmb.it/cdn/shop/products/hoodie-yeti-over-cream-824843.jpg?v=1695936517&width=3000,-,Hoodie Yeti Over,https://ntmb.it/collections/hoodie/products/hoodie-yeti-over-cream,Hoodie,H,"[93.33333333333333, 1.0, 9.0]"
363,https://ntmb.it/cdn/shop/products/hoodie-yeti-over-cream-824843.jpg?v=1695936517&width=3000,-,Hoodie Yeti Over,https://ntmb.it/collections/hoodie/products/hoodie-yeti-over-cream,Hoodie,H,"[82.35294117647058, 4.0, 15.0]"
364,https://ntmb.it/cdn/shop/products/hoodie-over-encrustations-824375.jpg?v=1694470364&width=3000,-,Hoodie Over Encrustations,https://ntmb.it/collections/hoodie/products/hoddie-over-encrustations,Hoodie,H,"[38.43137254901961, 0.0, 0.0]"
365,https://ntmb.it/cdn/shop/products/hoodie-over-encrustations-824375.jpg?v=1694470364&width=3000,-,Hoodie Over Encrustations,https://ntmb.it/collections/hoodie/products/hoddie-over-encrustations,Hoodie,H,"[25.882352941176475, 0.0, 0.0]"
366,https://ntmb.it/cdn/shop/products/hoodie-over-patchwork-denim-stars-black-734664.jpg?v=1694469954&width=3000,-,Hoodie Over Patchwork Denim STARS   BLACK,https://ntmb.it/collections/hoodie/products/hoodie-over-patchwork-denim-stars,Hoodie,H,"[10.588235294117647, 2.0, -8.0]"
367,https://ntmb.it/cdn/shop/products/hoodie-over-patchwork-denim-stars-black-734664.jpg?v=1694469954&width=3000,-,Hoodie Over Patchwork Denim STARS   BLACK,https://ntmb.it/collections/hoodie/products/hoodie-over-patchwork-denim-stars,Hoodie,H,"[87.84313725490196, -1.0, -4.0]"
368,https://ntmb.it/cdn/shop/products/hoodie-over-patchwork-denim-stars-black-734664.jpg?v=1694469954&width=3000,-,Hoodie Over Patchwork Denim STARS   BLACK,https://ntmb.it/collections/hoodie/products/hoodie-over-patchwork-denim-stars,Hoodie,H,"[53.72549019607843, -1.0, -11.0]"
369,https://ntmb.it/cdn/shop/products/hoodie-over-zip-patchwork-denim-bandana-black-901662.jpg?v=1694471090&width=3000,-,Hoodie Over Zip Patchwork Denim BANDANA  BLACK,https://ntmb.it/collections/hoodie/products/hoodie-over-zip-patchwork-denim-bandana,Hoodie,H,"[10.980392156862745, 0.0, -11.0]"
370,https://ntmb.it/cdn/shop/products/hoodie-over-zip-patchwork-denim-bandana-black-901662.jpg?v=1694471090&width=3000,-,Hoodie Over Zip Patchwork Denim BANDANA  BLACK,https://ntmb.it/collections/hoodie/products/hoodie-over-zip-patchwork-denim-bandana,Hoodie,H,"[74.11764705882354, -5.0, -15.0]"
371,https://ntmb.it/cdn/shop/products/hoodie-over-zip-patchwork-denim-bandana-black-901662.jpg?v=1694471090&width=3000,-,Hoodie Over Zip Patchwork Denim BANDANA  BLACK,https://ntmb.it/collections/hoodie/products/hoodie-over-zip-patchwork-denim-bandana,Hoodie,H,"[37.254901960784316, -2.0, -22.0]"
372,https://ntmb.it/cdn/shop/products/bomber-flames-patchwork-blue-910337.jpg?v=1710505551&width=3000,-,Bomber Flames Patchwork Blue,https://ntmb.it/collections/jacket/products/bomber-denim-flames-patchwork-blue,Veste ,H,"[83.92156862745098, -1.0, -10.0]"
373,https://ntmb.it/cdn/shop/products/bomber-flames-patchwork-blue-910337.jpg?v=1710505551&width=3000,-,Bomber Flames Patchwork Blue,https://ntmb.it/collections/jacket/products/bomber-denim-flames-patchwork-blue,Veste ,H,"[14.901960784313726, 3.0, -2.0]"
374,https://ntmb.it/cdn/shop/products/bomber-flames-patchwork-blue-910337.jpg?v=1710505551&width=3000,-,Bomber Flames Patchwork Blue,https://ntmb.it/collections/jacket/products/bomber-denim-flames-patchwork-blue,Veste ,H,"[55.68627450980392, 2.0, -11.0]"
375,https://ntmb.it/cdn/shop/products/bomber-denim-patchwork-black-729061.jpg?v=1710505778&width=3000,-,Bomber Denim Patchwork Black,https://ntmb.it/collections/jacket/products/bomber-denim-patchwork-black,Veste ,H,"[10.588235294117647, 2.0, -4.0]"
376,https://ntmb.it/cdn/shop/products/kimono-patchwork-jeans-blue-859825.jpg?v=1710505597&width=3000,-,Kimono Patchwork Jeans Blue,https://ntmb.it/collections/jacket/products/kimono-patchwork-jeans-blue,Veste ,H,"[83.92156862745098, -2.0, -11.0]"
377,https://ntmb.it/cdn/shop/products/kimono-patchwork-jeans-blue-859825.jpg?v=1710505597&width=3000,-,Kimono Patchwork Jeans Blue,https://ntmb.it/collections/jacket/products/kimono-patchwork-jeans-blue,Veste ,H,"[30.19607843137255, 4.0, -15.0]"
378,https://ntmb.it/cdn/shop/products/kimono-patchwork-jeans-blue-859825.jpg?v=1710505597&width=3000,-,Kimono Patchwork Jeans Blue,https://ntmb.it/collections/jacket/products/kimono-patchwork-jeans-blue,Veste ,H,"[61.1764705882353, 2.0, -11.0]"
379,https://ntmb.it/cdn/shop/products/jacket-denim-stripes-leather-327921.jpg?v=1710506075&width=3000,-,Jacket Denim Stripes Leather,https://ntmb.it/collections/jacket/products/jacket-denim-stripes-leather,Veste ,H,"[76.47058823529412, -1.0, -13.0]"
380,https://ntmb.it/cdn/shop/products/jacket-denim-stripes-leather-327921.jpg?v=1710506075&width=3000,-,Jacket Denim Stripes Leather,https://ntmb.it/collections/jacket/products/jacket-denim-stripes-leather,Veste ,H,"[16.470588235294116, 2.0, -5.0]"
381,https://ntmb.it/cdn/shop/products/jacket-denim-stripes-leather-327921.jpg?v=1710506075&width=3000,-,Jacket Denim Stripes Leather,https://ntmb.it/collections/jacket/products/jacket-denim-stripes-leather,Veste ,H,"[56.470588235294116, 2.0, -9.0]"
382,https://ntmb.it/cdn/shop/products/patchwork-denim-regular-jacket-blue-434580.jpg?v=1694470916&width=3000,-,Patchwork denim regular jacket,https://ntmb.it/collections/jacket/products/patchwork-denim-regular-jacket-blue,Veste ,H,"[23.52941176470588, -1.0, -22.0]"
383,https://ntmb.it/cdn/shop/products/patchwork-denim-regular-jacket-blue-434580.jpg?v=1694470916&width=3000,-,Patchwork denim regular jacket,https://ntmb.it/collections/jacket/products/patchwork-denim-regular-jacket-blue,Veste ,H,"[55.294117647058826, -4.0, -18.0]"
384,https://ntmb.it/cdn/shop/products/patchwork-denim-regular-jacket-blue-434580.jpg?v=1694470916&width=3000,-,Patchwork denim regular jacket,https://ntmb.it/collections/jacket/products/patchwork-denim-regular-jacket-blue,Veste ,H,"[83.13725490196079, -2.0, -9.0]"
385,https://ntmb.it/cdn/shop/products/bomber-jacket-stripes-black-118321.jpg?v=1700643939&width=3000,-,Bomber Jacket Stripes,https://ntmb.it/collections/jacket/products/bomber-jacket-stripes-black,Veste ,H,"[18.823529411764707, 0.0, -1.0]"
386,https://ntmb.it/cdn/shop/products/bomber-jacket-stripes-black-118321.jpg?v=1700643939&width=3000,-,Bomber Jacket Stripes,https://ntmb.it/collections/jacket/products/bomber-jacket-stripes-black,Veste ,H,"[41.96078431372549, 0.0, -2.0]"
387,https://ntmb.it/cdn/shop/products/jacket-denim-fire-black-blue-674739.jpg?v=1705949248&width=3000,-,Jacket denim FIRE black & blue,https://ntmb.it/collections/jacket/products/jacket-fire-black-blue,Veste ,H,"[21.176470588235293, 1.0, 0.0]"
388,https://ntmb.it/cdn/shop/products/jacket-denim-fire-black-blue-674739.jpg?v=1705949248&width=3000,-,Jacket denim FIRE black & blue,https://ntmb.it/collections/jacket/products/jacket-fire-black-blue,Veste ,H,"[85.49019607843137, -1.0, -5.0]"
389,https://ntmb.it/cdn/shop/products/jacket-paneled-blue-780605.jpg?v=1706105633&width=3000,-,Jacket Paneled Blue,https://ntmb.it/collections/jacket/products/jacket-paneled-blue,Veste ,H,"[65.09803921568627, -1.0, -8.0]"
390,https://ntmb.it/cdn/shop/products/jacket-paneled-blue-780605.jpg?v=1706105633&width=3000,-,Jacket Paneled Blue,https://ntmb.it/collections/jacket/products/jacket-paneled-blue,Veste ,H,"[84.31372549019608, 0.0, -5.0]"
391,https://ntmb.it/cdn/shop/products/jacket-paneled-blue-780605.jpg?v=1706105633&width=3000,-,Jacket Paneled Blue,https://ntmb.it/collections/jacket/products/jacket-paneled-blue,Veste ,H,"[40.78431372549019, -1.0, -11.0]"
392,https://ntmb.it/cdn/shop/products/stripes-denim-regular-jacket-blue-583756.jpg?v=1694469895&width=3000,-,Stripes denim regular jacket,https://ntmb.it/collections/jacket/products/stripes-denim-regular-jacket-blue,Veste ,H,"[23.137254901960784, -1.0, -18.0]"
393,https://ntmb.it/cdn/shop/products/stripes-denim-regular-jacket-blue-583756.jpg?v=1694469895&width=3000,-,Stripes denim regular jacket,https://ntmb.it/collections/jacket/products/stripes-denim-regular-jacket-blue,Veste ,H,"[47.84313725490196, -3.0, -20.0]"
394,https://ntmb.it/cdn/shop/products/vest-denim-jacket-reversible-double-face-556747.jpg?v=1705949293&width=3000,-,Vest denim jacket reversible double face,https://ntmb.it/collections/jacket/products/vest-denim-jacket-reversible,Veste ,H,"[21.176470588235293, 0.0, -5.0]"
395,https://ntmb.it/cdn/shop/products/vest-denim-jacket-reversible-double-face-556747.jpg?v=1705949293&width=3000,-,Vest denim jacket reversible double face,https://ntmb.it/collections/jacket/products/vest-denim-jacket-reversible,Veste ,H,"[41.568627450980394, 0.0, -4.0]"
396,https://ntmb.it/cdn/shop/products/shirt-denim-stars-embroidered-132440.jpg?v=1694471000&width=3000,-,Shirt Denim Stars embroidered,https://ntmb.it/collections/jacket/products/shirt-denim-stars-embroidered,Veste ,H,"[73.72549019607844, -11.0, -17.0]"
397,https://ntmb.it/cdn/shop/products/shirt-denim-stars-embroidered-132440.jpg?v=1694471000&width=3000,-,Shirt Denim Stars embroidered,https://ntmb.it/collections/jacket/products/shirt-denim-stars-embroidered,Veste ,H,"[54.509803921568626, -14.0, -23.0]"
398,https://ntmb.it/cdn/shop/products/shirt-denim-stars-embroidered-132440.jpg?v=1694471000&width=3000,-,Shirt Denim Stars embroidered,https://ntmb.it/collections/jacket/products/shirt-denim-stars-embroidered,Veste ,H,"[90.98039215686275, -5.0, -5.0]"
399,https://ntmb.it/cdn/shop/products/stripes-denim-regular-jacket-707653.jpg?v=1694470843&width=3000,-,Stripes denim regular jacket,https://ntmb.it/collections/jacket/products/stripes-regular-jacket,Veste ,H,"[84.70588235294117, -5.0, 34.0]"
400,https://ntmb.it/cdn/shop/products/stripes-denim-regular-jacket-707653.jpg?v=1694470843&width=3000,-,Stripes denim regular jacket,https://ntmb.it/collections/jacket/products/stripes-regular-jacket,Veste ,H,"[63.13725490196078, 5.0, 57.0]"
401,https://ntmb.it/cdn/shop/products/shirt-over-denim-patchwork-embroidered-flowers-cream-352346.jpg?v=1694470830&width=3000,-,Shirt Over Denim patchwork embroidered flowers Cream,https://ntmb.it/collections/jacket/products/denim-over-shirt-patchwrok-embroidered-flowers,Veste ,H,"[88.62745098039215, 1.0, 4.0]"
402,https://ntmb.it/cdn/shop/products/jacket-over-patchwork-stars-304331.jpg?v=1710332702&width=3000,-,Jacket Over Patchwork Stars,https://ntmb.it/collections/jacket/products/denim-over-star-jacket,Veste ,H,"[85.09803921568627, -3.0, -10.0]"
403,https://ntmb.it/cdn/shop/products/shirt-over-denim-sleeveless-492647.jpg?v=1710332882&width=3000,-,Shirt Over Denim Sleeveless,https://ntmb.it/collections/jacket/products/denim-shirt-sleeveless,Veste ,H,"[85.88235294117646, -2.0, -12.0]"
404,https://ntmb.it/cdn/shop/products/shirt-over-denim-sleeveless-492647.jpg?v=1710332882&width=3000,-,Shirt Over Denim Sleeveless,https://ntmb.it/collections/jacket/products/denim-shirt-sleeveless,Veste ,H,"[15.686274509803921, 2.0, -4.0]"
405,https://ntmb.it/cdn/shop/products/shirt-over-denim-sleeveless-492647.jpg?v=1710332882&width=3000,-,Shirt Over Denim Sleeveless,https://ntmb.it/collections/jacket/products/denim-shirt-sleeveless,Veste ,H,"[63.52941176470588, 8.0, 5.0]"
406,https://ntmb.it/cdn/shop/products/shirt-over-denim-embroidered-black-987880.jpg?v=1694470673&width=3000,-,Shirt Over Denim Embroidered black,https://ntmb.it/collections/jacket/products/denim-over-shirt-embroidered-black,Veste ,H,"[14.117647058823529, 0.0, 0.0]"
407,https://ntmb.it/cdn/shop/products/shirt-over-denim-embroidered-blue-507181.jpg?v=1710332766&width=3000,-,Shirt Over Denim Embroidered Blue,https://ntmb.it/collections/jacket/products/denim-over-shirt-embroidered-blue,Veste ,H,"[83.92156862745098, -3.0, -16.0]"
408,https://ntmb.it/cdn/shop/products/jacket-regular-basic-841858.jpg?v=1694471173&width=3000,-,Jacket Regular Basic,https://ntmb.it/collections/jacket/products/denim-regular-jacket-basic,Veste ,H,"[59.6078431372549, -7.0, -19.0]"
409,https://ntmb.it/cdn/shop/products/jacket-regular-basic-841858.jpg?v=1694471173&width=3000,-,Jacket Regular Basic,https://ntmb.it/collections/jacket/products/denim-regular-jacket-basic,Veste ,H,"[36.86274509803922, -5.0, -17.0]"
410,https://ntmb.it/cdn/shop/products/jacket-regular-denim-flower-embroidered-blue-667228.jpg?v=1694469950&width=3000,-,Jacket Regular Denim flower embroidered Blue,https://ntmb.it/collections/jacket/products/regular-denim-jacket-flower-embroidered,Veste ,H,"[29.80392156862745, 7.0, -40.0]"
411,https://ntmb.it/cdn/shop/products/jacket-regular-denim-flower-embroidered-blue-667228.jpg?v=1694469950&width=3000,-,Jacket Regular Denim flower embroidered Blue,https://ntmb.it/collections/jacket/products/regular-denim-jacket-flower-embroidered,Veste ,H,"[44.70588235294118, 1.0, -39.0]"
412,https://ntmb.it/cdn/shop/products/denim-patchwork-oval-bag-black-537368.jpg?v=1710505696&width=3000,-,Denim Patchwork Oval Bag Black,https://ntmb.it/collections/bags/products/denim-patchwork-oval-bag-black,Sac bandoulière,H,"[92.15686274509804, 1.0, -5.0]"
413,https://ntmb.it/cdn/shop/products/denim-patchwork-oval-bag-black-537368.jpg?v=1710505696&width=3000,-,Denim Patchwork Oval Bag Black,https://ntmb.it/collections/bags/products/denim-patchwork-oval-bag-black,Sac bandoulière,H,"[11.372549019607844, 1.0, 1.0]"
414,https://ntmb.it/cdn/shop/products/denim-patchwork-oval-bag-black-537368.jpg?v=1710505696&width=3000,-,Denim Patchwork Oval Bag Black,https://ntmb.it/collections/bags/products/denim-patchwork-oval-bag-black,Sac bandoulière,H,"[62.35294117647059, 9.0, 5.0]"
415,https://ntmb.it/cdn/shop/products/denim-patchwork-oval-bag-blue-311604.jpg?v=1710505485&width=3000,-,Denim Patchwork Oval Bag Blue,https://ntmb.it/collections/bags/products/denim-patchwork-oval-bag-blue,Sac bandoulière,H,"[10.196078431372548, 3.0, -4.0]"
416,https://ntmb.it/cdn/shop/products/denim-patchwork-oval-bag-blue-311604.jpg?v=1710505485&width=3000,-,Denim Patchwork Oval Bag Blue,https://ntmb.it/collections/bags/products/denim-patchwork-oval-bag-blue,Sac bandoulière,H,"[76.07843137254902, 1.0, -11.0]"
417,https://ntmb.it/cdn/shop/products/denim-patchwork-oval-bag-blue-311604.jpg?v=1710505485&width=3000,-,Denim Patchwork Oval Bag Blue,https://ntmb.it/collections/bags/products/denim-patchwork-oval-bag-blue,Sac bandoulière,H,"[50.19607843137255, 2.0, -13.0]"
418,https://ntmb.it/cdn/shop/products/denim-shoulder-puff-bag-flames-564875.jpg?v=1694469849&width=3000,-,Denim Shoulder Puff bag  Flames,https://ntmb.it/collections/bags/products/denim-shoulder-puff-bag-flames,Sac à main,H,"[56.470588235294116, -5.0, -13.0]"
419,https://ntmb.it/cdn/shop/products/denim-shoulder-puff-bag-flames-564875.jpg?v=1694469849&width=3000,-,Denim Shoulder Puff bag  Flames,https://ntmb.it/collections/bags/products/denim-shoulder-puff-bag-flames,Sac à main,H,"[91.37254901960785, -2.0, -2.0]"
420,https://ntmb.it/cdn/shop/products/denim-shoulder-puff-bag-flames-564875.jpg?v=1694469849&width=3000,-,Denim Shoulder Puff bag  Flames,https://ntmb.it/collections/bags/products/denim-shoulder-puff-bag-flames,Sac à main,H,"[17.647058823529413, 0.0, -4.0]"
421,https://ntmb.it/cdn/shop/products/denim-shoulder-bag-flames-228139.jpg?v=1694469903&width=3000,-,Denim Shoulder bag  Flames,https://ntmb.it/collections/bags/products/denim-shoulder-bag-flames,Sac à main,H,"[53.333333333333336, 46.0, 53.0]"
422,https://ntmb.it/cdn/shop/products/denim-shoulder-bag-flames-228139.jpg?v=1694469903&width=3000,-,Denim Shoulder bag  Flames,https://ntmb.it/collections/bags/products/denim-shoulder-bag-flames,Sac à main,H,"[86.66666666666667, -2.0, 29.0]"
423,https://ntmb.it/cdn/shop/products/denim-shoulder-bag-flames-228139.jpg?v=1694469903&width=3000,-,Denim Shoulder bag  Flames,https://ntmb.it/collections/bags/products/denim-shoulder-bag-flames,Sac à main,H,"[24.313725490196077, 32.0, 12.0]"
424,https://ntmb.it/cdn/shop/products/denim-shopper-bag-patchwork-flowered-cream-411217.jpg?v=1694469873&width=3000,-,Denim shopper bag patchwork flowered cream,https://ntmb.it/collections/bags/products/denim-shopper-bag-patchwork-flowered-cream,Sac à main,H,"[87.45098039215686, 2.0, 8.0]"
425,https://ntmb.it/cdn/shop/products/denim-shopper-bag-patchwork-flowered-cream-411217.jpg?v=1694469873&width=3000,-,Denim shopper bag patchwork flowered cream,https://ntmb.it/collections/bags/products/denim-shopper-bag-patchwork-flowered-cream,Sac à main,H,"[77.25490196078432, 4.0, 11.0]"
426,https://ntmb.it/cdn/shop/products/denim-shopper-bag-patchwork-flowered-blue-771972.jpg?v=1694469988&width=3000,-,Denim shopper bag patchwork flowered blue,https://ntmb.it/collections/bags/products/denim-shopper-bag-patchwork-flowered-blu,Sac à main,H,"[36.07843137254902, 3.0, -39.0]"
427,https://ntmb.it/cdn/shop/products/denim-shopper-bag-patchwork-flowered-blue-771972.jpg?v=1694469988&width=3000,-,Denim shopper bag patchwork flowered blue,https://ntmb.it/collections/bags/products/denim-shopper-bag-patchwork-flowered-blu,Sac à main,H,"[62.35294117647059, -6.0, -27.0]"
428,https://ntmb.it/cdn/shop/products/bucket-hats-denim-936112.jpg?v=1694470612&width=3000,-,Bucket Hats Denim,https://ntmb.it/collections/hats/products/bucket-hats-denim,Bob,H,"[88.23529411764706, -3.0, -5.0]"
429,https://ntmb.it/cdn/shop/products/bucket-hats-denim-936112.jpg?v=1694470612&width=3000,-,Bucket Hats Denim,https://ntmb.it/collections/hats/products/bucket-hats-denim,Bob,H,"[29.80392156862745, -1.0, -14.0]"
430,https://ntmb.it/cdn/shop/products/bucket-hats-denim-936112.jpg?v=1694470612&width=3000,-,Bucket Hats Denim,https://ntmb.it/collections/hats/products/bucket-hats-denim,Bob,H,"[59.6078431372549, -2.0, -13.0]"
431,https://ntmb.it/cdn/shop/products/bucket-hats-yeti-681443.jpg?v=1699347933&width=3000,-,Bucket Hats Yeti,https://ntmb.it/collections/hats/products/bucket-hats-yeti,Bob,H,"[7.0588235294117645, 0.0, 0.0]"
432,https://ntmb.it/cdn/shop/products/bucket-hats-yeti-681443.jpg?v=1699347933&width=3000,-,Bucket Hats Yeti,https://ntmb.it/collections/hats/products/bucket-hats-yeti,Bob,H,"[33.33333333333333, 0.0, 1.0]"
433,https://ntmb.it/cdn/shop/products/bucket-hats-camouflage-908099.jpg?v=1694470586&width=3000,-,Bucket Hats Camouflage,https://ntmb.it/collections/hats/products/bucket-hats-camouflage,Bob,H,"[57.25490196078431, 0.0, 7.0]"
434,https://ntmb.it/cdn/shop/products/bucket-hats-camouflage-908099.jpg?v=1694470586&width=3000,-,Bucket Hats Camouflage,https://ntmb.it/collections/hats/products/bucket-hats-camouflage,Bob,H,"[25.49019607843137, -1.0, 1.0]"
435,https://ntmb.it/cdn/shop/products/bucket-hats-heart-cream-denim-604080.jpg?v=1694469982&width=3000,-,Bucket Hats Heart Cream Denim,https://ntmb.it/collections/hats/products/bucket-hats-heart-cream-denim,Bob,H,"[85.09803921568627, 3.0, 8.0]"
436,https://ntmb.it/cdn/shop/products/bucket-hats-heart-cream-denim-604080.jpg?v=1694469982&width=3000,-,Bucket Hats Heart Cream Denim,https://ntmb.it/collections/hats/products/bucket-hats-heart-cream-denim,Bob,H,"[92.94117647058823, 1.0, 4.0]"
437,https://ntmb.it/cdn/shop/products/bucket-hats-denim-black-579923.jpg?v=1694469853&width=3000,-,Bucket Hats Denim Black,https://ntmb.it/collections/hats/products/bucket-hats-denim-black,Bob,H,"[20.0, -2.0, -7.0]"
438,https://ntmb.it/cdn/shop/products/bucket-hats-denim-black-579923.jpg?v=1694469853&width=3000,-,Bucket Hats Denim Black,https://ntmb.it/collections/hats/products/bucket-hats-denim-black,Bob,H,"[45.09803921568628, -1.0, -5.0]"
439,https://ntmb.it/cdn/shop/products/bucket-hats-denim-stripes-black-728610.jpg?v=1694470898&width=3000,-,Bucket Hats Denim Stripes Black,https://ntmb.it/collections/hats/products/bucket-hats-denim-stripes-black,Bob,H,"[18.823529411764707, 0.0, 0.0]"
440,https://ntmb.it/cdn/shop/products/bucket-hats-denim-stripes-black-728610.jpg?v=1694470898&width=3000,-,Bucket Hats Denim Stripes Black,https://ntmb.it/collections/hats/products/bucket-hats-denim-stripes-black,Bob,H,"[35.294117647058826, 0.0, 0.0]"
441,https://ntmb.it/cdn/shop/products/bucket-hats-heart-cream-blue-234498.jpg?v=1694470568&width=3000,-,Bucket Hats Heart Cream Blue,https://ntmb.it/collections/hats/products/bucket-hats-heart-cream-blue,Bob,H,"[60.78431372549019, -6.0, -17.0]"
442,https://ntmb.it/cdn/shop/products/bucket-hats-heart-cream-blue-234498.jpg?v=1694470568&width=3000,-,Bucket Hats Heart Cream Blue,https://ntmb.it/collections/hats/products/bucket-hats-heart-cream-blue,Bob,H,"[32.15686274509804, -4.0, -20.0]"
443,https://ntmb.it/cdn/shop/products/bucket-hats-heart-cream-blue-234498.jpg?v=1694470568&width=3000,-,Bucket Hats Heart Cream Blue,https://ntmb.it/collections/hats/products/bucket-hats-heart-cream-blue,Bob,H,"[85.09803921568627, -5.0, -9.0]"
444,https://ntmb.it/cdn/shop/products/bucket-hats-denim-double-seams-465912.jpg?v=1694470559&width=3000,-,Bucket Hats Denim double seams,https://ntmb.it/collections/hats/products/bucket-hats-denim-double-seams,Bob,H,"[57.647058823529406, -6.0, -14.0]"
445,https://ntmb.it/cdn/shop/products/bucket-hats-denim-double-seams-465912.jpg?v=1694470559&width=3000,-,Bucket Hats Denim double seams,https://ntmb.it/collections/hats/products/bucket-hats-denim-double-seams,Bob,H,"[27.450980392156865, -4.0, -17.0]"
446,https://ntmb.it/cdn/shop/products/bucket-hats-denim-double-seams-465912.jpg?v=1694470559&width=3000,-,Bucket Hats Denim double seams,https://ntmb.it/collections/hats/products/bucket-hats-denim-double-seams,Bob,H,"[83.92156862745098, -4.0, -7.0]"
447,https://ntmb.it/cdn/shop/products/denim-bucket-hats-fragment-679513.jpg?v=1694470590&width=3000,-,Denim Bucket Hats Fragment,https://ntmb.it/collections/hats/products/denim-bucket-hats-fragment,Bob,H,"[85.49019607843137, -4.0, -4.0]"
448,https://ntmb.it/cdn/shop/products/denim-bucket-hats-fragment-679513.jpg?v=1694470590&width=3000,-,Denim Bucket Hats Fragment,https://ntmb.it/collections/hats/products/denim-bucket-hats-fragment,Bob,H,"[62.35294117647059, -8.0, -12.0]"
449,https://ntmb.it/cdn/shop/products/denim-bucket-hats-fragment-679513.jpg?v=1694470590&width=3000,-,Denim Bucket Hats Fragment,https://ntmb.it/collections/hats/products/denim-bucket-hats-fragment,Bob,H,"[33.72549019607843, -7.0, -14.0]"
450,https://ntmb.it/cdn/shop/products/bucket-hats-fake-shearling-logo-cream-603112.jpg?v=1694470884&width=3000,-,Bucket Hats Fake Shearling Logo Cream,https://ntmb.it/collections/hats/products/bucket-hats-fake-shearling-logo-cream,Bob,H,"[87.84313725490196, 1.0, 7.0]"
451,https://ntmb.it/cdn/shop/products/bucket-hats-fake-shearling-logo-cream-603112.jpg?v=1694470884&width=3000,-,Bucket Hats Fake Shearling Logo Cream,https://ntmb.it/collections/hats/products/bucket-hats-fake-shearling-logo-cream,Bob,H,"[93.33333333333333, 0.0, 5.0]"
452,https://ntmb.it/cdn/shop/products/bucket-hats-fake-shearling-logo-black-740145.jpg?v=1694470548&width=3000,-,Bucket Hats Fake Shearling Logo Black,https://ntmb.it/collections/hats/products/bucket-hats-teddy-logo-black,Bob,H,"[15.294117647058824, -1.0, -4.0]"
453,https://ntmb.it/cdn/shop/products/bucket-hats-fake-shearling-logo-black-740145.jpg?v=1694470548&width=3000,-,Bucket Hats Fake Shearling Logo Black,https://ntmb.it/collections/hats/products/bucket-hats-teddy-logo-black,Bob,H,"[31.76470588235294, 0.0, -3.0]"
454,https://ntmb.it/cdn/shop/products/bucket-hats-flames-denim-978722.jpg?v=1694470821&width=3000,-,Bucket Hats Flames Denim,https://ntmb.it/collections/hats/products/bucket-hats-flames-denim,Bob,H,"[92.54901960784314, -3.0, -4.0]"
455,https://ntmb.it/cdn/shop/products/bucket-hats-flames-denim-978722.jpg?v=1694470821&width=3000,-,Bucket Hats Flames Denim,https://ntmb.it/collections/hats/products/bucket-hats-flames-denim,Bob,H,"[16.07843137254902, -1.0, -1.0]"
456,https://ntmb.it/cdn/shop/products/bucket-hats-levis-label-495968.jpg?v=1694469838&width=3000,-,Bucket Hats Levis Label,https://ntmb.it/collections/hats/products/1-of-1-bucket-hats-levis-label,Bob,H,"[66.27450980392156, 16.0, 30.0]"
457,https://ntmb.it/cdn/shop/products/bucket-hats-levis-label-495968.jpg?v=1694469838&width=3000,-,Bucket Hats Levis Label,https://ntmb.it/collections/hats/products/1-of-1-bucket-hats-levis-label,Bob,H,"[43.529411764705884, 20.0, 27.0]"
458,https://ntmb.it/cdn/shop/products/t-shirt-ultras-white-150652.jpg?v=1710832657&width=3000,-,T-shirt Ultras White,https://ntmb.it/collections/tshirts/products/t-shirt-ultras-white,T-shirt,H,"[95.29411764705881, 0.0, -3.0]"
459,https://ntmb.it/cdn/shop/products/t-shirt-ultras-white-150652.jpg?v=1710832657&width=3000,-,T-shirt Ultras White,https://ntmb.it/collections/tshirts/products/t-shirt-ultras-white,T-shirt,H,"[63.52941176470588, 12.0, 8.0]"
460,https://ntmb.it/cdn/shop/products/t-shirt-ultras-white-150652.jpg?v=1710832657&width=3000,-,T-shirt Ultras White,https://ntmb.it/collections/tshirts/products/t-shirt-ultras-white,T-shirt,H,"[10.980392156862745, 3.0, 1.0]"
461,https://ntmb.it/cdn/shop/products/t-shirt-ultras-black-465425.jpg?v=1710832641&width=3000,-,T-shirt Ultras Black,https://ntmb.it/collections/tshirts/products/t-shirt-ultras-black,T-shirt,H,"[8.235294117647058, 2.0, -4.0]"
462,https://ntmb.it/cdn/shop/products/longsleeve-game-over-pink-860450.jpg?v=1710506013&width=3000,-,Longsleeve Game Over Pink,https://ntmb.it/collections/tshirts/products/t-shirt-longsleeve-game-over-pink,T-shirt,H,"[94.11764705882352, 5.0, -5.0]"
463,https://ntmb.it/cdn/shop/products/t-shirt-regular-graffiti-black-892339.jpg?v=1694470026&width=3000,-,T-shirt regular GRAFFITI,https://ntmb.it/collections/tshirts/products/t-shirt-regular-graffiti-black,T-shirt,H,"[18.03921568627451, 2.0, -2.0]"
464,https://ntmb.it/cdn/shop/products/t-shirt-regular-graffiti-white-762534.jpg?v=1694470100&width=3000,-,T-shirt regular GRAFFITI,https://ntmb.it/collections/tshirts/products/t-shirt-regular-graffiti-white,T-shirt,H,"[93.72549019607843, 0.0, 0.0]"
465,https://ntmb.it/cdn/shop/products/t-shirt-regular-stripes-skull-black-930347.jpg?v=1694471116&width=3000,-,T-shirt regular Stripes Skull,https://ntmb.it/collections/tshirts/products/t-shirt-regular-stripes-skull-black,T-shirt,H,"[24.705882352941178, 1.0, -5.0]"
466,https://ntmb.it/cdn/shop/products/t-shirt-regular-stripes-skull-cream-199834.jpg?v=1694470619&width=3000,-,T-shirt regular Stripes Skull,https://ntmb.it/collections/tshirts/products/t-shirt-regular-stripes-skull-cream,T-shirt,H,"[87.05882352941177, 1.0, 5.0]"
467,https://ntmb.it/cdn/shop/products/t-shirt-regular-stripes-skull-cream-199834.jpg?v=1694470619&width=3000,-,T-shirt regular Stripes Skull,https://ntmb.it/collections/tshirts/products/t-shirt-regular-stripes-skull-cream,T-shirt,H,"[92.54901960784314, 0.0, 4.0]"
468,https://ntmb.it/cdn/shop/products/t-shirt-black-paneled-575320.jpg?v=1694470622&width=3000,-,T-Shirt  Paneled,https://ntmb.it/collections/tshirts/products/t-shirt-black-paneled,T-shirt,H,"[29.01960784313726, 1.0, -3.0]"
469,https://ntmb.it/cdn/shop/products/t-shirt-black-paneled-575320.jpg?v=1694470622&width=3000,-,T-Shirt  Paneled,https://ntmb.it/collections/tshirts/products/t-shirt-black-paneled,T-shirt,H,"[20.784313725490197, 1.0, -3.0]"
470,https://suny-suny.com/cdn/shop/files/Tshirt_FLORA_noir_graphite_FW24-1.jpg?v=1721290003&width=300,-,Tee-Shirt en Coton Bio Flora Noir Graphite – Confort et Élégance Intemporels | Suny,https://suny-suny.com/products/tee-shirt-en-coton-bio-flora-noir-graphite,T-shirt,F,"[19.215686274509807, 2.0, -2.0]"
471,https://suny-suny.com/cdn/shop/files/Tshirt_FLORA_noir_graphite_FW24-1.jpg?v=1721290003&width=300,-,Tee-Shirt en Coton Bio Flora Noir Graphite – Confort et Élégance Intemporels | Suny,https://suny-suny.com/products/tee-shirt-en-coton-bio-flora-noir-graphite,T-shirt,F,"[25.882352941176475, 2.0, -3.0]"
472,https://suny-suny.com/cdn/shop/files/Tshirt_FLORA_blanc_FW24-1_2000x.jpg?v=1721144051,-,Tee-Shirt en Coton Bio Flora Blanc – Confort et Élégance Intemporels | Suny,https://suny-suny.com/products/tee-shirt-en-coton-bio-flora-blanc,T-shirt,F,"[96.86274509803921, 0.0, -1.0]"
473,https://suny-suny.com/cdn/shop/files/Tshirt_FLORA_blanc_FW24-1_2000x.jpg?v=1721144051,-,Tee-Shirt en Coton Bio Flora Blanc – Confort et Élégance Intemporels | Suny,https://suny-suny.com/products/tee-shirt-en-coton-bio-flora-blanc,T-shirt,F,"[91.76470588235294, 1.0, -2.0]"
474,https://suny-suny.com/cdn/shop/files/TshirtFLORAVnoirgraphiteFW24-1_2000x.jpg?v=1721291848,-,Tee shirt en coton bio FLORA V noir graphite,https://suny-suny.com/products/tee-shirt-en-coton-bio-flora-v-noir-graphite,T-shirt,F,"[21.176470588235293, 2.0, -3.0]"
475,https://suny-suny.com/cdn/shop/files/TshirtFLORAVnoirgraphiteFW24-1_2000x.jpg?v=1721291848,-,Tee shirt en coton bio FLORA V noir graphite,https://suny-suny.com/products/tee-shirt-en-coton-bio-flora-v-noir-graphite,T-shirt,F,"[28.627450980392155, 2.0, -3.0]"
476,https://suny-suny.com/cdn/shop/files/Tshirt_FLORA_V_blanc_FW24-1.jpg?v=1721300799&width=300,-,Tee shirt en coton bio FLORA V blanc blanc,https://suny-suny.com/products/tee-shirt-en-coton-bio-flora-v-blanc-blanc,T-shirt,F,"[96.07843137254902, 1.0, -1.0]"
477,https://suny-suny.com/cdn/shop/files/Tee_shirt_coton_bio_CHIC_Suny_rayure_FW24-1_2000x.jpg?v=1720540058,-,Tee shirt en coton upcyclé CHIC SUNY rayé,https://suny-suny.com/products/tee-shirt-en-coton-upcycle-chic-suny-raye,T-shirt,F,"[89.80392156862746, 2.0, 4.0]"
478,https://suny-suny.com/cdn/shop/files/Tee_shirt_coton_bio_CHIC_Suny_rayure_FW24-1_2000x.jpg?v=1720540058,-,Tee shirt en coton upcyclé CHIC SUNY rayé,https://suny-suny.com/products/tee-shirt-en-coton-upcycle-chic-suny-raye,T-shirt,F,"[32.549019607843135, 5.0, 2.0]"
479,https://suny-suny.com/cdn/shop/files/TshirtCHICSUNYbeurrefraisSS24_d0d77167-01da-40dc-9cdb-b14977da5f8d_2000x.jpg?v=1736961649,-,Tee shirt en coton upcyclé CHIC SUNY beurre frais,https://suny-suny.com/products/tee-shirt-en-lin-et-coton-upcycle-chic-suny-beurre-frais,T-shirt,F,"[93.33333333333333, 0.0, 9.0]"
480,https://suny-suny.com/cdn/shop/files/TshirtCHICSUNYbleudeprusseSS24_2fb494bc-962f-40a5-88ea-46437529c678_2000x.jpg?v=1737129255,-,Tee shirt en coton upcyclé CHIC SUNY bleu de Prusse,https://suny-suny.com/products/tee-shirt-en-lin-et-coton-upcycle-chic-suny-bleu-de-prusse,T-shirt,F,"[21.176470588235293, 5.0, -18.0]"
481,https://suny-suny.com/cdn/shop/files/TshirtCHICSUNYbleudeprusseSS24_2fb494bc-962f-40a5-88ea-46437529c678_2000x.jpg?v=1737129255,-,Tee shirt en coton upcyclé CHIC SUNY bleu de Prusse,https://suny-suny.com/products/tee-shirt-en-lin-et-coton-upcycle-chic-suny-bleu-de-prusse,T-shirt,F,"[27.058823529411764, 5.0, -20.0]"
482,https://suny-suny.com/cdn/shop/files/T-shirtCHICSUNYnoirnoirSS24_e2f2bb0f-b405-4484-bdca-50475d88bfd4_2000x.jpg?v=1737053801,-,Tee shirt en coton upcyclé CHIC SUNY noir,https://suny-suny.com/products/tee-shirt-en-lin-et-coton-upcycle-chic-suny-noir-1,T-shirt,F,"[15.686274509803921, 0.0, 0.0]"
483,https://suny-suny.com/cdn/shop/files/TshirtCHICSUNYpurplerainSS24_2000x.jpg?v=1737054701,-,Tee shirt en coton upcyclé CHIC SUNY purple rain,https://suny-suny.com/products/tee-shirt-en-coton-bio-oversize-chic-suny,T-shirt,F,"[41.96078431372549, 21.0, -12.0]"
484,https://suny-suny.com/cdn/shop/files/TshirtCHICSUNYpurplerainSS24_2000x.jpg?v=1737054701,-,Tee shirt en coton upcyclé CHIC SUNY purple rain,https://suny-suny.com/products/tee-shirt-en-coton-bio-oversize-chic-suny,T-shirt,F,"[34.11764705882353, 18.0, -10.0]"
485,https://suny-suny.com/cdn/shop/files/TshirtCHICSUNYvertbronzeSS24_1276c895-1b02-4f0b-a37d-e15a89be1cd8_2000x.jpg?v=1737054961,-,Tee shirt en coton upcyclé CHIC SUNY vert bronze,https://suny-suny.com/products/tee-shirt-en-lin-et-coton-upcycle-chic-suny-vert-bronze,T-shirt,F,"[59.6078431372549, 13.0, 51.0]"
486,https://suny-suny.com/cdn/shop/files/TshirtCHICSUNYvertbronzeSS24_1276c895-1b02-4f0b-a37d-e15a89be1cd8_2000x.jpg?v=1737054961,-,Tee shirt en coton upcyclé CHIC SUNY vert bronze,https://suny-suny.com/products/tee-shirt-en-lin-et-coton-upcycle-chic-suny-vert-bronze,T-shirt,F,"[50.19607843137255, 13.0, 45.0]"
487,https://suny-suny.com/cdn/shop/files/tee_shirt_ROCKY_SUNY_V_noir_noir_2000x.jpg?v=1736878581,-,Tee shirt en coton bio ROCKY V SUNY noir,https://suny-suny.com/products/tee-shirt-en-coton-bio-rocky-v-suny-col-v,T-shirt,F,"[9.411764705882353, 2.0, -2.0]"
488,https://suny-suny.com/cdn/shop/files/TshirtRockyVSunybeurrefraisSS24-1_837a8c50-c82f-4751-97c9-4370d5574feb_2000x.jpg?v=1736853385,-,Tee shirt en coton bio ROCKY V SUNY beurre frais,https://suny-suny.com/products/tee-shirt-femme-en-coton-bio-col-v-rocky-v-suny-beurre-frais,T-shirt,F,"[92.94117647058823, 1.0, 8.0]"
489,https://suny-suny.com/cdn/shop/files/TshirtRockyVSunybeurrefraisSS24-1_837a8c50-c82f-4751-97c9-4370d5574feb_2000x.jpg?v=1736853385,-,Tee shirt en coton bio ROCKY V SUNY beurre frais,https://suny-suny.com/products/tee-shirt-femme-en-coton-bio-col-v-rocky-v-suny-beurre-frais,T-shirt,F,"[85.88235294117646, 3.0, 10.0]"
490,https://suny-suny.com/cdn/shop/files/tee_shirt_ROCKY_SUNY_V_blanc_blanc_2000x.jpg?v=1736361996,-,Tee shirt en coton bio ROCKY V SUNY blanc,https://suny-suny.com/products/tee-shirt-femme-en-coton-bio-col-v-rocky-v-suny-blanc-blanc,T-shirt,F,"[93.72549019607843, 0.0, -1.0]"
491,https://suny-suny.com/cdn/shop/files/tee_shirt_ROCKY_SUNY_V_blanc_blanc_2000x.jpg?v=1736361996,-,Tee shirt en coton bio ROCKY V SUNY blanc,https://suny-suny.com/products/tee-shirt-femme-en-coton-bio-col-v-rocky-v-suny-blanc-blanc,T-shirt,F,"[87.05882352941177, 1.0, 0.0]"
492,https://suny-suny.com/cdn/shop/files/TshirtRockyVSunybleucanard-1_d3a6f194-96ca-48e8-a963-1bc77087160a_2000x.jpg?v=1709577412,-,Tee shirt en coton bio ROCKY V SUNY bleu canard,https://suny-suny.com/products/tee-shirt-femme-en-coton-bio-col-v-rocky-v-suny-bleu-canard,T-shirt,F,"[49.411764705882355, -17.0, -6.0]"
493,https://suny-suny.com/cdn/shop/files/TshirtRockyVSunybleudeprusseSS24-1_7282155f-1a35-4b22-92ac-8a0bf959cfb1_2000x.jpg?v=1709577569,-,Tee shirt en coton bio ROCKY V SUNY bleu Prusse,https://suny-suny.com/products/tee-shirt-femme-en-coton-bio-col-v-rocky-v-suny-bleu-de-prusse,T-shirt,F,"[31.76470588235294, 1.0, -15.0]"
494,https://suny-suny.com/cdn/shop/files/TshirtRockyVSunyframboiseSS23-1_2000x.jpg?v=1710525407,-,Tee shirt en coton bio ROCKY V SUNY framboise,https://suny-suny.com/products/tee-shirt-femme-en-coton-bio-col-v-rocky-v-suny-framboise,T-shirt,F,"[69.01960784313725, 43.0, 13.0]"
495,https://suny-suny.com/cdn/shop/files/TshirtRockyVSunyframboiseSS23-1_2000x.jpg?v=1710525407,-,Tee shirt en coton bio ROCKY V SUNY framboise,https://suny-suny.com/products/tee-shirt-femme-en-coton-bio-col-v-rocky-v-suny-framboise,T-shirt,F,"[62.745098039215684, 47.0, 16.0]"
496,https://suny-suny.com/cdn/shop/files/TshirtRockyVSunyjaunepailleSS23-1_2000x.jpg?v=1710525472,-,Tee shirt en coton bio ROCKY V SUNY jaune paille ,https://suny-suny.com/products/tee-shirt-femme-en-coton-bio-col-v-rocky-v-suny-jaune-paille,T-shirt,F,"[93.33333333333333, -2.0, 25.0]"
497,https://suny-suny.com/cdn/shop/files/TshirtRockyVSunyjaunepailleSS23-1_2000x.jpg?v=1710525472,-,Tee shirt en coton bio ROCKY V SUNY jaune paille ,https://suny-suny.com/products/tee-shirt-femme-en-coton-bio-col-v-rocky-v-suny-jaune-paille,T-shirt,F,"[89.80392156862746, -2.0, 31.0]"
498,https://suny-suny.com/cdn/shop/files/tee_shirt_ROCKY_SUNY_V_noir_vieilli_2000x.jpg?v=1736878738,-,Tee shirt en coton bio ROCKY V SUNY noir vieilli,https://suny-suny.com/products/tee-shirt-oversize-en-coton-bio-col-v-rocky-v-suny-noir-vieilli,T-shirt,F,"[17.647058823529413, 0.0, -1.0]"
499,https://suny-suny.com/cdn/shop/files/TshirtRockyVSunypurplerainSS24-1_7d4e5c85-b8ef-4d49-a06c-c559af07de08_2000x.jpg?v=1709578093,-,Tee shirt en coton bio ROCKY V SUNY purple rain ,https://suny-suny.com/products/tee-shirt-femme-en-coton-bio-col-v-rocky-v-suny-purple-rain,T-shirt,F,"[42.745098039215684, 33.0, -25.0]"
500,https://suny-suny.com/cdn/shop/files/TeeshirtcotonbioSunyRockyVroseconfettisS22-1_6bb168e1-aca2-448d-9386-d1939c416f97_2000x.jpg?v=1709569713,-,Tee shirt en coton bio ROCKY V SUNY rose confettis,https://suny-suny.com/products/tee-shirt-femme-en-coton-bio-col-v-rocky-v-suny-rose-confettis,T-shirt,F,"[80.3921568627451, 18.0, 18.0]"
501,https://suny-suny.com/cdn/shop/files/TshirtRockyVSunyrougeparadisSS24-1_8a39e20e-6dfa-4bfb-b154-8ea66e0c3568_2000x.jpg?v=1736854365,-,Tee shirt en coton bio ROCKY V SUNY rouge paradis ,https://suny-suny.com/products/tee-shirt-femme-en-coton-bio-col-v-rocky-v-suny-rouge-paradis,T-shirt,F,"[59.6078431372549, 62.0, 27.0]"
502,https://suny-suny.com/cdn/shop/files/TshirtRockyVSunyrougeparadisSS24-1_8a39e20e-6dfa-4bfb-b154-8ea66e0c3568_2000x.jpg?v=1736854365,-,Tee shirt en coton bio ROCKY V SUNY rouge paradis ,https://suny-suny.com/products/tee-shirt-femme-en-coton-bio-col-v-rocky-v-suny-rouge-paradis,T-shirt,F,"[52.94117647058824, 61.0, 27.0]"
503,https://suny-suny.com/cdn/shop/files/TshirtRockyVSunyTie_DyepurplerainSS24-1_2000x.jpg?v=1736861600,-,Tee shirt en coton bio ROCKY V SUNY tie & dye,https://suny-suny.com/products/tee-shirt-en-coton-bio-rocky-v-suny-tie-dye,T-shirt,F,"[88.23529411764706, 8.0, -4.0]"
504,https://suny-suny.com/cdn/shop/files/TshirtRockyVSunyTie_DyepurplerainSS24-1_2000x.jpg?v=1736861600,-,Tee shirt en coton bio ROCKY V SUNY tie & dye,https://suny-suny.com/products/tee-shirt-en-coton-bio-rocky-v-suny-tie-dye,T-shirt,F,"[33.72549019607843, 22.0, -25.0]"
505,https://suny-suny.com/cdn/shop/files/TshirtRockyVSunyvertbronzeSS24-1_93926a43-6eb9-4fe2-83d6-91a0714bee07_2000x.jpg?v=1736879295,-,Tee shirt en coton bio ROCKY V SUNY vert bronze,https://suny-suny.com/products/tee-shirt-femme-en-coton-bio-col-v-rocky-v-suny-vert-bronze,T-shirt,F,"[55.68627450980392, 5.0, 33.0]"
506,https://suny-suny.com/cdn/shop/files/TshirtRockyVSunyvertbronzeSS24-1_93926a43-6eb9-4fe2-83d6-91a0714bee07_2000x.jpg?v=1736879295,-,Tee shirt en coton bio ROCKY V SUNY vert bronze,https://suny-suny.com/products/tee-shirt-femme-en-coton-bio-col-v-rocky-v-suny-vert-bronze,T-shirt,F,"[46.666666666666664, 4.0, 28.0]"
507,https://suny-suny.com/cdn/shop/files/TeeshirtcotonbiorockyVsunyvieuxroseSS21-1_b879a366-5bbf-490e-adea-227a69753756_2000x.jpg?v=1709569159,-,Tee shirt en coton bio ROCKY V SUNY vieux rose,https://suny-suny.com/products/tee-shirt-femme-en-coton-bio-col-v-rocky-v-suny-vieux-rose,T-shirt,F,"[85.49019607843137, 12.0, 10.0]"
508,https://suny-suny.com/cdn/shop/files/TeeshirtcotonbiorockyVsunyvieuxroseSS21-1_b879a366-5bbf-490e-adea-227a69753756_2000x.jpg?v=1709569159,-,Tee shirt en coton bio ROCKY V SUNY vieux rose,https://suny-suny.com/products/tee-shirt-femme-en-coton-bio-col-v-rocky-v-suny-vieux-rose,T-shirt,F,"[78.82352941176471, 15.0, 12.0]"
509,https://suny-suny.com/cdn/shop/products/TshirtRockyVSunyzebreSS23-1_2000x.jpg?v=1736878103,-,Tee shirt en coton bio ROCKY V SUNY zèbre,https://suny-suny.com/products/tee-shirt-rocky-v-suny-zebre,T-shirt,F,"[90.58823529411765, 0.0, 4.0]"
510,https://suny-suny.com/cdn/shop/products/TshirtRockyVSunyzebreSS23-1_2000x.jpg?v=1736878103,-,Tee shirt en coton bio ROCKY V SUNY zèbre,https://suny-suny.com/products/tee-shirt-rocky-v-suny-zebre,T-shirt,F,"[67.45098039215686, 1.0, 10.0]"
511,https://suny-suny.com/cdn/shop/files/TshirtencotonrecycleRockySunyVanthracitechineFW23-1_4c3ffe3d-8a27-4b89-a658-9cd7b8b689ef_2000x.jpg?v=1736875849,-,Tee shirt en coton bio ROCKY V SUNY anthracite chiné,https://suny-suny.com/products/tee-shirt-en-coton-upcycle-rocky-v-suny-anthracite-chine,T-shirt,F,"[30.980392156862745, 2.0, -1.0]"
512,https://suny-suny.com/cdn/shop/files/TshirtencotonrecycleRockySunyVanthracitechineFW23-1_4c3ffe3d-8a27-4b89-a658-9cd7b8b689ef_2000x.jpg?v=1736875849,-,Tee shirt en coton bio ROCKY V SUNY anthracite chiné,https://suny-suny.com/products/tee-shirt-en-coton-upcycle-rocky-v-suny-anthracite-chine,T-shirt,F,"[41.17647058823529, 1.0, -1.0]"
513,https://suny-suny.com/cdn/shop/files/TshirtencotonetlinrecycleRockySunyVbeigechineFW23-1_2000x.jpg?v=1736853783,-,Tee shirt en coton bio ROCKY V SUNY écru chiné,https://suny-suny.com/products/tee-shirt-en-matiere-upcyclee-rocky-v-suny-chine,T-shirt,F,"[89.01960784313725, 2.0, 9.0]"
514,https://suny-suny.com/cdn/shop/files/t_shirt_ROCKY_SUNY_x_SYLVOUSH_2000x.jpg?v=1734879494,-,Tee shirt en coton bio SUNY x SYLVOUSH noir vieilli ,https://suny-suny.com/products/tee-shirt-en-coton-bio-rocky-suny-x-sylvoush-noir-vieilli,T-shirt,F,"[15.686274509803921, 1.0, -1.0]"
515,https://suny-suny.com/cdn/shop/files/Tshirt_EXTRA_SUNY_DOUX_beurre_frais_FW24.1_2000x.jpg?v=1720713617,-,Tee shirt en coton bio EXTRA SUNY DOUX beurre frais,https://suny-suny.com/products/tee-shirt-en-coton-bio-extra-suny-doux-beurre-frais,T-shirt,F,"[96.47058823529412, 1.0, 2.0]"
516,https://suny-suny.com/cdn/shop/files/Tshirt_EXTRA_SUNY_DOUX_bleu_saphir_FW24-1_2000x.jpg?v=1728407706,-,Tee shirt en coton bio EXTRA SUNY DOUX bleu saphir,https://suny-suny.com/products/tee-shirt-en-coton-bio-extra-suny-doux-bleu-saphir,T-shirt,F,"[18.823529411764707, 9.0, -26.0]"
517,https://suny-suny.com/cdn/shop/files/Tshirt_EXTRA_SUNY_DOUX_moutarde_FW24.1_2000x.jpg?v=1720714540,-,Tee shirt en coton bio EXTRA SUNY DOUX doux moutarde,https://suny-suny.com/products/tee-shirt-en-coton-bio-extra-suny-doux-moutarde,T-shirt,F,"[55.294117647058826, 5.0, 44.0]"
518,https://suny-suny.com/cdn/shop/files/Tshirt_EXTRA_SUNY_DOUX_moutarde_FW24.1_2000x.jpg?v=1720714540,-,Tee shirt en coton bio EXTRA SUNY DOUX doux moutarde,https://suny-suny.com/products/tee-shirt-en-coton-bio-extra-suny-doux-moutarde,T-shirt,F,"[44.70588235294118, 5.0, 37.0]"
519,https://suny-suny.com/cdn/shop/files/TshirtEXTRASUNYDOUXvioletroyalFW24.1_2000x.jpg?v=1720715362,-,Tee shirt en coton bio EXTRA SUNY DOUX violet royal,https://suny-suny.com/products/tee-shirt-en-coton-bio-extra-suny-doux-violet-royal,T-shirt,F,"[28.627450980392155, 13.0, -15.0]"
520,https://suny-suny.com/cdn/shop/files/TshirtEXTRASUNYDOUXvioletroyalFW24.1_2000x.jpg?v=1720715362,-,Tee shirt en coton bio EXTRA SUNY DOUX violet royal,https://suny-suny.com/products/tee-shirt-en-coton-bio-extra-suny-doux-violet-royal,T-shirt,F,"[35.68627450980392, 15.0, -17.0]"
521,https://suny-suny.com/cdn/shop/products/TeeshirtcotonbioSunyExtranoirnoirW22-1_2000x.jpg?v=1720712958,-,Tee shirt en coton bio EXTRA SUNY DOUX noir,https://suny-suny.com/products/tee-shirt-en-coton-bio-extra-suny-doux,T-shirt,F,"[9.019607843137255, 2.0, -1.0]"
522,https://suny-suny.com/cdn/shop/files/TeeshirtcotonbioSunyExtraanthraciteW22-1_7e21a538-8299-43fe-a84f-1e3ce4d48204_2000x.jpg?v=1709480599,-,Tee shirt en coton bio EXTRA SUNY DOUX anthracite,https://suny-suny.com/products/tee-shirt-femme-en-coton-bio-extra-suny-doux-anthracite,T-shirt,F,"[28.627450980392155, 2.0, -2.0]"
523,https://suny-suny.com/cdn/shop/files/TeeshirtcotonbioSunyExtrabronzeterreW22-1_625568a1-a435-4f21-ba74-cb985992f3ce_2000x.jpg?v=1709479771,-,Tee shirt en coton bio EXTRA SUNY DOUX bronze terre,https://suny-suny.com/products/tee-shirt-femme-en-coton-bio-extra-suny-doux-bronze-terre,T-shirt,F,"[64.70588235294117, 12.0, 49.0]"
524,https://suny-suny.com/cdn/shop/files/TeeshirtcotonbioSunyExtrabronzeterreW22-1_625568a1-a435-4f21-ba74-cb985992f3ce_2000x.jpg?v=1709479771,-,Tee shirt en coton bio EXTRA SUNY DOUX bronze terre,https://suny-suny.com/products/tee-shirt-femme-en-coton-bio-extra-suny-doux-bronze-terre,T-shirt,F,"[55.68627450980392, 14.0, 45.0]"
525,https://suny-suny.com/cdn/shop/files/TeeshirtcotonbioSunyExtragrischatonW22-1_5eec2712-a446-4093-89d5-95e14e72e74f_2000x.jpg?v=1709480347,-,Tee shirt en coton bio EXTRA SUNY DOUX gris chaton,https://suny-suny.com/products/tee-shirt-femme-en-coton-bio-extra-suny-doux-gris-chaton,T-shirt,F,"[78.43137254901961, -1.0, -3.0]"
526,https://suny-suny.com/cdn/shop/files/TeeshirtcotonbioSunyExtragriskakiW22-1_38eefa0e-635d-4208-89b8-a36d655b7a60_2000x.jpg?v=1709479620,-,Tee shirt en coton bio EXTRA SUNY DOUX gris kaki,https://suny-suny.com/products/tee-shirt-femme-en-coton-bio-extra-suny-doux-gris-kaki,T-shirt,F,"[66.27450980392156, 0.0, 6.0]"
527,https://suny-suny.com/cdn/shop/files/TeeshirtcotonbioSunyExtragriskakiW22-1_38eefa0e-635d-4208-89b8-a36d655b7a60_2000x.jpg?v=1709479620,-,Tee shirt en coton bio EXTRA SUNY DOUX gris kaki,https://suny-suny.com/products/tee-shirt-femme-en-coton-bio-extra-suny-doux-gris-kaki,T-shirt,F,"[56.86274509803921, 1.0, 6.0]"
528,https://suny-suny.com/cdn/shop/files/TeeshirtcotonbioSunyExtravertcanardW22-1_634d0e09-4bd0-4dbf-bf4b-6da1a8075968_2000x.jpg?v=1709479948,-,Tee shirt en coton bio EXTRA SUNY DOUX vert canard,https://suny-suny.com/products/tee-shirt-femme-en-coton-bio-extra-suny-doux-vert-canard,T-shirt,F,"[25.49019607843137, -5.0, -10.0]"
529,https://suny-suny.com/cdn/shop/files/TeeshirtcotonbioSunyExtravertcanardW22-1_634d0e09-4bd0-4dbf-bf4b-6da1a8075968_2000x.jpg?v=1709479948,-,Tee shirt en coton bio EXTRA SUNY DOUX vert canard,https://suny-suny.com/products/tee-shirt-femme-en-coton-bio-extra-suny-doux-vert-canard,T-shirt,F,"[18.43137254901961, -5.0, -8.0]"
530,https://suny-suny.com/cdn/shop/files/TeeshirtcotonbioSunyExtravertpinW22-1_e86cdcc2-9653-4707-b259-a816f59006f8_2000x.jpg?v=1709480117,-,Tee shirt en coton bio EXTRA SUNY DOUX vert pin,https://suny-suny.com/products/tee-shirt-femme-en-coton-bio-extra-suny-doux-vert-pin,T-shirt,F,"[33.33333333333333, -12.0, -10.0]"
531,https://suny-suny.com/cdn/shop/files/TeeshirtcotonbioSunyExtravertpinW22-1_e86cdcc2-9653-4707-b259-a816f59006f8_2000x.jpg?v=1709480117,-,Tee shirt en coton bio EXTRA SUNY DOUX vert pin,https://suny-suny.com/products/tee-shirt-femme-en-coton-bio-extra-suny-doux-vert-pin,T-shirt,F,"[41.96078431372549, -14.0, -12.0]"
532,https://suny-suny.com/cdn/shop/files/TeeshirtcotonbioExtraSunytaupeFW24-1_2000x.jpg?v=1720547418,-,Tee shirt en viscose et lin upcyclés EXTRA SUNY taupe,https://suny-suny.com/products/tee-shirt-en-viscose-et-lin-upcycles-extra-suny-taupe,T-shirt,F,"[58.03921568627452, 3.0, 2.0]"
533,https://suny-suny.com/cdn/shop/files/TeeshirtcotonetlinrecycleExtraSunybeigechineFW23-1_2000x.jpg?v=1705915800,-,Tee shirt en viscose et lin upcyclés EXTRA SUNY écru chiné,https://suny-suny.com/products/tee-shirt-en-coton-upcycle-extra-suny-chine,T-shirt,F,"[88.62745098039215, 3.0, 8.0]"
534,https://suny-suny.com/cdn/shop/files/TeeshirtcotonbioextrasunyvertmystereFW21-1_5000x_e68424ba-5525-4d83-a4e4-b3996942551f_2000x.jpg?v=1709478942,-,Tee shirt en viscose et lin upcyclés EXTRA SUNY vert mystère,https://suny-suny.com/products/tee-shirt-femme-en-coton-bio-extra-suny-vert-mystere,T-shirt,F,"[29.411764705882355, -5.0, -3.0]"
535,https://suny-suny.com/cdn/shop/files/TeeshirtcotonbiowidesunynoirnoirFW20-1_5000x_5b24999d-a563-40bb-ad0c-540b90fe3e74_2000x.jpg?v=1737655918,-,Tee shirt en viscose et lin upcyclés EXTRA SUNY noir,https://suny-suny.com/products/tee-shirt-en-coton-bio-extra-suny-noir,T-shirt,F,"[10.196078431372548, 2.0, -1.0]"
536,https://suny-suny.com/cdn/shop/files/TeeshirtcotonbioExtraSunykakimousseFW23-1_28bd03a5-f85a-4ca9-bfa6-e8786ad85bf6_2000x.jpg?v=1737660341,-,Tee shirt en viscose et lin upcyclés EXTRA SUNY kaki mousse,https://suny-suny.com/products/tee-shirt-femme-en-coton-bio-extra-suny-kaki-mousse,T-shirt,F,"[52.54901960784314, 0.0, 19.0]"
537,https://suny-suny.com/cdn/shop/files/TeeshirtcotonbioExtraSunyhavaneFW23-1_56c0661f-897c-4285-a945-b43653e799bb_2000x.jpg?v=1721062671,-,Tee shirt en viscose et lin upcyclés EXTRA SUNY havane,https://suny-suny.com/products/tee-shirt-femme-en-coton-bio-extra-suny-havane,T-shirt,F,"[61.1764705882353, 14.0, 42.0]"
538,https://suny-suny.com/cdn/shop/products/TeeshirtcotonbioextrasunyblancblancFW21-1_25f1d700-835a-4e1b-85d5-4b8f7d230a58_2000x.jpg?v=1737651714,-,Tee shirt en viscose et lin upcyclés EXTRA SUNY blanc,https://suny-suny.com/products/tee-shirt-extra-suny,T-shirt,F,"[95.29411764705881, 1.0, -3.0]"
539,https://suny-suny.com/cdn/shop/files/Tee_shirt_coton_bio_Extra_Suny_facile_anthracite_FW24-2_2000x.jpg?v=1720710836,-,Tee shirt en viscose et lin upcyclés EXTRA SUNY anthracite,https://suny-suny.com/products/tee-shirt-en-coton-upcycle-extra-suny-facile-anthracite,T-shirt,F,"[62.35294117647059, 2.0, 0.0]"
540,https://suny-suny.com/cdn/shop/files/Tee_shirt_coton_bio_Extra_Suny_facile_anthracite_FW24-2_2000x.jpg?v=1720710836,-,Tee shirt en viscose et lin upcyclés EXTRA SUNY anthracite,https://suny-suny.com/products/tee-shirt-en-coton-upcycle-extra-suny-facile-anthracite,T-shirt,F,"[43.92156862745098, 2.0, 1.0]"
541,https://suny-suny.com/cdn/shop/files/TeeshirtcotonbioExtraSunyfacilebleuFW24-3_2000x.jpg?v=1720709849,-,Tee shirt en viscose et lin upcyclés EXTRA SUNY facile bleu,https://suny-suny.com/products/tee-shirt-en-coton-upcycle-extra-suny-facile-bleu,T-shirt,F,"[63.13725490196078, 3.0, -5.0]"
542,https://suny-suny.com/cdn/shop/files/TeeshirtcotonbioExtraSunyfacilebleuFW24-3_2000x.jpg?v=1720709849,-,Tee shirt en viscose et lin upcyclés EXTRA SUNY facile bleu,https://suny-suny.com/products/tee-shirt-en-coton-upcycle-extra-suny-facile-bleu,T-shirt,F,"[42.35294117647059, 3.0, -7.0]"
543,https://suny-suny.com/cdn/shop/files/TeeshirtcotonbioExtraSunyfacilebleuFW24-3_2000x.jpg?v=1720709849,-,Tee shirt en viscose et lin upcyclés EXTRA SUNY facile bleu,https://suny-suny.com/products/tee-shirt-en-coton-upcycle-extra-suny-facile-bleu,T-shirt,F,"[84.70588235294117, 3.0, -2.0]"
544,https://suny-suny.com/cdn/shop/files/Tee_shirt_coton_bio_Extra_Suny_facile_kaki_FW24-1_2000x.jpg?v=1720709345,-,Tee shirt en viscose et lin upcyclés EXTRA SUNY facile kaki,https://suny-suny.com/products/tee-shirt-en-coton-upcycle-extra-suny-facile-kaki,T-shirt,F,"[74.11764705882354, 1.0, 9.0]"
545,https://suny-suny.com/cdn/shop/files/Tee_shirt_coton_bio_Extra_Suny_facile_kaki_FW24-1_2000x.jpg?v=1720709345,-,Tee shirt en viscose et lin upcyclés EXTRA SUNY facile kaki,https://suny-suny.com/products/tee-shirt-en-coton-upcycle-extra-suny-facile-kaki,T-shirt,F,"[87.45098039215686, 1.0, 7.0]"
546,https://suny-suny.com/cdn/shop/files/Tshirt_EXTRA_SUNY_V_beurre_frais_FW24.1_2000x.jpg?v=1721118810,-,Tee shirt en coton bio EXTRA SUNY V beurre frais,https://suny-suny.com/products/tee-shirt-en-coton-bio-extra-suny-v-beurre-frais,T-shirt,F,"[95.29411764705881, 1.0, 4.0]"
547,https://suny-suny.com/cdn/shop/files/Tshirt_EXTRA_SUNY_V_beurre_frais_FW24.1_2000x.jpg?v=1721118810,-,Tee shirt en coton bio EXTRA SUNY V beurre frais,https://suny-suny.com/products/tee-shirt-en-coton-bio-extra-suny-v-beurre-frais,T-shirt,F,"[90.58823529411765, 1.0, 7.0]"
548,https://suny-suny.com/cdn/shop/files/TeeshirtcotonbioextrasunyVblancblancFW21-1_a6f1d5f5-6f60-4231-9970-b153689dbca5_2000x.jpg?v=1737656665,-,Tee shirt en coton bio EXTRA SUNY V blanc,https://suny-suny.com/products/tee-shirt-femme-en-coton-bio-extra-suny-v-blanc-blanc,T-shirt,F,"[94.50980392156862, 1.0, -3.0]"
549,https://suny-suny.com/cdn/shop/products/TeeshirtcotonbiowidesunyVnoirnoirFW20-1_5000x_f508860e-4cd2-4d28-9d22-a74daa21011b_2000x.jpg?v=1689616249,-,Tee shirt en coton bio EXTRA SUNY V noir ,https://suny-suny.com/products/tee-shirt-extra-suny-v,T-shirt,F,"[12.156862745098039, 3.0, -1.0]"
550,https://suny-suny.com/cdn/shop/files/TeeshirtcotonbioextrasunyVcharbonFW21-1_317d5c79-1384-4a12-966f-8a0443a9e1e3_2000x.jpg?v=1709482594,-,Tee shirt en coton bio EXTRA SUNY V charbon,https://suny-suny.com/products/tee-shirt-femme-en-coton-bio-extra-suny-v-charbon,T-shirt,F,"[44.70588235294118, 3.0, -2.0]"
551,https://suny-suny.com/cdn/shop/files/TeeshirtcotonbioextrasunyVcharbonFW21-1_317d5c79-1384-4a12-966f-8a0443a9e1e3_2000x.jpg?v=1709482594,-,Tee shirt en coton bio EXTRA SUNY V charbon,https://suny-suny.com/products/tee-shirt-femme-en-coton-bio-extra-suny-v-charbon,T-shirt,F,"[36.07843137254902, 4.0, -1.0]"
552,https://suny-suny.com/cdn/shop/files/TeeshirtcotonbioextrasunyVgrisnuageFW21-1_5000x_d0a04011-575d-4402-b2f4-67881ed9197b_2000x.jpg?v=1709482445,-,Tee shirt en coton bio EXTRA SUNY V gris nuage,https://suny-suny.com/products/tee-shirt-femme-en-coton-bio-extra-suny-v-gris-nuage,T-shirt,F,"[89.41176470588236, 1.0, 3.0]"
553,https://suny-suny.com/cdn/shop/files/TeeshirtcotonbioextrasunyVgrisnuageFW21-1_5000x_d0a04011-575d-4402-b2f4-67881ed9197b_2000x.jpg?v=1709482445,-,Tee shirt en coton bio EXTRA SUNY V gris nuage,https://suny-suny.com/products/tee-shirt-femme-en-coton-bio-extra-suny-v-gris-nuage,T-shirt,F,"[82.74509803921568, 1.0, 4.0]"
554,https://suny-suny.com/cdn/shop/files/TeeshirtcotonbioExtraSunyVhavaneFW23-1_e4c1158f-b130-4357-9a33-c369aac0d281_2000x.jpg?v=1711383443,-,Tee shirt en coton bio EXTRA SUNY V havane,https://suny-suny.com/products/tee-shirt-femme-en-coton-bio-extra-suny-v-havane,T-shirt,F,"[66.27450980392156, 13.0, 44.0]"
555,https://suny-suny.com/cdn/shop/files/TeeshirtcotonbioExtraSunyVkakimousseFW23-1_ef5f46e9-24ce-48b9-a8c8-23ad0425a767_2000x.jpg?v=1711383517,-,Tee shirt en coton bio EXTRA SUNY V kaki mousse,https://suny-suny.com/products/tee-shirt-femme-en-coton-bio-extra-suny-v-kaki-mousse,T-shirt,F,"[59.21568627450981, 1.0, 20.0]"
556,https://suny-suny.com/cdn/shop/files/TeeshirtcotonbioExtraSunyVkakimousseFW23-1_ef5f46e9-24ce-48b9-a8c8-23ad0425a767_2000x.jpg?v=1711383517,-,Tee shirt en coton bio EXTRA SUNY V kaki mousse,https://suny-suny.com/products/tee-shirt-femme-en-coton-bio-extra-suny-v-kaki-mousse,T-shirt,F,"[50.588235294117645, 1.0, 18.0]"
557,https://suny-suny.com/cdn/shop/files/TeeshirtcotonbioExtraSunyVpruneFW23-1_165c4920-d0b8-43f6-9dff-5974fe5613d5_2000x.jpg?v=1709481833,-,Tee shirt en coton bio EXTRA SUNY V prune,https://suny-suny.com/products/tee-shirt-femme-en-coton-bio-extra-suny-v-prune,T-shirt,F,"[29.80392156862745, 29.0, 1.0]"
558,https://suny-suny.com/cdn/shop/files/TeeshirtcotonbioExtraSunyVpruneFW23-1_165c4920-d0b8-43f6-9dff-5974fe5613d5_2000x.jpg?v=1709481833,-,Tee shirt en coton bio EXTRA SUNY V prune,https://suny-suny.com/products/tee-shirt-femme-en-coton-bio-extra-suny-v-prune,T-shirt,F,"[35.294117647058826, 30.0, 0.0]"
559,https://suny-suny.com/cdn/shop/files/TeeshirtcotonbioextrasunyVroseancienFW21-1_0e42b98c-1d84-4d0b-bbe6-c2f4003be56d_2000x.jpg?v=1709556190,-,Tee shirt en coton bio EXTRA SUNY V rose ancien ,https://suny-suny.com/products/tee-shirt-femme-en-coton-bio-extra-suny-v-rose-ancien,T-shirt,F,"[79.2156862745098, 13.0, 20.0]"
560,https://suny-suny.com/cdn/shop/files/TeeshirtcotonrecycleExtraSunyVanthracitechineFW23-1_2000x.jpg?v=1720720105,-,Tee shirt en coton bio EXTRA SUNY V anhracite chiné,https://suny-suny.com/products/tee-shirt-en-coton-upcycle-extra-suny-v-chine,T-shirt,F,"[30.980392156862745, 1.0, -1.0]"
561,https://suny-suny.com/cdn/shop/files/TeeshirtcotonrecycleExtraSunyVanthracitechineFW23-1_2000x.jpg?v=1720720105,-,Tee shirt en coton bio EXTRA SUNY V anhracite chiné,https://suny-suny.com/products/tee-shirt-en-coton-upcycle-extra-suny-v-chine,T-shirt,F,"[41.96078431372549, 2.0, -1.0]"
562,https://suny-suny.com/cdn/shop/files/Tshirt_EXTRA_SUNY_V_noir_graphite_FW24.1_2000x.jpg?v=1721119594,-,Tee shirt en coton bio EXTRA SUNY V noir graphite,https://suny-suny.com/products/tee-shirt-en-coton-bio-extra-suny-v-noir-graphite,T-shirt,F,"[24.705882352941178, 1.0, -3.0]"
563,https://suny-suny.com/cdn/shop/files/Tshirt_EXTRA_SUNY_V_noir_graphite_FW24.1_2000x.jpg?v=1721119594,-,Tee shirt en coton bio EXTRA SUNY V noir graphite,https://suny-suny.com/products/tee-shirt-en-coton-bio-extra-suny-v-noir-graphite,T-shirt,F,"[32.15686274509804, 2.0, -3.0]"
564,https://suny-suny.com/cdn/shop/files/TeeshirtcotonbioExtraSunyfacilebleuFW24-3.jpg?v=1720709849&width=300,-,Tee shirt en coton upcyclé EXTRA SUNY FACILE anthracite,https://suny-suny.com/products/tee-shirt-en-coton-upcycle-extra-suny-facile-anthracite,T-shirt,F,"[66.27450980392156, 4.0, -6.0]"
565,https://suny-suny.com/cdn/shop/files/TeeshirtcotonbioExtraSunyfacilebleuFW24-3.jpg?v=1720709849&width=300,-,Tee shirt en coton upcyclé EXTRA SUNY FACILE anthracite,https://suny-suny.com/products/tee-shirt-en-coton-upcycle-extra-suny-facile-anthracite,T-shirt,F,"[55.68627450980392, 3.0, -4.0]"
566,https://suny-suny.com/cdn/shop/files/TeeshirtcotonbioExtraSunyfacilebleuFW24-3_2000x.jpg?v=1720709849,-,Tee shirt en coton upcyclé EXTRA SUNY FACILE bleu,https://suny-suny.com/products/tee-shirt-en-coton-upcycle-extra-suny-facile-bleu,T-shirt,F,"[63.13725490196078, 3.0, -5.0]"
567,https://suny-suny.com/cdn/shop/files/TeeshirtcotonbioExtraSunyfacilebleuFW24-3_2000x.jpg?v=1720709849,-,Tee shirt en coton upcyclé EXTRA SUNY FACILE bleu,https://suny-suny.com/products/tee-shirt-en-coton-upcycle-extra-suny-facile-bleu,T-shirt,F,"[42.35294117647059, 3.0, -7.0]"
568,https://suny-suny.com/cdn/shop/files/TeeshirtcotonbioExtraSunyfacilebleuFW24-3_2000x.jpg?v=1720709849,-,Tee shirt en coton upcyclé EXTRA SUNY FACILE bleu,https://suny-suny.com/products/tee-shirt-en-coton-upcycle-extra-suny-facile-bleu,T-shirt,F,"[84.70588235294117, 3.0, -2.0]"
569,https://suny-suny.com/cdn/shop/files/Tee_shirt_coton_bio_Extra_Suny_facile_kaki_FW24-1_2000x.jpg?v=1720709345,-,Tee shirt en coton upcyclé EXTRA SUNY FACILE kaki,https://suny-suny.com/products/tee-shirt-en-coton-upcycle-extra-suny-facile-kaki,T-shirt,F,"[74.11764705882354, 1.0, 9.0]"
570,https://suny-suny.com/cdn/shop/files/Tee_shirt_coton_bio_Extra_Suny_facile_kaki_FW24-1_2000x.jpg?v=1720709345,-,Tee shirt en coton upcyclé EXTRA SUNY FACILE kaki,https://suny-suny.com/products/tee-shirt-en-coton-upcycle-extra-suny-facile-kaki,T-shirt,F,"[87.45098039215686, 1.0, 7.0]"
571,https://suny-suny.com/cdn/shop/files/TeeshirtcotonbioExtraSunytaupeFW24-1_2000x.jpg?v=1720547418,-,Tee shirt en coton upcyclé EXTRA SUNY FACILE taupe,https://suny-suny.com/products/tee-shirt-en-viscose-et-lin-upcycles-extra-suny-taupe,T-shirt,F,"[57.647058823529406, 4.0, 2.0]"
572,https://suny-suny.com/cdn/shop/files/TeeshirtcotonetlinrecycleExtraSunybeigechineFW23-1_2000x.jpg?v=1705915800,-,Tee shirt en coton upcyclé EXTRA SUNY FACILE écru chiné,https://suny-suny.com/products/tee-shirt-en-coton-upcycle-extra-suny-chine,T-shirt,F,"[88.62745098039215, 3.0, 8.0]"
573,https://suny-suny.com/cdn/shop/files/TeeshirtcotonbioextrasunyvertmystereFW21-1_5000x_e68424ba-5525-4d83-a4e4-b3996942551f_2000x.jpg?v=1709478942,-,Tee shirt en coton upcyclé EXTRA SUNY FACILE vert mystère ,https://suny-suny.com/products/tee-shirt-femme-en-coton-bio-extra-suny-vert-mystere,T-shirt,F,"[29.411764705882355, -5.0, -3.0]"
574,https://suny-suny.com/cdn/shop/files/TeeshirtcotonbiowidesunynoirnoirFW20-1_5000x_5b24999d-a563-40bb-ad0c-540b90fe3e74_2000x.jpg?v=1737655918,-,Tee shirt en coton upcyclé EXTRA SUNY FACILE noir,https://suny-suny.com/products/tee-shirt-en-coton-bio-extra-suny-noir,T-shirt,F,"[10.196078431372548, 2.0, -1.0]"
575,https://suny-suny.com/cdn/shop/files/TeeshirtcotonbioExtraSunykakimousseFW23-1_28bd03a5-f85a-4ca9-bfa6-e8786ad85bf6_2000x.jpg?v=1737660341,-,Tee shirt en coton upcyclé EXTRA SUNY FACILE kaki mousse,https://suny-suny.com/products/tee-shirt-femme-en-coton-bio-extra-suny-kaki-mousse,T-shirt,F,"[52.54901960784314, 0.0, 19.0]"
576,https://suny-suny.com/cdn/shop/products/TeeshirtcotonbioextrasunyblancblancFW21-1_25f1d700-835a-4e1b-85d5-4b8f7d230a58_2000x.jpg?v=1737651714,-,Tee shirt en coton upcyclé EXTRA SUNY FACILE blanc,https://suny-suny.com/products/tee-shirt-extra-suny,T-shirt,F,"[95.68627450980392, 1.0, -2.0]"
577,https://suny-suny.com/cdn/shop/files/TeeshirtcotonbioExtraSunyhavaneFW23-1_56c0661f-897c-4285-a945-b43653e799bb_2000x.jpg?v=1721062671,-,Tee shirt en coton upcyclé EXTRA SUNY FACILE havane,https://suny-suny.com/products/tee-shirt-femme-en-coton-bio-extra-suny-havane,T-shirt,F,"[61.1764705882353, 14.0, 42.0]"
578,https://suny-suny.com/cdn/shop/files/TeeshirtcotonbioextrasunyroseancienFW21-1_25aa254f-be2d-4409-839d-6b183f6a789c_2000x.jpg?v=1709479287,-,Tee shirt en coton upcyclé EXTRA SUNY FACILE rose ancien ,https://suny-suny.com/products/tee-shirt-femme-en-coton-bio-extra-suny-rose-ancien,T-shirt,F,"[74.50980392156863, 15.0, 21.0]"
579,https://suny-suny.com/cdn/shop/products/TeeshirtcotonbioSunyExtraVnoirnoirW22-1_2000x.jpg?v=1711459199,-,Tee shirt en coton bio EXTRA SUNY V DOUX noir,https://suny-suny.com/products/tee-shirt-en-coton-bio-extra-suny-v-doux,T-shirt,F,"[18.03921568627451, 2.0, -1.0]"
580,https://suny-suny.com/cdn/shop/products/TeeshirtcotonbioSunyExtraVnoirnoirW22-1_2000x.jpg?v=1711459199,-,Tee shirt en coton bio EXTRA SUNY V DOUX noir,https://suny-suny.com/products/tee-shirt-en-coton-bio-extra-suny-v-doux,T-shirt,F,"[10.980392156862745, 0.0, 0.0]"
581,https://suny-suny.com/cdn/shop/files/TeeshirtcotonbioSunyExtraVanthraciteW22-1_31e36b10-9c59-4fea-a903-d73ffa1ea19e_2000x.jpg?v=1709487192,-,Tee shirt en coton bio EXTRA SUNY V DOUX anthracite,https://suny-suny.com/products/tee-shirt-femme-en-coton-bio-extra-suny-v-doux-anthracite,T-shirt,F,"[52.54901960784314, 2.0, -4.0]"
582,https://suny-suny.com/cdn/shop/files/TeeshirtcotonbioSunyExtraVbronzeterreW22-1_50a7fa22-b298-4f3b-b6f8-ade3eed2594c_2000x.jpg?v=1709487401,-,Tee shirt en coton bio EXTRA SUNY V DOUX bronze terre,https://suny-suny.com/products/tee-shirt-femme-en-coton-bio-extra-suny-v-doux-bronze-terre-1,T-shirt,F,"[70.58823529411765, 11.0, 57.0]"
583,https://suny-suny.com/cdn/shop/files/TeeshirtcotonbioSunyExtraVgrischatonW22-1_f8a56923-3a4b-49c0-b29d-93981d9d8db4_2000x.jpg?v=1709486108,-,Tee shirt en coton bio EXTRA SUNY V DOUX gris chaton,https://suny-suny.com/products/tee-shirt-femme-en-coton-bio-extra-suny-v-doux-gris-chaton-1,T-shirt,F,"[83.13725490196079, -1.0, -3.0]"
584,https://suny-suny.com/cdn/shop/files/TeeshirtcotonbioSunyExtraVgrischatonW22-1_f8a56923-3a4b-49c0-b29d-93981d9d8db4_2000x.jpg?v=1709486108,-,Tee shirt en coton bio EXTRA SUNY V DOUX gris chaton,https://suny-suny.com/products/tee-shirt-femme-en-coton-bio-extra-suny-v-doux-gris-chaton-1,T-shirt,F,"[73.72549019607844, -1.0, -4.0]"
585,https://suny-suny.com/cdn/shop/files/TeeshirtcotonbioSunyExtraVgriskakiW22-1_650ca170-3b6c-425b-8464-a126eb6013a1_2000x.jpg?v=1709485384,-,Tee shirt en coton bio EXTRA SUNY V DOUX gris kaki ,https://suny-suny.com/products/tee-shirt-femme-en-coton-bio-extra-suny-v-doux-gris-kaki,T-shirt,F,"[67.05882352941175, 1.0, 6.0]"
586,https://suny-suny.com/cdn/shop/files/TeeshirtcotonbioSunyExtraVvertcanardW22-1_846faf3e-b488-48ea-8b7b-2707fa57cbf9_2000x.jpg?v=1709488060,-,Tee shirt en coton bio EXTRA SUNY V DOUX vert canard ,https://suny-suny.com/products/tee-shirt-femme-en-coton-bio-extra-suny-v-doux-vert-canard,T-shirt,F,"[38.03921568627451, -6.0, -10.0]"
587,https://suny-suny.com/cdn/shop/files/TeeshirtcotonbioSunyExtraVvertcanardW22-1_846faf3e-b488-48ea-8b7b-2707fa57cbf9_2000x.jpg?v=1709488060,-,Tee shirt en coton bio EXTRA SUNY V DOUX vert canard ,https://suny-suny.com/products/tee-shirt-femme-en-coton-bio-extra-suny-v-doux-vert-canard,T-shirt,F,"[30.58823529411765, -5.0, -9.0]"
588,https://suny-suny.com/cdn/shop/files/TeeshirtcotonbioSunyExtraVvertpinW22-1_c98bd4eb-420b-4e8e-a0cd-4bd3bb699097_2000x.jpg?v=1709488267,-,Tee shirt en coton bio EXTRA SUNY V DOUX vert pin ,https://suny-suny.com/products/tee-shirt-femme-en-coton-bio-extra-suny-v-doux-vert-pin,T-shirt,F,"[49.80392156862745, -17.0, -10.0]"
589,https://suny-suny.com/cdn/shop/files/TeeshirtcotonbioSunyExtraVvertpinW22-1_c98bd4eb-420b-4e8e-a0cd-4bd3bb699097_2000x.jpg?v=1709488267,-,Tee shirt en coton bio EXTRA SUNY V DOUX vert pin ,https://suny-suny.com/products/tee-shirt-femme-en-coton-bio-extra-suny-v-doux-vert-pin,T-shirt,F,"[41.568627450980394, -16.0, -9.0]"
590,https://suny-suny.com/cdn/shop/files/TshirtRockySunybeurrefraisSS24-1.jpg?v=1734618035&width=300,-,Tee shirt en coton bio ROCKY SUNY blanc,https://suny-suny.com/products/tee-shirt-en-coton-bio-rocky-suny-col-rond,T-shirt,F,"[95.29411764705881, 0.0, 4.0]"
591,https://suny-suny.com/cdn/shop/files/TshirtRockySunybeurrefraisSS24-1.jpg?v=1734618035&width=300,-,Tee shirt en coton bio ROCKY SUNY blanc,https://suny-suny.com/products/tee-shirt-en-coton-bio-rocky-suny-col-rond,T-shirt,F,"[91.37254901960785, 0.0, 7.0]"
592,https://suny-suny.com/cdn/shop/files/TshirtRockySunybeurrefraisSS24-1_2000x.jpg?v=1734618035,-,Tee shirt en coton bio ROCKY SUNY beurre frais,https://suny-suny.com/products/tee-shirt-femme-en-coton-bio-rocky-suny-beurre-frais,T-shirt,F,"[95.29411764705881, 0.0, 4.0]"
593,https://suny-suny.com/cdn/shop/files/TshirtRockySunybeurrefraisSS24-1_2000x.jpg?v=1734618035,-,Tee shirt en coton bio ROCKY SUNY beurre frais,https://suny-suny.com/products/tee-shirt-femme-en-coton-bio-rocky-suny-beurre-frais,T-shirt,F,"[91.37254901960785, 0.0, 7.0]"
594,https://suny-suny.com/cdn/shop/files/TshirtRockySunybleucanardSS24-1_22d7d6f4-6450-47f5-a1b9-f1837fe1cca7_2000x.jpg?v=1734617335,-,Tee shirt en coton bio ROCKY SUNY bleu canard,https://suny-suny.com/products/tee-shirt-femme-en-coton-bio-rocky-suny-bleu-canard,T-shirt,F,"[45.09803921568628, -20.0, -6.0]"
595,https://suny-suny.com/cdn/shop/files/TshirtRockySunybleucanardSS24-1_22d7d6f4-6450-47f5-a1b9-f1837fe1cca7_2000x.jpg?v=1734617335,-,Tee shirt en coton bio ROCKY SUNY bleu canard,https://suny-suny.com/products/tee-shirt-femme-en-coton-bio-rocky-suny-bleu-canard,T-shirt,F,"[35.294117647058826, -17.0, -5.0]"
596,https://suny-suny.com/cdn/shop/files/TshirtRockySunybleudeprusseSS24-1_dbdbf976-aef3-4294-8e2c-5d48311ebcc0_2000x.jpg?v=1709554733,-,Tee shirt en coton bio ROCKY SUNY bleu de Prusse,https://suny-suny.com/products/tee-shirt-femme-en-coton-bio-col-rond-rocky-suny-bleu-de-prusse,T-shirt,F,"[28.627450980392155, 1.0, -14.0]"
597,https://suny-suny.com/cdn/shop/files/PhotoRoom_20231010_121638_ff8e7c59-2d26-4928-a764-2fbaa6722505_2000x.jpg?v=1709550994,-,Tee shirt en coton bio ROCKY SUNY jaune d'or ,https://suny-suny.com/products/tee-shirt-femme-en-coton-bio-col-rond-rocky-suny-jaune-dor,T-shirt,F,"[86.66666666666667, 0.0, 38.0]"
598,https://suny-suny.com/cdn/shop/files/TshirtRockySunyjaunepailleSS23-1_d168ce2f-acef-40b0-816b-c5f923b12c9c_2000x.jpg?v=1709551646,-,Tee shirt en coton bio ROCKY SUNY jaune paille ,https://suny-suny.com/products/tee-shirt-femme-en-coton-bio-col-rond-rocky-suny-jaune-paille,T-shirt,F,"[94.90196078431372, -2.0, 19.0]"
599,https://suny-suny.com/cdn/shop/files/TshirtRockySunyjaunepailleSS23-1_d168ce2f-acef-40b0-816b-c5f923b12c9c_2000x.jpg?v=1709551646,-,Tee shirt en coton bio ROCKY SUNY jaune paille ,https://suny-suny.com/products/tee-shirt-femme-en-coton-bio-col-rond-rocky-suny-jaune-paille,T-shirt,F,"[92.94117647058823, -2.0, 23.0]"
600,https://suny-suny.com/cdn/shop/files/tee_shirt_ROCKY_SUNY_noir_noir_2000x.jpg?v=1734880687,-,Tee shirt en coton bio ROCKY SUNY noir,https://suny-suny.com/products/tee-shirt-femme-en-coton-bio-col-rond-rocky-suny-noir,T-shirt,F,"[10.980392156862745, 1.0, -2.0]"
601,https://suny-suny.com/cdn/shop/files/tee_shirt_ROCKY_SUNY_noir_vieillu_2000x.jpg?v=1734880483,-,Tee shirt en coton bio ROCKY SUNY noir vieilli ,https://suny-suny.com/products/tee-shirt-en-coton-bio-oversize-rocky-suny-noir-vieilli,T-shirt,F,"[20.0, 1.0, -1.0]"
602,https://suny-suny.com/cdn/shop/files/TshirtRockySunypurplerainSS24-1_2000x.jpg?v=1709552027,-,Tee shirt en coton bio ROCKY SUNY purple rain,https://suny-suny.com/products/tee-shirt-femme-en-coton-bio-col-rond-rocky-suny-purple-rain,T-shirt,F,"[40.78431372549019, 32.0, -25.0]"
603,https://suny-suny.com/cdn/shop/files/TshirtRockySunypurplerainSS24-1_2000x.jpg?v=1709552027,-,Tee shirt en coton bio ROCKY SUNY purple rain,https://suny-suny.com/products/tee-shirt-femme-en-coton-bio-col-rond-rocky-suny-purple-rain,T-shirt,F,"[33.72549019607843, 28.0, -22.0]"
604,https://suny-suny.com/cdn/shop/files/TeeshirtcotonbioRockyrosepoudreS22-1_746bc09d-ece0-4e67-a8b7-e16987bc4d64_2000x.jpg?v=1735844250,-,Tee shirt en coton bio ROCKY SUNY rose poudre ,https://suny-suny.com/products/tee-shirt-femme-en-coton-bio-col-rond-rocky-suny-rose-poudre,T-shirt,F,"[94.50980392156862, 2.0, 2.0]"
605,https://suny-suny.com/cdn/shop/files/TshirtRockySunyrouigeparadisSS24-1_fc116822-d768-4f9f-aa79-d36e39712d8e_2000x.jpg?v=1734617562,-,Tee shirt en coton bio ROCKY SUNY rouge paradis ,https://suny-suny.com/products/tee-shirt-femme-en-coton-bio-col-rond-rocky-suny-rouge-paradis,T-shirt,F,"[61.1764705882353, 61.0, 27.0]"
606,https://suny-suny.com/cdn/shop/files/TshirtRockySunyvertbronzeSS24-1_b0d109ca-5610-4cc8-ab5a-472e1ef82686_2000x.jpg?v=1709554253,-,Tee shirt en coton bio ROCKY SUNY vert bronze ,https://suny-suny.com/products/tee-shirt-femme-en-coton-bio-col-rond-rocky-suny-vert-bronze,T-shirt,F,"[51.76470588235295, 5.0, 29.0]"
607,https://suny-suny.com/cdn/shop/files/TshirtencotonetlinrecycleRockySunyanthracitechineFW23-1_2000x.jpg?v=1738177174,-,Tee shirt en coton bio ROCKY SUNY anthracite chiné ,https://suny-suny.com/products/tee-shirt-en-matiere-upcyclee-rocky-suny-chine,T-shirt,F,"[29.411764705882355, 2.0, -1.0]"
608,https://suny-suny.com/cdn/shop/files/TshirtencotonetlinrecycleRockySunyanthracitechineFW23-1_2000x.jpg?v=1738177174,-,Tee shirt en coton bio ROCKY SUNY anthracite chiné ,https://suny-suny.com/products/tee-shirt-en-matiere-upcyclee-rocky-suny-chine,T-shirt,F,"[40.0, 1.0, -1.0]"
609,https://suny-suny.com/cdn/shop/files/TshirtencotonetlinrecycleRockySunybeigechineFW23-1_158d1a84-4220-475c-a699-3f1343dbb570_2000x.jpg?v=1738177465,-,Tee shirt en coton bio ROCKY SUNY écru chiné ,https://suny-suny.com/products/tee-shirt-en-matiere-upcyclee-rocky-suny-ecru-chine,T-shirt,F,"[89.41176470588236, 2.0, 9.0]"
610,https://suny-suny.com/cdn/shop/products/TeeshirtcotonbioextrasunyblancblancFW21-1_25f1d700-835a-4e1b-85d5-4b8f7d230a58_2000x.jpg?v=1737651714,-,Tee shirt en coton bio EXTRA SUNY blanc,https://suny-suny.com/products/tee-shirt-extra-suny,T-shirt,F,"[95.68627450980392, 1.0, -2.0]"
611,https://suny-suny.com/cdn/shop/files/TeeshirtcotonbioExtraSunyhavaneFW23-1_56c0661f-897c-4285-a945-b43653e799bb_2000x.jpg?v=1721062671,-,Tee shirt en coton bio EXTRA SUNY havane,https://suny-suny.com/products/tee-shirt-femme-en-coton-bio-extra-suny-havane,T-shirt,F,"[61.1764705882353, 14.0, 42.0]"
612,https://suny-suny.com/cdn/shop/files/TeeshirtcotonbioExtraSunykakimousseFW23-1_28bd03a5-f85a-4ca9-bfa6-e8786ad85bf6_2000x.jpg?v=1737660341,-,Tee shirt en coton bio EXTRA SUNY kaki mousse,https://suny-suny.com/products/tee-shirt-femme-en-coton-bio-extra-suny-kaki-mousse,T-shirt,F,"[52.54901960784314, 0.0, 19.0]"
613,https://suny-suny.com/cdn/shop/files/TeeshirtcotonbiowidesunynoirnoirFW20-1_5000x_5b24999d-a563-40bb-ad0c-540b90fe3e74_2000x.jpg?v=1737655918,-,Tee shirt en coton bio EXTRA SUNY noir,https://suny-suny.com/products/tee-shirt-en-coton-bio-extra-suny-noir,T-shirt,F,"[10.196078431372548, 2.0, -1.0]"
614,https://suny-suny.com/cdn/shop/files/TeeshirtcotonbioextrasunyroseancienFW21-1_25aa254f-be2d-4409-839d-6b183f6a789c_2000x.jpg?v=1709479287,-,Tee shirt en coton bio EXTRA SUNY rose ancien ,https://suny-suny.com/products/tee-shirt-femme-en-coton-bio-extra-suny-rose-ancien,T-shirt,F,"[74.50980392156863, 15.0, 21.0]"
615,https://suny-suny.com/cdn/shop/files/TeeshirtcotonbioextrasunyvertmystereFW21-1_5000x_e68424ba-5525-4d83-a4e4-b3996942551f_2000x.jpg?v=1709478942,-,Tee shirt en coton bio EXTRA SUNY vert mystère ,https://suny-suny.com/products/tee-shirt-femme-en-coton-bio-extra-suny-vert-mystere,T-shirt,F,"[29.411764705882355, -5.0, -3.0]"
616,https://suny-suny.com/cdn/shop/files/TeeshirtcotonetlinrecycleExtraSunybeigechineFW23-1_2000x.jpg?v=1705915800,-,Tee shirt en coton bio EXTRA SUNY écru chiné ,https://suny-suny.com/products/tee-shirt-en-coton-upcycle-extra-suny-chine,T-shirt,F,"[88.62745098039215, 3.0, 8.0]"
617,https://suny-suny.com/cdn/shop/files/TeeshirtcotonbioExtraSunytaupeFW24-1_2000x.jpg?v=1720547418,-,Tee shirt en coton bio EXTRA SUNY taupe,https://suny-suny.com/products/tee-shirt-en-viscose-et-lin-upcycles-extra-suny-taupe,T-shirt,F,"[57.647058823529406, 4.0, 2.0]"
618,https://colorfulstandard.com/cdn/shop/files/Optical-White.jpg?v=1738233857&width=1560,-,Classic Organic Tee - Optical White,https://colorfulstandard.com/fr-fr/products/classic-organic-tee-t-shirt-optical-white-male,T-shirt,H,"[96.07843137254902, 0.0, -2.0]"
619,https://colorfulstandard.com/cdn/shop/files/Deep-Black.jpg?v=1738233387&width=1560,-,Classic Organic Tee - Deep Black,https://colorfulstandard.com/fr-fr/products/classic-organic-tee-t-shirt-deep-black-male,T-shirt,H,"[13.333333333333334, 0.0, 0.0]"
620,https://colorfulstandard.com/cdn/shop/files/Faded-Black0.jpg?v=1738233429&width=1560,-,Classic Organic Tee - Faded Black,https://colorfulstandard.com/fr-fr/products/classic-organic-tee-t-shirt-faded-black-male,T-shirt,H,"[18.823529411764707, 0.0, 0.0]"
621,https://colorfulstandard.com/cdn/shop/files/Women_Oversized_Organic_T-Shirt-Women_Oversized_T-shirt-CS2056-Optical_White_4ffdab98-f224-4cc8-8226-5881147fa4c1.jpg?v=1686138639&width=1560,-,Oversized Organic T-Shirt - Optical White,https://colorfulstandard.com/fr-fr/products/oversized-organic-t-shirt-optical-white-male,T-shirt,H,"[93.72549019607843, 0.0, 0.0]"
622,https://colorfulstandard.com/cdn/shop/files/Ivory-White.jpg?v=1738233561&width=1560,-,Classic Organic Tee - Ivory White,https://colorfulstandard.com/fr-fr/products/classic-organic-tee-t-shirt-ivory-white-male,T-shirt,H,"[89.01960784313725, 1.0, 5.0]"
623,https://colorfulstandard.com/cdn/shop/files/Ivory-White.jpg?v=1738233561&width=1560,-,Classic Organic Tee - Ivory White,https://colorfulstandard.com/fr-fr/products/classic-organic-tee-t-shirt-ivory-white-male,T-shirt,H,"[86.27450980392157, 1.0, 5.0]"
624,https://colorfulstandard.com/cdn/shop/files/CS1001_Male_ClassicOrganicTee-MidnightForest_2_fabaecdc-70df-49c7-88fa-ecbddd48fc1e.jpg?v=1738160968&width=3000,-,Classic Organic Tee - Midnight Forest,https://colorfulstandard.com/fr-fr/products/classic-organic-tee-t-shirt-midnight-forest-male,T-shirt,H,"[23.52941176470588, -6.0, 4.0]"
625,https://colorfulstandard.com/cdn/shop/files/CS1001_Male_ClassicOrganicTee-MidnightForest_2_fabaecdc-70df-49c7-88fa-ecbddd48fc1e.jpg?v=1738160968&width=3000,-,Classic Organic Tee - Midnight Forest,https://colorfulstandard.com/fr-fr/products/classic-organic-tee-t-shirt-midnight-forest-male,T-shirt,H,"[27.058823529411764, -6.0, 4.0]"
626,https://colorfulstandard.com/cdn/shop/files/Navy-Blue-Light.jpg?v=1738233803&width=1560,-,Classic Organic Tee - Navy Blue,https://colorfulstandard.com/fr-fr/products/classic-organic-tee-t-shirt-navy-blue-male,T-shirt,H,"[11.76470588235294, 4.0, -12.0]"
627,https://colorfulstandard.com/cdn/shop/files/Oversized_Organic_T-Shirt-Women_Oversized_T-shirt-CS2056-Faded_Black_666ade0b-9130-4a0a-ac60-2a5014a5fd1b.jpg?v=1686062357&width=1560,-,Oversized Organic T-Shirt - Faded Black,https://colorfulstandard.com/fr-fr/products/oversized-organic-t-shirt-faded-black-male,T-shirt,H,"[18.03921568627451, 2.0, -1.0]"
628,https://colorfulstandard.com/cdn/shop/files/Oxblood-Red.jpg?v=1738233871&width=1560,-,Classic Organic Tee - Oxblood Red,https://colorfulstandard.com/fr-fr/products/classic-organic-tee-t-shirt-oxblood-red-male,T-shirt,H,"[12.549019607843137, 17.0, 1.0]"
629,https://colorfulstandard.com/cdn/shop/files/Heather-Grey.jpg?v=1738233485&width=1560,-,Classic Organic Tee - Heather Grey,https://colorfulstandard.com/fr-fr/products/classic-organic-tee-t-shirt-heather-grey-male,T-shirt,H,"[84.31372549019608, 1.0, -3.0]"
630,https://colorfulstandard.com/cdn/shop/files/Heather-Grey.jpg?v=1738233485&width=1560,-,Classic Organic Tee - Heather Grey,https://colorfulstandard.com/fr-fr/products/classic-organic-tee-t-shirt-heather-grey-male,T-shirt,H,"[76.86274509803923, 1.0, -3.0]"
631,https://colorfulstandard.com/cdn/shop/files/Neptune-Blue-CS1001_1.jpg?v=1738233820&width=1560,-,Classic Organic Tee - Neptune Blue,https://colorfulstandard.com/fr-fr/products/classic-organic-tee-t-shirt-neptune-blue-male,T-shirt,H,"[56.86274509803921, 0.0, -14.0]"
632,https://colorfulstandard.com/cdn/shop/files/Women_Oversized_Organic_T-Shirt-Women_Oversized_T-shirt-CS2056-Deep_Black_88298d76-d01b-4c75-a10c-dde097a3ee16.jpg?v=1686061987&width=1560,-,Oversized Organic T-Shirt - Deep Black,https://colorfulstandard.com/fr-fr/products/oversized-organic-t-shirt-deep-black-male,T-shirt,H,"[12.156862745098039, 0.0, 0.0]"
633,https://colorfulstandard.com/cdn/shop/files/Steel-Blue.jpg?v=1738234504&width=1560,-,Classic Organic Tee - Steel Blue,https://colorfulstandard.com/fr-fr/products/classic-organic-tee-t-shirt-steel-blue-male,T-shirt,H,"[67.45098039215686, -5.0, -4.0]"
634,https://colorfulstandard.com/cdn/shop/files/Women_Oversized_Organic_T-Shirt-Women_Oversized_T-shirt-CS2056-Ivory_White_e8a60706-742f-4e04-9b64-ead92137bd84.jpg?v=1686137525&width=1560,-,Oversized Organic T-Shirt - Ivory White,https://colorfulstandard.com/fr-fr/products/oversized-organic-t-shirt-ivory-white-male,T-shirt,H,"[85.88235294117646, 1.0, 6.0]"
635,https://colorfulstandard.com/cdn/shop/files/Lava-Grey.jpg?v=1738233590&width=1560,-,Classic Organic Tee - Lava Grey,https://colorfulstandard.com/fr-fr/products/classic-organic-tee-t-shirt-lava-grey-male,T-shirt,H,"[23.52941176470588, 3.0, -4.0]"
636,https://colorfulstandard.com/cdn/shop/files/Petrol-Blue.jpg?v=1738233959&width=1560,-,Classic Organic Tee - Petrol Blue,https://colorfulstandard.com/fr-fr/products/classic-organic-tee-t-shirt-petrol-blue-male,T-shirt,H,"[31.372549019607842, -3.0, -11.0]"
637,https://colorfulstandard.com/cdn/shop/files/CS1001_Male_ClassicOrganicTee-MistyBrown_2.jpg?v=1738160991&width=3000,-,Classic Organic Tee - Misty Brown,https://colorfulstandard.com/fr-fr/products/classic-organic-tee-t-shirt-misty-brown-male,T-shirt,H,"[53.333333333333336, 1.0, 5.0]"
638,https://colorfulstandard.com/cdn/shop/files/CS1001_Male_ClassicOrganicTee-MarineBlue_2.jpg?v=1738160888&width=3000,-,Classic Organic Tee - Marine Blue,https://colorfulstandard.com/fr-fr/products/classic-organic-tee-marine-blue-male,T-shirt,H,"[20.784313725490197, 8.0, -21.0]"
639,https://colorfulstandard.com/cdn/shop/files/CS1003_Male_OversizedOrganicLST-shirt-DeepBlack_2_4f03733f-0bb9-436d-a7ff-d78732f611dd.jpg?v=1738329464&width=3000,-,Oversized Organic LS T-Shirt - Deep Black,https://colorfulstandard.com/fr-fr/products/oversized-organic-ls-t-shirt-long-sleeve-t-shirt-deep-black-male,T-shirt,H,"[12.156862745098039, 1.0, -2.0]"
640,https://colorfulstandard.com/cdn/shop/files/CS1003_Male_OversizedOrganicLST-shirt-OpticalWhite_2.jpg?v=1738163730&width=3000,-,Oversized Organic LS T-Shirt - Optical White,https://colorfulstandard.com/fr-fr/products/oversized-organic-ls-t-shirt-long-sleeve-t-shirt-optical-white-male,T-shirt,H,"[95.29411764705881, 1.0, -1.0]"
641,https://colorfulstandard.com/cdn/shop/files/CS1003_Male_OversizedOrganicLST-shirt-OpticalWhite_2.jpg?v=1738163730&width=3000,-,Oversized Organic LS T-Shirt - Optical White,https://colorfulstandard.com/fr-fr/products/oversized-organic-ls-t-shirt-long-sleeve-t-shirt-optical-white-male,T-shirt,H,"[93.72549019607843, 1.0, -1.0]"
642,https://colorfulstandard.com/cdn/shop/files/Snow-Melange.jpg?v=1738234449&width=1560,-,Classic Organic Tee - Snow Melange,https://colorfulstandard.com/fr-fr/products/classic-organic-tee-t-shirt-snow-melange-male,T-shirt,H,"[89.01960784313725, 1.0, -3.0]"
643,https://colorfulstandard.com/cdn/shop/files/Snow-Melange.jpg?v=1738234449&width=1560,-,Classic Organic Tee - Snow Melange,https://colorfulstandard.com/fr-fr/products/classic-organic-tee-t-shirt-snow-melange-male,T-shirt,H,"[83.52941176470588, 1.0, -3.0]"
644,https://colorfulstandard.com/cdn/shop/files/Polar-Blue.jpg?v=1738234275&width=1560,-,Classic Organic Tee - Polar Blue,https://colorfulstandard.com/fr-fr/products/classic-organic-tee-t-shirt-polar-blue-male,T-shirt,H,"[89.80392156862746, -2.0, -12.0]"
645,https://colorfulstandard.com/cdn/shop/files/Polar-Blue.jpg?v=1738234275&width=1560,-,Classic Organic Tee - Polar Blue,https://colorfulstandard.com/fr-fr/products/classic-organic-tee-t-shirt-polar-blue-male,T-shirt,H,"[87.05882352941177, -2.0, -13.0]"
646,https://colorfulstandard.com/cdn/shop/files/Emerald-Green.jpg?v=1738233417&width=1560,-,Classic Organic Tee - Emerald Green,https://colorfulstandard.com/fr-fr/products/classic-organic-tee-t-shirt-emerald-green-male,T-shirt,H,"[29.80392156862745, -12.0, 3.0]"
647,https://colorfulstandard.com/cdn/shop/files/Dusty-Olive.jpg?v=1738233402&width=1560,-,Classic Organic Tee - Dusty Olive,https://colorfulstandard.com/fr-fr/products/classic-organic-tee-t-shirt-dusty-olive-male,T-shirt,H,"[45.88235294117647, -3.0, 7.0]"
648,https://colorfulstandard.com/cdn/shop/files/CS1003_Male_OversizedOrganicLST-shirt-NavyBlue_2_9456e4ca-85d1-43a5-b306-409dfdee18dd.jpg?v=1738329478&width=3000,-,Oversized Organic LS T-Shirt - Navy Blue,https://colorfulstandard.com/fr-fr/products/oversized-organic-ls-t-shirt-long-sleeve-t-shirt-navy-blue-male,T-shirt,H,"[16.470588235294116, 1.0, -11.0]"
649,https://colorfulstandard.com/cdn/shop/files/CS1003_Male_OversizedOrganicLST-shirt-FadedBlack_2.jpg?v=1738163400&width=3000,-,Oversized Organic LS T-Shirt - Faded Black,https://colorfulstandard.com/fr-fr/products/oversized-organic-ls-t-shirt-long-sleeve-t-shirt-faded-black-male,T-shirt,H,"[20.392156862745097, 0.0, 0.0]"
650,https://colorfulstandard.com/cdn/shop/files/CS1001_Male_ClassicOrganicTee-CherryBlossom_2_fb948c7f-6a70-4489-a75c-aa7adacea951.jpg?v=1738160555&width=3000,-,Classic Organic Tee - Cherry Blossom,https://colorfulstandard.com/fr-fr/products/classic-organic-tee-cherry-blossom-male,T-shirt,H,"[78.43137254901961, 23.0, -4.0]"
651,https://colorfulstandard.com/cdn/shop/files/CS1003_Male_OversizedOrganicLST-shirt-HeatherGrey_2.jpg?v=1738163437&width=3000,-,Oversized Organic LS T-Shirt - Heather Grey,https://colorfulstandard.com/fr-fr/products/oversized-organic-ls-t-shirt-long-sleeve-t-shirt-heather-grey-male,T-shirt,H,"[70.58823529411765, 1.0, 1.0]"
652,https://colorfulstandard.com/cdn/shop/files/CS1003_Male_OversizedOrganicLST-shirt-HeatherGrey_2.jpg?v=1738163437&width=3000,-,Oversized Organic LS T-Shirt - Heather Grey,https://colorfulstandard.com/fr-fr/products/oversized-organic-ls-t-shirt-long-sleeve-t-shirt-heather-grey-male,T-shirt,H,"[75.68627450980392, 1.0, 1.0]"
653,https://colorfulstandard.com/cdn/shop/files/Ocean-Green.jpg?v=1738233838&width=1560,-,Classic Organic Tee - Ocean Green,https://colorfulstandard.com/fr-fr/products/classic-organic-tee-t-shirt-ocean-green-male,T-shirt,H,"[33.72549019607843, -14.0, -8.0]"
654,https://colorfulstandard.com/cdn/shop/files/Faded-Pink.jpg?v=1738233470&width=1560,-,Classic Organic Tee - Faded Pink,https://colorfulstandard.com/fr-fr/products/classic-organic-tee-t-shirt-faded-pink-male,T-shirt,H,"[81.96078431372548, 10.0, 1.0]"
655,https://colorfulstandard.com/cdn/shop/files/Faded-Pink.jpg?v=1738233470&width=1560,-,Classic Organic Tee - Faded Pink,https://colorfulstandard.com/fr-fr/products/classic-organic-tee-t-shirt-faded-pink-male,T-shirt,H,"[76.86274509803923, 10.0, 0.0]"
656,https://colorfulstandard.com/cdn/shop/files/CS1001_Male_ClassicOrganicTee-SapphireBlue_2.jpg?v=1738161513&width=3000,-,Classic Organic Tee - Sapphire Blue,https://colorfulstandard.com/fr-fr/products/classic-organic-tee-t-shirt-sapphire-blue-male,T-shirt,H,"[47.05882352941176, 19.0, -59.0]"
657,https://colorfulstandard.com/cdn/shop/files/Soft-Yellow-NEW.jpg?v=1738316933&width=1560,-,Classic Organic Tee - Soft Yellow,https://colorfulstandard.com/fr-fr/products/classic-organic-tee-t-shirt-soft-yellow-male,T-shirt,H,"[94.90196078431372, -3.0, 24.0]"
658,https://colorfulstandard.com/cdn/shop/files/Soft-Yellow-NEW.jpg?v=1738316933&width=1560,-,Classic Organic Tee - Soft Yellow,https://colorfulstandard.com/fr-fr/products/classic-organic-tee-t-shirt-soft-yellow-male,T-shirt,H,"[92.15686274509804, -3.0, 27.0]"
659,https://colorfulstandard.com/cdn/shop/files/CS2056_Male_OversizedOrganicT-Shirt-MidnightForest_1_a2d88329-9f06-407b-9f22-1e758be39ffa.jpg?v=1696507981&width=1600,-,Oversized Organic T-Shirt - Midnight Forest,https://colorfulstandard.com/fr-fr/products/oversized-organic-t-shirt-women-oversized-t-shirt-midnight-forest-male,T-shirt,H,"[33.33333333333333, -6.0, 4.0]"
660,https://colorfulstandard.com/cdn/shop/files/CS2056_Male_OversizedOrganicT-Shirt-MidnightForest_1_a2d88329-9f06-407b-9f22-1e758be39ffa.jpg?v=1696507981&width=1600,-,Oversized Organic T-Shirt - Midnight Forest,https://colorfulstandard.com/fr-fr/products/oversized-organic-t-shirt-women-oversized-t-shirt-midnight-forest-male,T-shirt,H,"[29.80392156862745, -6.0, 4.0]"
661,https://colorfulstandard.com/cdn/shop/files/CS2056-Faded-Grey_7a301ec7-19f3-4bff-baf0-8698e4b1afab.jpg?v=1686062748&width=1560,-,Oversized Organic T-Shirt - Faded Grey,https://colorfulstandard.com/fr-fr/products/oversized-organic-t-shirt-faded-grey-male,T-shirt,H,"[82.74509803921568, -1.0, -2.0]"
662,https://colorfulstandard.com/cdn/shop/files/Women_Oversized_Organic_T-Shirt-Women_Oversized_T-shirt-CS2056-Heather_Grey_d390dc6c-bab1-4b4b-aea5-c02fd8a90de3.jpg?v=1686063060&width=1560,-,Oversized Organic T-Shirt - Heather Grey,https://colorfulstandard.com/fr-fr/products/oversized-organic-t-shirt-heather-grey-male,T-shirt,H,"[78.43137254901961, 0.0, -2.0]"
663,https://colorfulstandard.com/cdn/shop/files/Women_Oversized_Organic_T-Shirt-Women_Oversized_T-shirt-CS2056-Heather_Grey_d390dc6c-bab1-4b4b-aea5-c02fd8a90de3.jpg?v=1686063060&width=1560,-,Oversized Organic T-Shirt - Heather Grey,https://colorfulstandard.com/fr-fr/products/oversized-organic-t-shirt-heather-grey-male,T-shirt,H,"[83.92156862745098, 0.0, -2.0]"
664,https://colorfulstandard.com/cdn/shop/files/Women_Oversized_Organic_T-Shirt-Women_Oversized_T-shirt-CS2056-Polar_Blue_ecd04c73-019d-41e1-8229-1c48ef2a9f9e.jpg?v=1686139879&width=1560,-,Oversized Organic T-Shirt - Polar Blue,https://colorfulstandard.com/fr-fr/products/oversized-organic-t-shirt-polar-blue-male,T-shirt,H,"[89.01960784313725, -2.0, -9.0]"
665,https://colorfulstandard.com/cdn/shop/files/CS1001_Male_ClassicOrganicTee-SeasideBlue_2.jpg?v=1738161551&width=3000,-,Classic Organic Tee - Seaside Blue,https://colorfulstandard.com/fr-fr/products/classic-organic-tee-t-shirt-seaside-blue-male,T-shirt,H,"[71.76470588235294, -5.0, -18.0]"
666,https://colorfulstandard.com/cdn/shop/files/Limestone-Grey.jpg?v=1738233614&width=1560,-,Classic Organic Tee - Limestone Grey,https://colorfulstandard.com/fr-fr/products/classic-organic-tee-t-shirt-limestone-grey-male,T-shirt,H,"[77.64705882352942, 2.0, -4.0]"
667,https://colorfulstandard.com/cdn/shop/files/Limestone-Grey.jpg?v=1738233614&width=1560,-,Classic Organic Tee - Limestone Grey,https://colorfulstandard.com/fr-fr/products/classic-organic-tee-t-shirt-limestone-grey-male,T-shirt,H,"[81.56862745098039, 1.0, -3.0]"
668,https://colorfulstandard.com/cdn/shop/files/Raspberry-Pink_c3dc17b4-e88e-4ed4-86bf-642e8e81bc00.jpg?v=1738234317&width=1560,-,Classic Organic Tee - Raspberry Pink,https://colorfulstandard.com/fr-fr/products/classic-organic-tee-t-shirt-raspberry-pink-male,T-shirt,H,"[50.588235294117645, 42.0, 7.0]"
669,https://colorfulstandard.com/cdn/shop/files/CS1003_Male_OversizedOrganicLST-shirt-HunterGreen_2_540a68a2-1e9f-46bc-b689-804fc108906f.jpg?v=1738329471&width=3000,-,Oversized Organic LS T-Shirt - Hunter Green,https://colorfulstandard.com/fr-fr/products/oversized-organic-ls-t-shirt-long-sleeve-t-shirt-hunter-green-male,T-shirt,H,"[22.745098039215687, -5.0, 5.0]"
670,https://colorfulstandard.com/cdn/shop/files/Kelly-Green.jpg?v=1738233577&width=1560,-,Classic Organic Tee - Kelly Green,https://colorfulstandard.com/fr-fr/products/classic-organic-tee-t-shirt-kelly-green-male,T-shirt,H,"[57.647058823529406, -41.0, 21.0]"
671,https://colorfulstandard.com/cdn/shop/files/Women_Oversized_Organic_T-Shirt-Women_Oversized_T-shirt-CS2056-Petrol_Blue_1639db58-37f2-41c3-a051-eca13b6085b2.jpg?v=1686139722&width=1560,-,Oversized Organic T-Shirt - Petrol Blue,https://colorfulstandard.com/fr-fr/products/oversized-organic-t-shirt-petrol-blue-male,T-shirt,H,"[31.76470588235294, -5.0, -12.0]"
672,https://colorfulstandard.com/cdn/shop/files/Bubblegum-Pink.jpg?v=1738233191&width=1560,-,Classic Organic Tee - Bubblegum Pink,https://colorfulstandard.com/fr-fr/products/classic-organic-tee-t-shirt-bubblegum-pink-male,T-shirt,H,"[55.294117647058826, 59.0, 1.0]"
673,https://colorfulstandard.com/cdn/shop/files/Oyster-Grey.jpg?v=1738233884&width=1560,-,Classic Organic Tee - Oyster Grey,https://colorfulstandard.com/fr-fr/products/classic-organic-tee-t-shirt-oyster-grey-male,T-shirt,H,"[70.58823529411765, 2.0, 11.0]"
674,https://colorfulstandard.com/cdn/shop/files/CS1001_Male_ClassicOrganicTee-PurpleJade_2.jpg?v=1738161312&width=3000,-,Classic Organic Tee - Purple Jade,https://colorfulstandard.com/fr-fr/products/classic-organic-tee-t-shirt-purple-jade-male,T-shirt,H,"[67.45098039215686, 10.0, -12.0]"
675,https://colorfulstandard.com/cdn/shop/files/Hunter-Green.jpg?v=1738233509&width=1560,-,Classic Organic Tee - Hunter Green,https://colorfulstandard.com/fr-fr/products/classic-organic-tee-t-shirt-hunter-green-male,T-shirt,H,"[17.254901960784313, -6.0, 2.0]"
676,https://colorfulstandard.com/cdn/shop/files/Faded-Grey-CS1001.jpg?v=1738233448&width=1560,-,Classic Organic Tee - Faded Grey,https://colorfulstandard.com/fr-fr/products/classic-organic-tee-faded-grey-male,T-shirt,H,"[81.56862745098039, -1.0, -1.0]"
677,https://colorfulstandard.com/cdn/shop/files/Faded-Grey-CS1001.jpg?v=1738233448&width=1560,-,Classic Organic Tee - Faded Grey,https://colorfulstandard.com/fr-fr/products/classic-organic-tee-faded-grey-male,T-shirt,H,"[73.33333333333333, -2.0, -1.0]"
678,https://colorfulstandard.com/cdn/shop/files/Light-Aqua.jpg?v=1738233602&width=1560,-,Classic Organic Tee - Light Aqua,https://colorfulstandard.com/fr-fr/products/classic-organic-tee-t-shirt-light-aqua-male,T-shirt,H,"[94.50980392156862, -12.0, 0.0]"
679,https://colorfulstandard.com/cdn/shop/files/Scarlet-Red.jpg?v=1738234416&width=1560,-,Classic Organic Tee - Scarlet Red,https://colorfulstandard.com/fr-fr/products/classic-organic-tee-t-shirt-scarlet-red-male,T-shirt,H,"[42.745098039215684, 61.0, 23.0]"
680,https://colorfulstandard.com/cdn/shop/files/Women_Oversized_Organic_T-Shirt-Women_Oversized_T-shirt-CS2056-Faded_Pink_2a1aff0f-e730-4137-a3cf-1cdac025a152.jpg?v=1686062823&width=1560,-,Oversized Organic T-Shirt - Faded Pink,https://colorfulstandard.com/fr-fr/products/oversized-organic-t-shirt-faded-pink-male,T-shirt,H,"[79.6078431372549, 10.0, 1.0]"
681,https://colorfulstandard.com/cdn/shop/files/CS1003_Male_OversizedOrganicLST-shirt-NeptuneBlue_2.jpg?v=1738163712&width=3000,-,Oversized Organic LS T-Shirt - Neptune Blue,https://colorfulstandard.com/fr-fr/products/oversized-organic-ls-t-shirt-long-sleeve-t-shirt-neptune-blue-male,T-shirt,H,"[32.549019607843135, 0.0, -11.0]"
682,https://colorfulstandard.com/cdn/shop/files/CS1003_Male_OversizedOrganicLST-shirt-NeptuneBlue_2.jpg?v=1738163712&width=3000,-,Oversized Organic LS T-Shirt - Neptune Blue,https://colorfulstandard.com/fr-fr/products/oversized-organic-ls-t-shirt-long-sleeve-t-shirt-neptune-blue-male,T-shirt,H,"[35.68627450980392, 1.0, -11.0]"
683,https://colorfulstandard.com/cdn/shop/files/Soft-Lavender.jpg?v=1738234461&width=1560,-,Classic Organic Tee - Soft Lavender,https://colorfulstandard.com/fr-fr/products/classic-organic-tee-t-shirt-soft-lavender-male,T-shirt,H,"[83.92156862745098, 8.0, -13.0]"
684,https://colorfulstandard.com/cdn/shop/files/Soft-Lavender.jpg?v=1738234461&width=1560,-,Classic Organic Tee - Soft Lavender,https://colorfulstandard.com/fr-fr/products/classic-organic-tee-t-shirt-soft-lavender-male,T-shirt,H,"[80.3921568627451, 10.0, -14.0]"
685,https://colorfulstandard.com/cdn/shop/files/Women_Oversized_Organic_T-Shirt-Women_Oversized_T-shirt-CS2056-Teal_Blue_e1bd28e2-4421-4fc8-b91b-5c7bf38f8405.jpg?v=1686148837&width=1560,-,Oversized Organic T-Shirt - Teal Blue,https://colorfulstandard.com/fr-fr/products/oversized-organic-t-shirt-teal-blue-male,T-shirt,H,"[79.6078431372549, -14.0, -4.0]"
686,https://colorfulstandard.com/cdn/shop/files/Oversized_Organic_T-Shirt-Women_Oversized_T-shirt-CS2056-Pine_Green_f09f175f-c9c5-40ec-af2e-437833361095.jpg?v=1686139814&width=1560,-,Oversized Organic T-Shirt - Pine Green,https://colorfulstandard.com/fr-fr/products/oversized-organic-t-shirt-pine-green-male,T-shirt,H,"[49.01960784313725, -27.0, 1.0]"
687,https://colorfulstandard.com/cdn/shop/files/Women_Oversized_Organic_T-Shirt-Women_Oversized_T-shirt-CS2056-Dusty_Olive_fb1e37bc-5128-467a-9474-46a289108c43.jpg?v=1686062201&width=1560,-,Oversized Organic T-Shirt - Dusty Olive,https://colorfulstandard.com/fr-fr/products/oversized-organic-t-shirt-dusty-olive-male,T-shirt,H,"[45.88235294117647, -2.0, 4.0]"
688,https://colorfulstandard.com/cdn/shop/files/Women_Oversized_Organic_T-Shirt-Women_Oversized_T-shirt-CS2056-Coffee_Brown_e90dd5bf-e737-40ce-8965-380ca60ae0e2.jpg?v=1686061506&width=1560,-,Oversized Organic T-Shirt - Coffee Brown,https://colorfulstandard.com/fr-fr/products/oversized-organic-t-shirt-coffee-brown-male,T-shirt,H,"[23.137254901960784, 9.0, 6.0]"
689,https://colorfulstandard.com/cdn/shop/files/CS1003_Male_OversizedOrganicLST-shirt-DustyOlive_2.jpg?v=1738163365&width=3000,-,Oversized Organic LS T-Shirt - Dusty Olive,https://colorfulstandard.com/fr-fr/products/oversized-organic-ls-t-shirt-long-sleeve-t-shirt-dusty-olive-male,T-shirt,H,"[43.529411764705884, -2.0, 13.0]"
690,https://colorfulstandard.com/cdn/shop/files/CS1003_Male_OversizedOrganicLST-shirt-SteelBlue_2.jpg?v=1738163852&width=3000,-,Oversized Organic LS T-Shirt - Steel Blue,https://colorfulstandard.com/fr-fr/products/oversized-organic-ls-t-shirt-long-sleeve-t-shirt-steel-blue-male,T-shirt,H,"[66.27450980392156, -2.0, -3.0]"
691,https://colorfulstandard.com/cdn/shop/files/CS1003_Male_OversizedOrganicLST-shirt-IvoryWhite_2.jpg?v=1738163489&width=3000,-,Oversized Organic LS T-Shirt - Ivory White,https://colorfulstandard.com/fr-fr/products/oversized-organic-ls-t-shirt-long-sleeve-t-shirt-ivory-white-male,T-shirt,H,"[90.98039215686275, 2.0, 7.0]"
692,https://colorfulstandard.com/cdn/shop/files/Sunny-Orange.jpg?v=1738234517&width=1560,-,Classic Organic Tee - Sunny Orange,https://colorfulstandard.com/fr-fr/products/classic-organic-tee-t-shirt-sunny-orange-male,T-shirt,H,"[72.94117647058823, 29.0, 63.0]"
693,https://colorfulstandard.com/cdn/shop/files/CS1001_Male_ClassicOrganicTee-TropicalSea_2.jpg?v=1738162104&width=3000,-,Classic Organic Tee - Tropical Sea,https://colorfulstandard.com/fr-fr/products/classic-organic-tee-tropical-sea-male,T-shirt,H,"[68.62745098039215, -42.0, -5.0]"
694,https://colorfulstandard.com/cdn/shop/files/Women_Oversized_Organic_T-Shirt-Women_Oversized_T-shirt-CS2056-Burned_Yellow_2576ce3c-676c-4b5d-8002-c1830a495de5.jpg?v=1686060687&width=1560,-,Oversized Organic T-Shirt - Burned Yellow,https://colorfulstandard.com/fr-fr/products/oversized-organic-t-shirt-burned-yellow-male,T-shirt,H,"[81.56862745098039, 11.0, 57.0]"
695,https://colorfulstandard.com/cdn/shop/files/CS2056-soft-lavender_97e95d92-2f99-44f8-8058-4fad6657884a.jpg?v=1686146596&width=1560,-,Oversized Organic T-Shirt - Soft Lavender,https://colorfulstandard.com/fr-fr/products/oversized-organic-t-shirt-soft-lavender-male,T-shirt,H,"[78.82352941176471, 10.0, -14.0]"
696,https://colorfulstandard.com/cdn/shop/files/Women_Oversized_Organic_T-Shirt-Women_Oversized_T-shirt-CS2056-Snow_Melange_0a8c107f-7661-4d64-95bc-e57610adde97.jpg?v=1686146434&width=1560,-,Oversized Organic T-Shirt - Snow Melange,https://colorfulstandard.com/fr-fr/products/oversized-organic-t-shirt-snow-melange-male,T-shirt,H,"[89.41176470588236, 0.0, -2.0]"
697,https://colorfulstandard.com/cdn/shop/files/Women_Oversized_Organic_T-Shirt-Women_Oversized_T-shirt-CS2056-Snow_Melange_0a8c107f-7661-4d64-95bc-e57610adde97.jpg?v=1686146434&width=1560,-,Oversized Organic T-Shirt - Snow Melange,https://colorfulstandard.com/fr-fr/products/oversized-organic-t-shirt-snow-melange-male,T-shirt,H,"[85.49019607843137, 1.0, -1.0]"
698,https://colorfulstandard.com/cdn/shop/files/Women_Oversized_Organic_T-Shirt-Women_Oversized_T-shirt-CS2056-Cedar_Brown_6135cf8d-ac64-4b6c-85ce-5cf1ac2591f0.jpg?v=1686060982&width=1560,-,Oversized Organic T-Shirt - Cedar Brown,https://colorfulstandard.com/fr-fr/products/oversized-organic-t-shirt-cedar-brown-male,T-shirt,H,"[41.17647058823529, 4.0, 11.0]"
699,https://colorfulstandard.com/cdn/shop/files/Women_Oversized_Organic_T-Shirt-Women_Oversized_T-shirt-CS2056-Sunny_Orange_09592e20-ce1d-459e-ae2d-fefb86918482.jpg?v=1686148754&width=1560,-,Oversized Organic T-Shirt - Sunny Orange,https://colorfulstandard.com/fr-fr/products/oversized-organic-t-shirt-sunny-orange-male,T-shirt,H,"[72.54901960784314, 28.0, 65.0]"
700,https://colorfulstandard.com/cdn/shop/files/Women_Oversized_Organic_T-Shirt-Women_Oversized_T-shirt-CS2056-Sunny_Orange_09592e20-ce1d-459e-ae2d-fefb86918482.jpg?v=1686148754&width=1560,-,Oversized Organic T-Shirt - Sunny Orange,https://colorfulstandard.com/fr-fr/products/oversized-organic-t-shirt-sunny-orange-male,T-shirt,H,"[70.19607843137254, 32.0, 70.0]"
701,https://colorfulstandard.com/cdn/shop/files/Women_Oversized_Organic_T-Shirt-Women_Oversized_T-shirt-CS2056-Hunter_Green_9a06bce0-a51f-4765-a804-d19017d23811.jpg?v=1686137419&width=1560,-,Oversized Organic T-Shirt - Hunter Green,https://colorfulstandard.com/fr-fr/products/oversized-organic-t-shirt-hunter-green-male,T-shirt,H,"[12.941176470588237, -10.0, 3.0]"
702,https://colorfulstandard.com/cdn/shop/files/Sahara-Camel.jpg?v=1738234355&width=1560,-,Classic Organic Tee - Sahara Camel,https://colorfulstandard.com/fr-fr/products/classic-organic-tee-t-shirt-sahara-camel-male,T-shirt,H,"[49.01960784313725, 9.0, 16.0]"
703,https://colorfulstandard.com/cdn/shop/files/CS2056_Male_OversizedOrganicT-Shirt-RedTangerine_1.jpg?v=1702564196&width=1600,-,Oversized Organic T-Shirt - Red Tangerine,https://colorfulstandard.com/fr-fr/products/oversized-organic-t-shirt-red-tangerine,T-shirt,H,"[56.86274509803921, 62.0, 28.0]"
704,https://colorfulstandard.com/cdn/shop/files/Women_Oversized_Organic_T-Shirt-Women_Oversized_T-shirt-CS2056-Oyster_Grey_51262cff-4e66-4231-81a0-b1e6f3ede5bb.jpg?v=1686138787&width=1560,-,Oversized Organic T-Shirt - Oyster Grey,https://colorfulstandard.com/fr-fr/products/oversized-organic-t-shirt-oyster-grey-male,T-shirt,H,"[67.05882352941175, 5.0, 13.0]"
705,https://colorfulstandard.com/cdn/shop/files/CS2056_Male_OversizedOrganicT-Shirt-MidnightForest_1.jpg?v=1696507204&width=1600,-,Oversized Organic T-Shirt - Neptune Blue,https://colorfulstandard.com/fr-fr/products/oversized-organic-t-shirt-neptune-blue-male,T-shirt,H,"[32.15686274509804, 1.0, -10.0]"
706,https://colorfulstandard.com/cdn/shop/files/CS2056_Male_OversizedOrganicT-Shirt-MidnightForest_1.jpg?v=1696507204&width=1600,-,Oversized Organic T-Shirt - Neptune Blue,https://colorfulstandard.com/fr-fr/products/oversized-organic-t-shirt-neptune-blue-male,T-shirt,H,"[29.01960784313726, 2.0, -11.0]"
707,https://colorfulstandard.com/cdn/shop/files/Women_Oversized_Organic_T-Shirt-Women_Oversized_T-shirt-CS2056-Navy_Blue_0cb4cda6-f2f8-428a-9acc-a4438bfa6156.jpg?v=1686138302&width=1560,-,Oversized Organic T-Shirt - Navy Blue,https://colorfulstandard.com/fr-fr/products/oversized-organic-t-shirt-navy-blue-male,T-shirt,H,"[9.803921568627452, 2.0, -9.0]"
708,https://colorfulstandard.com/cdn/shop/files/CS1003_Male_OversizedOrganicLST-shirt-MidnightForest_2.jpg?v=1738163650&width=3000,-,Oversized Organic LS T-Shirt - Midnight Forest,https://colorfulstandard.com/fr-fr/products/oversized-organic-ls-t-shirt-long-sleeve-t-shirt-midnight-forest-male,T-shirt,H,"[37.254901960784316, -6.0, 4.0]"
709,https://colorfulstandard.com/cdn/shop/files/CS1003_Male_OversizedOrganicLST-shirt-MidnightForest_2.jpg?v=1738163650&width=3000,-,Oversized Organic LS T-Shirt - Midnight Forest,https://colorfulstandard.com/fr-fr/products/oversized-organic-ls-t-shirt-long-sleeve-t-shirt-midnight-forest-male,T-shirt,H,"[33.72549019607843, -6.0, 4.0]"
710,https://colorfulstandard.com/cdn/shop/files/CS1003_Male_OversizedOrganicLST-shirt-PetrolBlue_2.jpg?v=1738163768&width=3000,-,Oversized Organic LS T-Shirt - Petrol Blue,https://colorfulstandard.com/fr-fr/products/oversized-organic-ls-t-shirt-long-sleeve-t-shirt-petrol-blue-male,T-shirt,H,"[26.27450980392157, 2.0, -12.0]"
711,https://colorfulstandard.com/cdn/shop/files/CS1003_Male_OversizedOrganicLST-shirt-LavaGrey_2.jpg?v=1738163520&width=3000,-,Oversized Organic LS T-Shirt - Lava Grey,https://colorfulstandard.com/fr-fr/products/oversized-organic-ls-t-shirt-long-sleeve-t-shirt-lava-grey-male,T-shirt,H,"[30.58823529411765, 2.0, 0.0]"
712,https://colorfulstandard.com/cdn/shop/files/CS1003_Male_OversizedOrganicLST-shirt-LavaGrey_2.jpg?v=1738163520&width=3000,-,Oversized Organic LS T-Shirt - Lava Grey,https://colorfulstandard.com/fr-fr/products/oversized-organic-ls-t-shirt-long-sleeve-t-shirt-lava-grey-male,T-shirt,H,"[24.313725490196077, 2.0, 0.0]"
713,https://colorfulstandard.com/cdn/shop/files/CS1003_Male_OversizedOrganicLST-shirt-PurpleHaze_2.jpg?v=1738163834&width=3000,-,Oversized Organic LS T-Shirt - Purple Haze,https://colorfulstandard.com/fr-fr/products/oversized-organic-ls-t-shirt-long-sleeve-t-shirt-purple-haze-male,T-shirt,H,"[59.6078431372549, 7.0, -4.0]"
714,https://colorfulstandard.com/cdn/shop/files/CS1003_Male_OversizedOrganicLST-shirt-OxbloodRed_2_848646f8-d115-437d-8a44-4721774193e2.jpg?v=1738329483&width=3000,-,Oversized Organic LS T-Shirt - Oxblood Red,https://colorfulstandard.com/fr-fr/products/oversized-organic-ls-t-shirt-long-sleeve-t-shirt-oxblood-red-male,T-shirt,H,"[14.117647058823529, 12.0, 0.0]"
715,https://colorfulstandard.com/cdn/shop/files/Teal-Blue.jpg?v=1738234530&width=1560,-,Classic Organic Tee - Teal Blue,https://colorfulstandard.com/fr-fr/products/classic-organic-tee-t-shirt-teal-blue-male,T-shirt,H,"[78.03921568627452, -13.0, -4.0]"
716,https://colorfulstandard.com/cdn/shop/files/Sandstone-Orange.jpg?v=1738234370&width=1559,-,Classic Organic Tee - Sandstone Orange,https://colorfulstandard.com/fr-fr/products/classic-organic-tee-t-shirt-sandstone-orange-male,T-shirt,H,"[75.29411764705883, 21.0, 49.0]"
717,https://colorfulstandard.com/cdn/shop/files/Women_Oversized_Organic_T-Shirt-Women_Oversized_T-shirt-CS2056-Purple_Haze_64a407b5-8a27-4e17-ae2a-42b644c16d12.jpg?v=1686142246&width=1560,-,Oversized Organic T-Shirt - Purple Haze,https://colorfulstandard.com/fr-fr/products/oversized-organic-t-shirt-purple-haze-male,T-shirt,H,"[61.568627450980394, 6.0, -3.0]"
718,https://colorfulstandard.com/cdn/shop/files/CS2056_Male_OversizedOrganicT-Shirt-MistyBrown_1.jpg?v=1716907439&width=3000,-,Oversized Organic T-Shirt - Misty Brown,https://colorfulstandard.com/fr-fr/products/oversized-organic-t-shirt-misty-brown-male,T-shirt,H,"[50.98039215686274, 1.0, 5.0]"
719,https://colorfulstandard.com/cdn/shop/files/Women_Oversized_Organic_T-Shirt-Women_Oversized_T-shirt-CS2056-Sahara_Camel_fc0a2c9b-20cf-41ea-b6d8-80e9939c0420.jpg?v=1686145770&width=1560,-,Oversized Organic T-Shirt - Sahara Camel,https://colorfulstandard.com/fr-fr/products/oversized-organic-t-shirt-sahara-camel-male,T-shirt,H,"[48.627450980392155, 8.0, 16.0]"
720,https://colorfulstandard.com/cdn/shop/files/Women_Oversized_Organic_T-Shirt-Women_Oversized_T-shirt-CS2056-Raspberry_Pink_41a4760e-13b0-4506-a989-dcc2f1711011.jpg?v=1686145599&width=1560,-,Oversized Organic T-Shirt - Raspberry Pink,https://colorfulstandard.com/fr-fr/products/oversized-organic-t-shirt-raspberry-pink-male,T-shirt,H,"[52.94117647058824, 44.0, 11.0]"
721,https://colorfulstandard.com/cdn/shop/files/CS2056-Pearly-Purple_93b657bb-b7f0-4497-aa68-c0452d8b03d5.jpg?v=1686139653&width=1560,-,Oversized Organic T-Shirt - Pearly Purple,https://colorfulstandard.com/fr-fr/products/oversized-organic-t-shirt-pearly-purple-male,T-shirt,H,"[62.745098039215684, 18.0, -8.0]"
722,https://colorfulstandard.com/cdn/shop/files/Women_Oversized_Organic_T-Shirt-Women_Oversized_T-shirt-CS2056-Lava_Grey_b6720247-13f5-4b35-84d6-636e38bfd679.jpg?v=1686137964&width=1560,-,Oversized Organic T-Shirt - Lava Grey,https://colorfulstandard.com/fr-fr/products/oversized-organic-t-shirt-lava-grey-male,T-shirt,H,"[24.705882352941178, 2.0, -5.0]"
723,https://colorfulstandard.com/cdn/shop/files/Pacific-Blue.jpg?v=1738233898&width=1560,-,Classic Organic Tee - Pacific Blue,https://colorfulstandard.com/fr-fr/products/classic-organic-tee-t-shirt-pacific-blue-male,T-shirt,H,"[52.156862745098046, 0.0, -48.0]"
724,https://colorfulstandard.com/cdn/shop/files/Pearly-Purple_25da5767-c2ed-486a-b615-f05579dfca2e.jpg?v=1738233945&width=1560,-,Classic Organic Tee - Pearly Purple,https://colorfulstandard.com/fr-fr/products/classic-organic-tee-t-shirt-pearly-purple-male,T-shirt,H,"[64.70588235294117, 17.0, -7.0]"
725,https://colorfulstandard.com/cdn/shop/files/Women_Oversized_Organic_T-Shirt-Women_Oversized_T-shirt-CS2056-Limestone_Grey_8d180311-007e-4aab-8e77-3de136a2ff95.jpg?v=1686138213&width=1560,-,Oversized Organic T-Shirt - Limestone Grey,https://colorfulstandard.com/fr-fr/products/oversized-organic-t-shirt-limestone-grey-male,T-shirt,H,"[78.03921568627452, 0.0, 0.0]"
726,https://colorfulstandard.com/cdn/shop/files/CS1001_Male_ClassicOrganicTee-MagentaBlaze_2.jpg?v=1738160869&width=3000,-,Classic Organic Tee - Magenta Blaze,https://colorfulstandard.com/fr-fr/products/classic-organic-tee-t-shirt-magenta-blaze-male,T-shirt,H,"[53.72549019607843, 63.0, -10.0]"
727,https://colorfulstandard.com/cdn/shop/files/Pine-Green.jpg?v=1738233973&width=1560,-,Classic Organic Tee - Pine Green,https://colorfulstandard.com/fr-fr/products/classic-organic-tee-t-shirt-pine-green-male,T-shirt,H,"[46.666666666666664, -26.0, 0.0]"
728,https://colorfulstandard.com/cdn/shop/files/CS2056_Male_OversizedOrganicT-Shirt-CherryBlossom_1.jpg?v=1702559784&width=1600,-,Oversized Organic T-Shirt - Cherry Blossom,https://colorfulstandard.com/fr-fr/products/oversized-organic-t-shirt-cherry-blossom,T-shirt,H,"[79.6078431372549, 21.0, -12.0]"
729,https://colorfulstandard.com/cdn/shop/files/Women_Oversized_Organic_T-Shirt-Women_Oversized_T-shirt-CS2056-Light_Aqua_436b05e0-0c18-4bb4-a303-be544e69cc44.jpg?v=1686138122&width=1560,-,Oversized Organic T-Shirt - Light Aqua,https://colorfulstandard.com/fr-fr/products/oversized-organic-t-shirt-light-aqua-male,T-shirt,H,"[94.50980392156862, -11.0, -1.0]"
730,https://colorfulstandard.com/cdn/shop/files/Burned-Yellow.jpg?v=1738233209&width=1560,-,Classic Organic Tee - Burned Yellow,https://colorfulstandard.com/fr-fr/products/classic-organic-tee-t-shirt-burned-yellow-male,T-shirt,H,"[74.50980392156863, 9.0, 56.0]"
731,https://colorfulstandard.com/cdn/shop/files/CS2056_Male_OversizedOrganicT-Shirt-MarineBlue_1.jpg?v=1702562343&width=1600,-,Oversized Organic T-Shirt - Marine Blue,https://colorfulstandard.com/fr-fr/products/oversized-organic-t-shirt-marine-blue-1,T-shirt,H,"[30.980392156862745, 6.0, -26.0]"
732,https://colorfulstandard.com/cdn/shop/files/CS1001_Male_ClassicOrganicTee-RedTangerine_2.jpg?v=1738161454&width=3000,-,Classic Organic Tee - Red Tangerine,https://colorfulstandard.com/fr-fr/products/classic-organic-tee-red-tangerine-male,T-shirt,H,"[54.90196078431373, 63.0, 36.0]"
733,https://colorfulstandard.com/cdn/shop/files/Women_Oversized_Organic_T-Shirt-Women_Oversized_T-shirt-CS2056-Steel_Blue_3124e45c-c355-47b2-8f0a-bb79518b2fcf.jpg?v=1686147241&width=1560,-,Oversized Organic T-Shirt - Steel Blue,https://colorfulstandard.com/fr-fr/products/oversized-organic-t-shirt-steel-blue-male,T-shirt,H,"[68.62745098039215, -6.0, -3.0]"
734,https://colorfulstandard.com/cdn/shop/files/CS2056-SeasideBlue_4aaa1e9f-6e60-4880-8c7e-22587cc6a596.jpg?v=1686146219&width=1552,-,Oversized Organic T-Shirt - Seaside Blue,https://colorfulstandard.com/fr-fr/products/oversized-organic-t-shirt-seaside-blue-male,T-shirt,H,"[76.86274509803923, -7.0, -12.0]"
735,https://colorfulstandard.com/cdn/shop/files/Women_Oversized_Organic_T-Shirt-Women_Oversized_T-shirt-CS2056-Pacific_Blue_e11e92bb-3d16-4a9b-92ab-8e4dcc425884.jpg?v=1686139125&width=1560,-,Oversized Organic T-Shirt - Pacific Blue,https://colorfulstandard.com/fr-fr/products/oversized-organic-t-shirt-pacific-blue-male,T-shirt,H,"[52.94117647058824, 4.0, -36.0]"
736,https://colorfulstandard.com/cdn/shop/files/Women_Oversized_Organic_T-Shirt-Women_Oversized_T-shirt-CS2056-Oxblood_Red_12c11175-c175-46f9-8884-2ec79a42d153.jpg?v=1686138703&width=1560,-,Oversized Organic T-Shirt - Oxblood Red,https://colorfulstandard.com/fr-fr/products/oversized-organic-t-shirt-oxblood-red-male,T-shirt,H,"[16.862745098039216, 26.0, 3.0]"
737,https://colorfulstandard.com/cdn/shop/files/Women_Oversized_Organic_T-Shirt-Women_Oversized_T-shirt-CS2056-Kelly_Green_5023d692-b0f6-4196-a238-3d88fb4f6d39.jpg?v=1686137810&width=1560,-,Oversized Organic T-Shirt - Kelly Green,https://colorfulstandard.com/fr-fr/products/oversized-organic-t-shirt-kelly-green-male,T-shirt,H,"[66.66666666666666, -56.0, 26.0]"
738,https://colorfulstandard.com/cdn/shop/files/CedarBrown.jpg?v=1738233222&width=1560,-,Classic Organic Tee - Cedar Brown,https://colorfulstandard.com/fr-fr/products/classic-organic-tee-t-shirt-cedar-brown-male,T-shirt,H,"[38.03921568627451, 6.0, 14.0]"
739,https://colorfulstandard.com/cdn/shop/files/Spring-Green.jpg?v=1738234492&width=1560,-,Classic Organic Tee - Spring Green,https://colorfulstandard.com/fr-fr/products/classic-organic-tee-t-shirt-spring-green-male,T-shirt,H,"[81.56862745098039, -40.0, 22.0]"
740,https://colorfulstandard.com/cdn/shop/files/Coffee-Brown.jpg?v=1738233370&width=1560,-,Classic Organic Tee - Coffee Brown,https://colorfulstandard.com/fr-fr/products/classic-organic-tee-t-shirt-coffee-brown-male,T-shirt,H,"[27.058823529411764, 8.0, 7.0]"
741,https://colorfulstandard.com/cdn/shop/files/CS2056_Male_OversizedOrganicT-Shirt-SapphireBlue_1.jpg?v=1716907806&width=3000,-,Oversized Organic T-Shirt - Sapphire Blue,https://colorfulstandard.com/fr-fr/products/oversized-organic-t-shirt-sapphire-blue-male,T-shirt,H,"[43.529411764705884, 23.0, -60.0]"
742,https://colorfulstandard.com/cdn/shop/files/CS1003_Male_OversizedOrganicLST-shirt-MistyBrown_2.jpg?v=1738163669&width=3000,-,Oversized Organic LS T-Shirt - Misty Brown,https://colorfulstandard.com/fr-fr/products/oversized-organic-ls-t-shirt-long-sleeve-t-shirt-misty-brown-male,T-shirt,H,"[51.37254901960784, 1.0, 5.0]"
743,https://colorfulstandard.com/cdn/shop/files/CS1003_Male_OversizedOrganicLST-shirt-MagentaBlaze_2_23a0120a-e4c9-4d68-a694-e866e7b30613.jpg?v=1738163617&width=3000,-,Oversized Organic LS T-Shirt - Magenta Blaze,https://colorfulstandard.com/fr-fr/products/oversized-organic-ls-t-shirt-long-sleeve-t-shirt-magenta-blaze-male,T-shirt,H,"[51.76470588235295, 59.0, -8.0]"
744,https://colorfulstandard.com/cdn/shop/files/CS2056_Male_OversizedOrganicT-Shirt-MagentaBlaze_1.jpg?v=1716906147&width=3000,-,Oversized Organic T-Shirt - Magenta Blaze,https://colorfulstandard.com/fr-fr/products/oversized-organic-t-shirt-magenta-blaze-male,T-shirt,H,"[51.76470588235295, 59.0, -8.0]"
745,https://colorfulstandard.com/cdn/shop/files/CS2056_Male_OversizedOrganicT-Shirt-TropicalSea_1.jpg?v=1702563223&width=1600,-,Oversized Organic T-Shirt - Tropical Sea,https://colorfulstandard.com/fr-fr/products/oversized-organic-t-shirt-tropical-sea-1,T-shirt,H,"[66.27450980392156, -40.0, -5.0]"
746,https://colorfulstandard.com/cdn/shop/files/CS1003_Male_OversizedOrganicLST-shirt-MarineBlue_2.jpg?v=1738163633&width=3000,-,Oversized Organic LS T-Shirt - Marine Blue,https://colorfulstandard.com/fr-fr/products/oversized-organic-ls-t-shirt-marine-blue,T-shirt,H,"[20.0, 7.0, -20.0]"
747,https://colorfulstandard.com/cdn/shop/files/Women_Oversized_Organic_T-Shirt-Women_Oversized_T-shirt-CS2056-Spring_Green_6b40706a-6626-48a3-bd32-3a25d2f09cfc.jpg?v=1686146991&width=1560,-,Oversized Organic T-Shirt - Spring Green,https://colorfulstandard.com/fr-fr/products/oversized-organic-t-shirt-spring-green-male,T-shirt,H,"[74.50980392156863, -40.0, 22.0]"
748,https://colorfulstandard.com/cdn/shop/files/Women_Oversized_Organic_T-Shirt-Women_Oversized_T-shirt-CS2056-Soft_Yellow_e10eff45-c67d-45ac-b390-bfe6444461be.jpg?v=1686146669&width=1560,-,Oversized Organic T-Shirt - Soft Yellow,https://colorfulstandard.com/fr-fr/products/oversized-organic-t-shirt-soft-yellow-male,T-shirt,H,"[93.72549019607843, -2.0, 24.0]"
749,https://colorfulstandard.com/cdn/shop/files/Women_Oversized_Organic_T-Shirt-Women_Oversized_T-shirt-CS2056-Sandstone_Orange_190e74cd-07e5-4ab2-b99b-060f1ffc6c10.jpg?v=1686145866&width=1559,-,Oversized Organic T-Shirt - Sandstone Orange,https://colorfulstandard.com/fr-fr/products/oversized-organic-t-shirt-sandstone-orange-male,T-shirt,H,"[75.68627450980392, 23.0, 55.0]"
750,https://colorfulstandard.com/cdn/shop/files/CS2056-PurpleJade_2cdad822-25d6-43cd-9f53-5471f67d7944.jpg?v=1686145521&width=1560,-,Oversized Organic T-Shirt - Purple Jade,https://colorfulstandard.com/fr-fr/products/oversized-organic-t-shirt-purple-jade-male,T-shirt,H,"[75.68627450980392, 6.0, -10.0]"
751,https://colorfulstandard.com/cdn/shop/files/CS1003_Male_OversizedOrganicLST-shirt-PolarBlue_2_05e611d4-adda-47c9-92f8-95d9b968c354.jpg?v=1738163818&width=3000,-,Oversized Organic LS T-Shirt - Polar Blue,https://colorfulstandard.com/fr-fr/products/oversized-organic-ls-t-shirt-long-sleeve-t-shirt-polar-blue-male,T-shirt,H,"[90.98039215686275, -2.0, -6.0]"
752,https://colorfulstandard.com/cdn/shop/files/CS1003_Male_OversizedOrganicLST-shirt-PolarBlue_2_05e611d4-adda-47c9-92f8-95d9b968c354.jpg?v=1738163818&width=3000,-,Oversized Organic LS T-Shirt - Polar Blue,https://colorfulstandard.com/fr-fr/products/oversized-organic-ls-t-shirt-long-sleeve-t-shirt-polar-blue-male,T-shirt,H,"[89.41176470588236, -2.0, -6.0]"
753,https://colorfulstandard.com/cdn/shop/files/Ultra-Violet.jpg?v=1738234554&width=1560,-,Classic Organic Tee - Ultra Violet,https://colorfulstandard.com/fr-fr/products/classic-organic-tee-t-shirt-ultra-violet-male,T-shirt,H,"[34.11764705882353, 38.0, -49.0]"
754,https://colorfulstandard.com/cdn/shop/files/CS1015_Male_OrganicOversizedHood-FadedBlack_2.jpg?v=1738158770&width=3000,-,Organic Oversized Hood - Faded Black,https://colorfulstandard.com/fr-fr/products/organic-oversized-hood-oversized-hoodie-faded-black-male,Hoodie,H,"[27.058823529411764, 0.0, 0.0]"
755,https://colorfulstandard.com/cdn/shop/files/CS1015_Male_OrganicOversizedHood-FadedBlack_2.jpg?v=1738158770&width=3000,-,Organic Oversized Hood - Faded Black,https://colorfulstandard.com/fr-fr/products/organic-oversized-hood-oversized-hoodie-faded-black-male,Hoodie,H,"[21.568627450980394, 0.0, 0.0]"
756,https://colorfulstandard.com/cdn/shop/files/CS1015_Male_OrganicOversizedHood-DeepBlack_2.jpg?v=1738158708&width=3000,-,Organic Oversized Hood - Deep Black,https://colorfulstandard.com/fr-fr/products/organic-oversized-hood-deep-black-male,Hoodie,H,"[9.411764705882353, 2.0, -2.0]"
757,https://colorfulstandard.com/cdn/shop/files/CS1015_Male_OrganicOversizedHood-SnowMelange_2.jpg?v=1738159611&width=3000,-,Organic Oversized Hood - Snow Melange,https://colorfulstandard.com/fr-fr/products/organic-oversized-hood-snow-melange-male,Hoodie,H,"[91.76470588235294, 0.0, -1.0]"
758,https://colorfulstandard.com/cdn/shop/files/CS1015_Male_OrganicOversizedHood-SnowMelange_2.jpg?v=1738159611&width=3000,-,Organic Oversized Hood - Snow Melange,https://colorfulstandard.com/fr-fr/products/organic-oversized-hood-snow-melange-male,Hoodie,H,"[87.84313725490196, -1.0, -1.0]"
759,https://colorfulstandard.com/cdn/shop/files/CS1006_Male_Classic_Organic_Hood-HeatherGrey_2.jpg?v=1738240741&width=3000,-,Classic Organic Hood - Heather Grey,https://colorfulstandard.com/fr-fr/products/classic-organic-hood-hoodie-heather-grey-male,Hoodie,H,"[74.11764705882354, -3.0, 3.0]"
760,https://colorfulstandard.com/cdn/shop/files/CS1006_Male_Classic_Organic_Hood-HeatherGrey_2.jpg?v=1738240741&width=3000,-,Classic Organic Hood - Heather Grey,https://colorfulstandard.com/fr-fr/products/classic-organic-hood-hoodie-heather-grey-male,Hoodie,H,"[80.7843137254902, -2.0, 3.0]"
761,https://colorfulstandard.com/cdn/shop/files/CS1015_Male_OrganicOversizedHood-HeatherGrey_2.jpg?v=1738158841&width=3000,-,Organic Oversized Hood - Heather Grey,https://colorfulstandard.com/fr-fr/products/organic-oversized-hood-heather-grey-male,Hoodie,H,"[73.72549019607844, -2.0, 3.0]"
762,https://colorfulstandard.com/cdn/shop/files/CS1015_Male_OrganicOversizedHood-HeatherGrey_2.jpg?v=1738158841&width=3000,-,Organic Oversized Hood - Heather Grey,https://colorfulstandard.com/fr-fr/products/organic-oversized-hood-heather-grey-male,Hoodie,H,"[80.7843137254902, -2.0, 3.0]"
763,https://colorfulstandard.com/cdn/shop/files/CS1015_Male_OrganicOversizedHood-MidnightForest_2.jpg?v=1738159093&width=3000,-,Organic Oversized Hood - Midnight Forest,https://colorfulstandard.com/fr-fr/products/organic-oversized-hood-midnight-forest-male,Hoodie,H,"[27.84313725490196, -6.0, 4.0]"
764,https://colorfulstandard.com/cdn/shop/files/CS1015_Male_OrganicOversizedHood-MidnightForest_2.jpg?v=1738159093&width=3000,-,Organic Oversized Hood - Midnight Forest,https://colorfulstandard.com/fr-fr/products/organic-oversized-hood-midnight-forest-male,Hoodie,H,"[21.96078431372549, -5.0, 4.0]"
765,https://colorfulstandard.com/cdn/shop/files/CS1006_Male_Classic_Organic_Hood-FadedBlack_2.jpg?v=1738240710&width=3000,-,Classic Organic Hood - Faded Black,https://colorfulstandard.com/fr-fr/products/classic-organic-hood-hoodie-faded-black-male,Hoodie,H,"[21.568627450980394, 0.0, 0.0]"
766,https://colorfulstandard.com/cdn/shop/files/CS1006_Male_Classic_Organic_Hood-FadedBlack_2.jpg?v=1738240710&width=3000,-,Classic Organic Hood - Faded Black,https://colorfulstandard.com/fr-fr/products/classic-organic-hood-hoodie-faded-black-male,Hoodie,H,"[27.84313725490196, 0.0, 0.0]"
767,https://colorfulstandard.com/cdn/shop/files/CS1015_Male_OrganicOversizedHood-NeptuneBlue_2.jpg?v=1738159180&width=3000,-,Organic Oversized Hood - Neptune Blue,https://colorfulstandard.com/fr-fr/products/organic-oversized-hood-neptune-blue-male,Hoodie,H,"[42.35294117647059, 1.0, -14.0]"
768,https://colorfulstandard.com/cdn/shop/files/CS1015_Male_OrganicOversizedHood-NeptuneBlue_2.jpg?v=1738159180&width=3000,-,Organic Oversized Hood - Neptune Blue,https://colorfulstandard.com/fr-fr/products/organic-oversized-hood-neptune-blue-male,Hoodie,H,"[33.72549019607843, 1.0, -15.0]"
769,https://colorfulstandard.com/cdn/shop/files/CS1015_Male_OrganicOversizedHood-IvoryWhite_2.jpg?v=1738158890&width=3000,-,Organic Oversized Hood - Ivory White,https://colorfulstandard.com/fr-fr/products/organic-oversized-hood-ivory-white-male,Hoodie,H,"[90.19607843137256, 2.0, 11.0]"
770,https://colorfulstandard.com/cdn/shop/files/CS1015_Male_OrganicOversizedHood-IvoryWhite_2.jpg?v=1738158890&width=3000,-,Organic Oversized Hood - Ivory White,https://colorfulstandard.com/fr-fr/products/organic-oversized-hood-ivory-white-male,Hoodie,H,"[84.70588235294117, 3.0, 12.0]"
771,https://colorfulstandard.com/cdn/shop/files/CS1007_Female_ClassicOrganicZipHood-DeepBlack_2_6759d89c-0769-47d9-a479-e73d6b191b3f.jpg?v=1738329984&width=3000,-,Classic Organic Zip Hood - Deep Black,https://colorfulstandard.com/fr-fr/products/classic-organic-zip-hood-zip-hoodie-deep-black-male,Hoodie,H,"[9.803921568627452, 2.0, -2.0]"
772,https://colorfulstandard.com/cdn/shop/files/CS1007_Female_ClassicOrganicZipHood-DeepBlack_2_6759d89c-0769-47d9-a479-e73d6b191b3f.jpg?v=1738329984&width=3000,-,Classic Organic Zip Hood - Deep Black,https://colorfulstandard.com/fr-fr/products/classic-organic-zip-hood-zip-hoodie-deep-black-male,Hoodie,H,"[7.0588235294117645, 2.0, -2.0]"
773,https://colorfulstandard.com/cdn/shop/files/CS1007_Male_ClassicOrganicZipHoodcopy-PetrolBlue_2.jpg?v=1738230264&width=3000,-,Classic Organic Zip Hood - Petrol Blue,https://colorfulstandard.com/fr-fr/products/classic-organic-zip-hood-zip-hoodie-petrol-blue-male,Hoodie,H,"[30.980392156862745, -2.0, -12.0]"
774,https://colorfulstandard.com/cdn/shop/files/CS1007_Male_ClassicOrganicZipHoodcopy-PetrolBlue_2.jpg?v=1738230264&width=3000,-,Classic Organic Zip Hood - Petrol Blue,https://colorfulstandard.com/fr-fr/products/classic-organic-zip-hood-zip-hoodie-petrol-blue-male,Hoodie,H,"[34.90196078431372, -2.0, -13.0]"
775,https://colorfulstandard.com/cdn/shop/files/CS1006_Male_Classic_Organic_Hood-DeepBlack_2_ec9e4ab1-abf8-4b47-bdb5-104f213b776b.jpg?v=1738329768&width=3000,-,Classic Organic Hood - Deep Black,https://colorfulstandard.com/fr-fr/products/classic-organic-hood-hoodie-deep-black-male,Hoodie,H,"[12.156862745098039, 1.0, -2.0]"
776,https://colorfulstandard.com/cdn/shop/files/CS1006_Male_Classic_Organic_Hood-MidnightForest_2.jpg?v=1738240906&width=3000,-,Classic Organic Hood - Midnight Forest,https://colorfulstandard.com/fr-fr/products/classic-organic-hood-hoodie-midnight-forest-male,Hoodie,H,"[27.84313725490196, -6.0, 4.0]"
777,https://colorfulstandard.com/cdn/shop/files/CS1006_Male_Classic_Organic_Hood-MidnightForest_2.jpg?v=1738240906&width=3000,-,Classic Organic Hood - Midnight Forest,https://colorfulstandard.com/fr-fr/products/classic-organic-hood-hoodie-midnight-forest-male,Hoodie,H,"[21.568627450980394, -6.0, 4.0]"
778,https://colorfulstandard.com/cdn/shop/files/CS1007_Male_ClassicOrganicZipHoodcopy-FadedBlack_2.jpg?v=1738229643&width=3000,-,Classic Organic Zip Hood - Faded Black,https://colorfulstandard.com/fr-fr/products/classic-organic-zip-hood-zip-hoodie-faded-black-male,Hoodie,H,"[25.49019607843137, 0.0, 0.0]"
779,https://colorfulstandard.com/cdn/shop/files/CS1007_Male_ClassicOrganicZipHoodcopy-FadedBlack_2.jpg?v=1738229643&width=3000,-,Classic Organic Zip Hood - Faded Black,https://colorfulstandard.com/fr-fr/products/classic-organic-zip-hood-zip-hoodie-faded-black-male,Hoodie,H,"[30.58823529411765, 0.0, 0.0]"
780,https://colorfulstandard.com/cdn/shop/files/CS1007_Male_ClassicOrganicZipHoodcopy-LavaGrey_2.jpg?v=1738229887&width=3000,-,Classic Organic Zip Hood - Lava Grey,https://colorfulstandard.com/fr-fr/products/classic-organic-zip-hood-zip-hoodie-lava-grey-male,Hoodie,H,"[34.90196078431372, 0.0, -1.0]"
781,https://colorfulstandard.com/cdn/shop/files/CS1007_Male_ClassicOrganicZipHoodcopy-LavaGrey_2.jpg?v=1738229887&width=3000,-,Classic Organic Zip Hood - Lava Grey,https://colorfulstandard.com/fr-fr/products/classic-organic-zip-hood-zip-hoodie-lava-grey-male,Hoodie,H,"[39.6078431372549, 0.0, -1.0]"
782,https://colorfulstandard.com/cdn/shop/files/CS1007_Male_ClassicOrganicZipHoodcopy-LavaGrey_2.jpg?v=1738229887&width=3000,-,Classic Organic Zip Hood - Lava Grey,https://colorfulstandard.com/fr-fr/products/classic-organic-zip-hood-zip-hoodie-lava-grey-male,Hoodie,H,"[27.84313725490196, 0.0, -1.0]"
783,https://colorfulstandard.com/cdn/shop/files/CS1006_Male_Classic_Organic_Hood-OceanGreen_2.jpg?v=1738241002&width=3000,-,Classic Organic Hood - Ocean Green,https://colorfulstandard.com/fr-fr/products/classic-organic-hood-hoodie-ocean-green-male,Hoodie,H,"[24.705882352941178, -11.0, -9.0]"
784,https://colorfulstandard.com/cdn/shop/files/CS1015_Male_OrganicOversizedHood-NavyBlue_2.jpg?v=1738159158&width=3000,-,Organic Oversized Hood - Navy Blue,https://colorfulstandard.com/fr-fr/products/organic-oversized-hood-navy-blue-male,Hoodie,H,"[11.76470588235294, 1.0, -11.0]"
785,https://colorfulstandard.com/cdn/shop/files/CS1015_Male_OrganicOversizedHood-CoffeeBrown_2.jpg?v=1738158690&width=3000,-,Organic Oversized Hood - Coffee Brown,https://colorfulstandard.com/fr-fr/products/organic-oversized-hood-coffee-brown-male,Hoodie,H,"[15.294117647058824, 4.0, 5.0]"
786,https://colorfulstandard.com/cdn/shop/files/CS1015_Male_OrganicOversizedHood-LavaGrey_2.jpg?v=1738158932&width=3000,-,Organic Oversized Hood - Lava Grey,https://colorfulstandard.com/fr-fr/products/organic-oversized-hood-lava-grey-male,Hoodie,H,"[30.19607843137255, 3.0, 0.0]"
787,https://colorfulstandard.com/cdn/shop/files/CS1015_Male_OrganicOversizedHood-LavaGrey_2.jpg?v=1738158932&width=3000,-,Organic Oversized Hood - Lava Grey,https://colorfulstandard.com/fr-fr/products/organic-oversized-hood-lava-grey-male,Hoodie,H,"[20.0, 3.0, -1.0]"
788,https://colorfulstandard.com/cdn/shop/files/CS1015_Male_OrganicOversizedHood-OxbloodRed_2.jpg?v=1738159243&width=3000,-,Organic Oversized Hood - Oxblood Red,https://colorfulstandard.com/fr-fr/products/organic-oversized-hood-oxblood-red-male,Hoodie,H,"[13.725490196078432, 13.0, 1.0]"
789,https://colorfulstandard.com/cdn/shop/files/CS1015_Male_OrganicOversizedHood-EmeraldGreen_2.jpg?v=1738158745&width=3000,-,Organic Oversized Hood - Emerald Green,https://colorfulstandard.com/fr-fr/products/organic-oversized-hood-emerald-green-male,Hoodie,H,"[23.92156862745098, -12.0, 3.0]"
790,https://colorfulstandard.com/cdn/shop/files/CS1015_Male_OrganicOversizedHood-EmeraldGreen_2.jpg?v=1738158745&width=3000,-,Organic Oversized Hood - Emerald Green,https://colorfulstandard.com/fr-fr/products/organic-oversized-hood-emerald-green-male,Hoodie,H,"[19.607843137254903, -11.0, 3.0]"
791,https://colorfulstandard.com/cdn/shop/files/CS1015_Male_OrganicOversizedHood-FadedPink_2.jpg?v=1738158825&width=3000,-,Organic Oversized Hood - Faded Pink,https://colorfulstandard.com/fr-fr/products/organic-oversized-hood-faded-pink-male,Hoodie,H,"[85.49019607843137, 11.0, 8.0]"
792,https://colorfulstandard.com/cdn/shop/files/CS1015_Male_OrganicOversizedHood-FadedPink_2.jpg?v=1738158825&width=3000,-,Organic Oversized Hood - Faded Pink,https://colorfulstandard.com/fr-fr/products/organic-oversized-hood-faded-pink-male,Hoodie,H,"[78.03921568627452, 13.0, 8.0]"
793,https://colorfulstandard.com/cdn/shop/files/CS1015_Male_OrganicOversizedHood-SoftLavender_2.jpg?v=1738159636&width=3000,-,Organic Oversized Hood - Soft Lavender,https://colorfulstandard.com/fr-fr/products/organic-oversized-hood-soft-lavender-male,Hoodie,H,"[85.09803921568627, 5.0, -14.0]"
794,https://colorfulstandard.com/cdn/shop/files/CS1015_Male_OrganicOversizedHood-SoftLavender_2.jpg?v=1738159636&width=3000,-,Organic Oversized Hood - Soft Lavender,https://colorfulstandard.com/fr-fr/products/organic-oversized-hood-soft-lavender-male,Hoodie,H,"[77.64705882352942, 6.0, -15.0]"
795,https://colorfulstandard.com/cdn/shop/files/CS1015_Male_OrganicOversizedHood-SunnyOrange_2.jpg?v=1738159784&width=3000,-,Organic Oversized Hood - Sunny Orange,https://colorfulstandard.com/fr-fr/products/organic-oversized-hood-sunny-orange-male,Hoodie,H,"[69.01960784313725, 33.0, 64.0]"
796,https://colorfulstandard.com/cdn/shop/files/CS1015_Male_OrganicOversizedHood-SapphireBlue_2.jpg?v=1738159547&width=3000,-,Organic Oversized Hood - Sapphire Blue,https://colorfulstandard.com/fr-fr/products/organic-oversized-hood-sapphire-blue-male,Hoodie,H,"[47.05882352941176, 18.0, -58.0]"
797,https://colorfulstandard.com/cdn/shop/files/CS1007_Male_ClassicOrganicZipHoodcopy-SteelBlue_2.jpg?v=1738230431&width=3000,-,Classic Organic Zip Hood - Steel Blue,https://colorfulstandard.com/fr-fr/products/classic-organic-zip-hood-zip-hoodie-steel-blue-male,Hoodie,H,"[63.921568627450974, -7.0, -2.0]"
798,https://colorfulstandard.com/cdn/shop/files/CS1007_Male_ClassicOrganicZipHoodcopy-SteelBlue_2.jpg?v=1738230431&width=3000,-,Classic Organic Zip Hood - Steel Blue,https://colorfulstandard.com/fr-fr/products/classic-organic-zip-hood-zip-hoodie-steel-blue-male,Hoodie,H,"[69.80392156862744, -7.0, -2.0]"
799,https://colorfulstandard.com/cdn/shop/files/CS1007_Male_ClassicOrganicZipHoodcopy-DustyOlive_2.jpg?v=1738229620&width=3000,-,Classic Organic Zip Hood - Dusty Olive,https://colorfulstandard.com/fr-fr/products/classic-organic-zip-hood-zip-hoodie-dusty-olive-male,Hoodie,H,"[42.745098039215684, -6.0, 12.0]"
800,https://colorfulstandard.com/cdn/shop/files/CS1007_Male_ClassicOrganicZipHoodcopy-DustyOlive_2.jpg?v=1738229620&width=3000,-,Classic Organic Zip Hood - Dusty Olive,https://colorfulstandard.com/fr-fr/products/classic-organic-zip-hood-zip-hoodie-dusty-olive-male,Hoodie,H,"[47.84313725490196, -6.0, 12.0]"
801,https://colorfulstandard.com/cdn/shop/files/CS1015_Male_OrganicOversizedHood-KellyGreen_2.jpg?v=1738158913&width=3000,-,Organic Oversized Hood - Kelly Green,https://colorfulstandard.com/fr-fr/products/organic-oversized-hood-kelly-green-male,Hoodie,H,"[50.98039215686274, -46.0, 24.0]"
802,https://colorfulstandard.com/cdn/shop/files/CS1006_Male_Classic_Organic_Hood-LavaGrey_2.jpg?v=1738240926&width=3000,-,Classic Organic Hood - Lava Grey,https://colorfulstandard.com/fr-fr/products/classic-organic-hood-hoodie-lava-grey-male,Hoodie,H,"[27.84313725490196, 2.0, 0.0]"
803,https://colorfulstandard.com/cdn/shop/files/CS1006_Male_Classic_Organic_Hood-EmeraldGreen_2.jpg?v=1738240704&width=3000,-,Classic Organic Hood - Emerald Green,https://colorfulstandard.com/fr-fr/products/classic-organic-hood-hoodie-emerald-green-male,Hoodie,H,"[22.35294117647059, -11.0, 3.0]"
804,https://colorfulstandard.com/cdn/shop/files/CS1015_Male_OrganicOversizedHood-CedarBrown_2.jpg?v=1738158649&width=3000,-,Organic Oversized Hood - Cedar Brown,https://colorfulstandard.com/fr-fr/products/organic-oversized-hood-cedar-brown-male,Hoodie,H,"[45.09803921568628, 7.0, 12.0]"
805,https://colorfulstandard.com/cdn/shop/files/CS1015_Male_OrganicOversizedHood-CedarBrown_2.jpg?v=1738158649&width=3000,-,Organic Oversized Hood - Cedar Brown,https://colorfulstandard.com/fr-fr/products/organic-oversized-hood-cedar-brown-male,Hoodie,H,"[34.509803921568626, 7.0, 12.0]"
806,https://colorfulstandard.com/cdn/shop/files/CS1006_Male_Classic_Organic_Hood-NavyBlue_2_66bb0747-7f16-4c59-be4d-567a40c06727.jpg?v=1738329780&width=3000,-,Classic Organic Hood - Navy Blue,https://colorfulstandard.com/fr-fr/products/classic-organic-hood-hoodie-navy-blue-male,Hoodie,H,"[14.901960784313726, 0.0, -11.0]"
807,https://colorfulstandard.com/cdn/shop/files/CS1006_Male_Classic_Organic_Hood-PetrolBlue_2.jpg?v=1738241030&width=3000,-,Classic Organic Hood - Petrol Blue,https://colorfulstandard.com/fr-fr/products/classic-organic-hood-hoodie-petrol-blue-male,Hoodie,H,"[25.098039215686274, 0.0, -12.0]"
808,https://colorfulstandard.com/cdn/shop/files/CS1015_Male_OrganicOversizedHood-FadedGrey_2.jpg?v=1738158804&width=3000,-,Organic Oversized Hood - Faded Grey,https://colorfulstandard.com/fr-fr/products/organic-oversized-hood-faded-grey-male,Hoodie,H,"[79.6078431372549, 0.0, 2.0]"
809,https://colorfulstandard.com/cdn/shop/files/CS1015_Male_OrganicOversizedHood-FadedGrey_2.jpg?v=1738158804&width=3000,-,Organic Oversized Hood - Faded Grey,https://colorfulstandard.com/fr-fr/products/organic-oversized-hood-faded-grey-male,Hoodie,H,"[72.94117647058823, 0.0, 2.0]"
810,https://colorfulstandard.com/cdn/shop/files/CS1015_Male_OrganicOversizedHood-DustyOlive_2.jpg?v=1738158726&width=3000,-,Organic Oversized Hood - Dusty Olive,https://colorfulstandard.com/fr-fr/products/organic-oversized-hood-dusty-olive-male,Hoodie,H,"[43.92156862745098, -1.0, 13.0]"
811,https://colorfulstandard.com/cdn/shop/files/CS1015_Male_OrganicOversizedHood-PetrolBlue_2.jpg?v=1738159320&width=3000,-,Organic Oversized Hood - Petrol Blue,https://colorfulstandard.com/fr-fr/products/organic-oversized-hood-petrol-blue-male,Hoodie,H,"[26.666666666666668, 1.0, -13.0]"
812,https://colorfulstandard.com/cdn/shop/files/CS1015_Male_OrganicOversizedHood-UltraViolet_2.jpg?v=1738159857&width=3000,-,Organic Oversized Hood - Ultra Violet,https://colorfulstandard.com/fr-fr/products/organic-oversized-hood-ultra-violet-male,Hoodie,H,"[52.54901960784314, 31.0, -41.0]"
813,https://colorfulstandard.com/cdn/shop/files/CS1006_Male_Classic_Organic_Hood-PowderBlue_2.jpg?v=1738241142&width=3000,-,Classic Organic Hood - Powder Blue,https://colorfulstandard.com/fr-fr/products/classic-organic-hood-hoodie-powder-blue-male,Hoodie,H,"[84.31372549019608, -3.0, -5.0]"
814,https://colorfulstandard.com/cdn/shop/files/CS1006_Male_Classic_Organic_Hood-HoneyBeige_2.jpg?v=1738240818&width=3000,-,Classic Organic Hood - Honey Beige,https://colorfulstandard.com/fr-fr/products/classic-organic-hood-hoodie-honey-beige-male,Hoodie,H,"[81.56862745098039, 5.0, 15.0]"
815,https://colorfulstandard.com/cdn/shop/files/CS1006_Male_Classic_Organic_Hood-HoneyBeige_2.jpg?v=1738240818&width=3000,-,Classic Organic Hood - Honey Beige,https://colorfulstandard.com/fr-fr/products/classic-organic-hood-hoodie-honey-beige-male,Hoodie,H,"[77.64705882352942, 4.0, 16.0]"
816,https://colorfulstandard.com/cdn/shop/files/CS1006_Male_Classic_Organic_Hood-RaspberryPink_2.jpg?v=1738241156&width=3000,-,Classic Organic Hood - Raspberry Pink,https://colorfulstandard.com/fr-fr/products/classic-organic-hood-hoodie-raspberry-pink-male,Hoodie,H,"[55.68627450980392, 41.0, 13.0]"
817,https://colorfulstandard.com/cdn/shop/files/CS1006_Male_Classic_Organic_Hood-OxbloodRed_2_005070b3-35d0-4a80-b952-2406a1411ea4.jpg?v=1738329787&width=3000,-,Classic Organic Hood - Oxblood Red,https://colorfulstandard.com/fr-fr/products/classic-organic-hood-hoodie-oxblood-red-male,Hoodie,H,"[14.901960784313726, 13.0, 1.0]"
818,https://colorfulstandard.com/cdn/shop/files/CS1007_Male_ClassicOrganicZipHoodcopy-PurpleHaze_2.jpg?v=1738230304&width=3000,-,Classic Organic Zip Hood - Purple Haze,https://colorfulstandard.com/fr-fr/products/classic-organic-zip-hood-zip-hoodie-purple-haze-male,Hoodie,H,"[57.647058823529406, 8.0, -4.0]"
819,https://colorfulstandard.com/cdn/shop/files/CS1007_Male_ClassicOrganicZipHoodcopy-PurpleHaze_2.jpg?v=1738230304&width=3000,-,Classic Organic Zip Hood - Purple Haze,https://colorfulstandard.com/fr-fr/products/classic-organic-zip-hood-zip-hoodie-purple-haze-male,Hoodie,H,"[51.37254901960784, 7.0, -4.0]"
820,https://colorfulstandard.com/cdn/shop/files/CS1007_Female_ClassicOrganicZipHood-NavyBlue_2_b8c8ad49-0065-4b2b-b821-505fcfb36f5c.jpg?v=1738330000&width=3000,-,Classic Organic Zip Hood - Navy Blue,https://colorfulstandard.com/fr-fr/products/classic-organic-zip-hood-zip-hoodie-navy-blue-male,Hoodie,H,"[20.392156862745097, -2.0, -7.0]"
821,https://colorfulstandard.com/cdn/shop/files/CS1007_Female_ClassicOrganicZipHood-NavyBlue_2_b8c8ad49-0065-4b2b-b821-505fcfb36f5c.jpg?v=1738330000&width=3000,-,Classic Organic Zip Hood - Navy Blue,https://colorfulstandard.com/fr-fr/products/classic-organic-zip-hood-zip-hoodie-navy-blue-male,Hoodie,H,"[16.07843137254902, 0.0, -7.0]"
822,https://colorfulstandard.com/cdn/shop/files/CS1007_Female_ClassicOrganicZipHood-HunterGreen_2_4a171d16-23c8-47cc-86b4-932ebea5722d.jpg?v=1738331542&width=3000,-,Classic Organic Zip Hood - Hunter Green,https://colorfulstandard.com/fr-fr/products/classic-organic-zip-hood-zip-hoodie-hunter-green-male,Hoodie,H,"[20.784313725490197, -4.0, 5.0]"
823,https://colorfulstandard.com/cdn/shop/files/CS1007_Female_ClassicOrganicZipHood-HunterGreen_2_4a171d16-23c8-47cc-86b4-932ebea5722d.jpg?v=1738331542&width=3000,-,Classic Organic Zip Hood - Hunter Green,https://colorfulstandard.com/fr-fr/products/classic-organic-zip-hood-zip-hoodie-hunter-green-male,Hoodie,H,"[17.254901960784313, -4.0, 4.0]"
824,https://colorfulstandard.com/cdn/shop/files/CS1015_Male_OrganicOversizedHood-PearlyPurple_2.jpg?v=1738159299&width=3000,-,Organic Oversized Hood - Pearly Purple,https://colorfulstandard.com/fr-fr/products/organic-oversized-hood-pearly-purple-male,Hoodie,H,"[66.66666666666666, 19.0, -6.0]"
825,https://colorfulstandard.com/cdn/shop/files/CS1006_Male_Classic_Organic_Hood-HunterGreen_2_592551a5-e2fc-4992-9fd9-e1d7715d04be.jpg?v=1738329775&width=3000,-,Classic Organic Hood - Hunter Green,https://colorfulstandard.com/fr-fr/products/classic-organic-hood-hoodie-hunter-green-male,Hoodie,H,"[20.392156862745097, -5.0, 5.0]"
826,https://colorfulstandard.com/cdn/shop/files/CS1015_Male_OrganicOversizedHood-SeasideBlue_2.jpg?v=1738159582&width=3000,-,Organic Oversized Hood - Seaside Blue,https://colorfulstandard.com/fr-fr/products/organic-oversized-hood-seaside-blue-male,Hoodie,H,"[67.05882352941175, -5.0, -18.0]"
827,https://colorfulstandard.com/cdn/shop/files/CS1015_Male_OrganicOversizedHood-SeasideBlue_2.jpg?v=1738159582&width=3000,-,Organic Oversized Hood - Seaside Blue,https://colorfulstandard.com/fr-fr/products/organic-oversized-hood-seaside-blue-male,Hoodie,H,"[72.15686274509804, -5.0, -17.0]"
828,https://colorfulstandard.com/cdn/shop/files/CS1015_Male_OrganicOversizedHood-HunterGreen_2.jpg?v=1738158868&width=3000,-,Organic Oversized Hood - Hunter Green,https://colorfulstandard.com/fr-fr/products/organic-oversized-hood-hunter-green-male,Hoodie,H,"[15.686274509803921, -3.0, 3.0]"
829,https://colorfulstandard.com/cdn/shop/files/CS1015_Male_OrganicOversizedHood-MistyBrown_2.jpg?v=1738159137&width=3000,-,Organic Oversized Hood - Misty Brown,https://colorfulstandard.com/fr-fr/products/organic-oversized-hood-misty-brown-male,Hoodie,H,"[50.98039215686274, 1.0, 5.0]"
830,https://colorfulstandard.com/cdn/shop/files/CS1015_Male_OrganicOversizedHood-MistyBrown_2.jpg?v=1738159137&width=3000,-,Organic Oversized Hood - Misty Brown,https://colorfulstandard.com/fr-fr/products/organic-oversized-hood-misty-brown-male,Hoodie,H,"[41.568627450980394, 1.0, 5.0]"
831,https://colorfulstandard.com/cdn/shop/files/CS1006_Male_Classic_Organic_Hood-MarineBlue_2.jpg?v=1738240914&width=3000,-,Classic Organic Hood - Marine Blue,https://colorfulstandard.com/fr-fr/products/classic-organic-hood-hoodie-marine-blue,Hoodie,H,"[18.823529411764707, 8.0, -21.0]"
832,https://colorfulstandard.com/cdn/shop/files/CS1015_Male_OrganicOversizedHood-SteelBlue_2_9b78325d-9a3c-4297-9c0d-8602d34550ad.jpg?v=1738159721&width=3000,-,Organic Oversized Hood - Steel Blue,https://colorfulstandard.com/fr-fr/products/organic-oversized-hood-steel-blue-male,Hoodie,H,"[68.23529411764706, -3.0, 7.0]"
833,https://colorfulstandard.com/cdn/shop/files/CS1015_Male_OrganicOversizedHood-PacificBlue_2.jpg?v=1738159280&width=3000,-,Organic Oversized Hood - Pacific Blue,https://colorfulstandard.com/fr-fr/products/organic-oversized-hood-pacific-blue-male,Hoodie,H,"[57.25490196078431, -1.0, -49.0]"
834,https://colorfulstandard.com/cdn/shop/files/CS1006_Male_Classic_Organic_Hood-SteelBlue_2.jpg?v=1738241246&width=3000,-,Classic Organic Hood - Steel Blue,https://colorfulstandard.com/fr-fr/products/classic-organic-hood-hoodie-steel-blue-male,Hoodie,H,"[65.88235294117646, -3.0, 6.0]"
835,https://colorfulstandard.com/cdn/shop/files/CS1007_Male_ClassicOrganicZipHoodcopy-IvoryWhite_2.jpg?v=1738229789&width=3000,-,Classic Organic Zip Hood - Ivory White,https://colorfulstandard.com/fr-fr/products/classic-organic-zip-hood-zip-hoodie-ivory-white-male,Hoodie,H,"[89.80392156862746, -1.0, 9.0]"
836,https://colorfulstandard.com/cdn/shop/files/CS1007_Male_ClassicOrganicZipHoodcopy-IvoryWhite_2.jpg?v=1738229789&width=3000,-,Classic Organic Zip Hood - Ivory White,https://colorfulstandard.com/fr-fr/products/classic-organic-zip-hood-zip-hoodie-ivory-white-male,Hoodie,H,"[82.35294117647058, 0.0, 9.0]"
837,https://colorfulstandard.com/cdn/shop/files/CS1007_Male_ClassicOrganicZipHoodcopy-HeatherGrey_2.jpg?v=1738229723&width=3000,-,Classic Organic Zip Hood - Heather Grey,https://colorfulstandard.com/fr-fr/products/classic-organic-zip-hood-zip-hoodie-heather-grey-male,Hoodie,H,"[65.09803921568627, 0.0, -1.0]"
838,https://colorfulstandard.com/cdn/shop/files/CS1007_Male_ClassicOrganicZipHoodcopy-HeatherGrey_2.jpg?v=1738229723&width=3000,-,Classic Organic Zip Hood - Heather Grey,https://colorfulstandard.com/fr-fr/products/classic-organic-zip-hood-zip-hoodie-heather-grey-male,Hoodie,H,"[72.54901960784314, 0.0, -1.0]"
839,https://colorfulstandard.com/cdn/shop/files/CS1007_Male_ClassicOrganicZipHoodcopy-HeatherGrey_2.jpg?v=1738229723&width=3000,-,Classic Organic Zip Hood - Heather Grey,https://colorfulstandard.com/fr-fr/products/classic-organic-zip-hood-zip-hoodie-heather-grey-male,Hoodie,H,"[54.90196078431373, -1.0, -1.0]"
840,https://colorfulstandard.com/cdn/shop/files/CS1015_Male_OrganicOversizedHood-OysterGrey_2.jpg?v=1738159261&width=3000,-,Organic Oversized Hood - Oyster Grey,https://colorfulstandard.com/fr-fr/products/organic-oversized-hood-oyster-grey-male,Hoodie,H,"[76.47058823529412, 5.0, 14.0]"
841,https://colorfulstandard.com/cdn/shop/files/CS1015_Male_OrganicOversizedHood-RaspberryPink_2.jpg?v=1738159447&width=3000,-,Organic Oversized Hood - Raspberry Pink,https://colorfulstandard.com/fr-fr/products/organic-oversized-hood-raspberry-pink-male,Hoodie,H,"[57.647058823529406, 40.0, 13.0]"
842,https://colorfulstandard.com/cdn/shop/files/CS1006_Male_Classic_Organic_Hood-MagentaBlaze_2.jpg?v=1738240919&width=3000,-,Classic Organic Hood - Magenta Blaze,https://colorfulstandard.com/fr-fr/products/classic-organic-hood-hoodie-magenta-blaze-male,Hoodie,H,"[50.19607843137255, 61.0, -7.0]"
843,https://colorfulstandard.com/cdn/shop/files/CS1006_Male_Classic_Organic_Hood-TropicalSea_2.jpg?v=1738241280&width=3000,-,Classic Organic Hood - Tropical Sea,https://colorfulstandard.com/fr-fr/products/classic-organic-hood-hoodie-tropical-sea,Hoodie,H,"[64.70588235294117, -40.0, -3.0]"
844,https://colorfulstandard.com/cdn/shop/files/CS1015_Male_OrganicOversizedHood-CherryBlossom_2.jpg?v=1738158666&width=3000,-,Organic Oversized Hood - Cherry Blossom,https://colorfulstandard.com/fr-fr/products/organic-oversized-hood-cherry-blossom,Hoodie,H,"[78.43137254901961, 22.0, -3.0]"
845,https://colorfulstandard.com/cdn/shop/files/CS1015_Male_OrganicOversizedHood-CherryBlossom_2.jpg?v=1738158666&width=3000,-,Organic Oversized Hood - Cherry Blossom,https://colorfulstandard.com/fr-fr/products/organic-oversized-hood-cherry-blossom,Hoodie,H,"[71.37254901960785, 24.0, -3.0]"
846,https://colorfulstandard.com/cdn/shop/files/CS1006_Male_Classic_Organic_Hood-SnowMelange_2.jpg?v=1738241222&width=3000,-,Classic Organic Hood - Snow Melange,https://colorfulstandard.com/fr-fr/products/classic-organic-hood-hoodie-snow-melange-male,Hoodie,H,"[92.15686274509804, -1.0, 0.0]"
847,https://colorfulstandard.com/cdn/shop/files/CS1006_Male_Classic_Organic_Hood-SnowMelange_2.jpg?v=1738241222&width=3000,-,Classic Organic Hood - Snow Melange,https://colorfulstandard.com/fr-fr/products/classic-organic-hood-hoodie-snow-melange-male,Hoodie,H,"[88.62745098039215, -1.0, 0.0]"
848,https://colorfulstandard.com/cdn/shop/files/CS1006_Male_Classic_Organic_Hood-OpticalWhite_2.jpg?v=1738241011&width=3000,-,Classic Organic Hood - Optical White,https://colorfulstandard.com/fr-fr/products/classic-organic-hood-hoodie-optical-white-male,Hoodie,H,"[95.29411764705881, 1.0, -1.0]"
849,https://colorfulstandard.com/cdn/shop/files/CS1015_Male_OrganicOversizedHood-PurpleJade_2.jpg?v=1738159421&width=3000,-,Organic Oversized Hood - Purple Jade,https://colorfulstandard.com/fr-fr/products/organic-oversized-hood-purple-jade-male,Hoodie,H,"[58.43137254901961, 10.0, -12.0]"
850,https://colorfulstandard.com/cdn/shop/files/CS1015_Male_OrganicOversizedHood-PurpleJade_2.jpg?v=1738159421&width=3000,-,Organic Oversized Hood - Purple Jade,https://colorfulstandard.com/fr-fr/products/organic-oversized-hood-purple-jade-male,Hoodie,H,"[65.09803921568627, 10.0, -12.0]"
851,https://colorfulstandard.com/cdn/shop/files/CS1006_Male_Classic_Organic_Hood-PacificBlue_2.jpg?v=1738241024&width=3000,-,Classic Organic Hood - Pacific Blue,https://colorfulstandard.com/fr-fr/products/classic-organic-hood-hoodie-pacific-blue-male,Hoodie,H,"[56.07843137254902, 0.0, -50.0]"
852,https://colorfulstandard.com/cdn/shop/files/CS1015_Male_OrganicOversizedHood-MagentaBlaze_2.jpg?v=1738159002&width=3000,-,Organic Oversized Hood - Magenta Blaze,https://colorfulstandard.com/fr-fr/products/organic-oversized-hood-magenta-blaze-male,Hoodie,H,"[51.76470588235295, 61.0, -8.0]"
853,https://colorfulstandard.com/cdn/shop/files/CS1006_Male_Classic_Organic_Hood-CherryBlossom_2.jpg?v=1738240673&width=3000,-,Classic Organic Hood - Cherry Blossom,https://colorfulstandard.com/fr-fr/products/classic-organic-hood-hoodie-cherry-blossom,Hoodie,H,"[76.86274509803923, 23.0, -3.0]"
854,https://colorfulstandard.com/cdn/shop/files/CS1006_Male_Classic_Organic_Hood-CherryBlossom_2.jpg?v=1738240673&width=3000,-,Classic Organic Hood - Cherry Blossom,https://colorfulstandard.com/fr-fr/products/classic-organic-hood-hoodie-cherry-blossom,Hoodie,H,"[72.94117647058823, 24.0, -3.0]"
855,https://colorfulstandard.com/cdn/shop/files/CS1015_Male_OrganicOversizedHood-PineGreen_2.jpg?v=1738159354&width=3000,-,Organic Oversized Hood - Pine Green,https://colorfulstandard.com/fr-fr/products/organic-oversized-hood-oversized-hoodie-pine-green-male,Hoodie,H,"[41.568627450980394, -19.0, -2.0]"
856,https://colorfulstandard.com/cdn/shop/files/CS1015_Male_OrganicOversizedHood-PineGreen_2.jpg?v=1738159354&width=3000,-,Organic Oversized Hood - Pine Green,https://colorfulstandard.com/fr-fr/products/organic-oversized-hood-oversized-hoodie-pine-green-male,Hoodie,H,"[35.294117647058826, -18.0, -2.0]"
857,https://colorfulstandard.com/cdn/shop/files/CS1006_Male_Classic_Organic_Hood-PineGreen_2.jpg?v=1738241037&width=3000,-,Classic Organic Hood - Pine Green,https://colorfulstandard.com/fr-fr/products/classic-organic-hood-hoodie-pine-green-male,Hoodie,H,"[39.6078431372549, -19.0, -2.0]"
858,https://colorfulstandard.com/cdn/shop/files/CS1015_Male_OrganicOversizedHood-TealBlue_2.jpg?v=1738159811&width=3000,-,Organic Oversized Hood - Teal Blue,https://colorfulstandard.com/fr-fr/products/organic-oversized-hood-teal-blue-male,Hoodie,H,"[72.94117647058823, -18.0, -7.0]"
859,https://colorfulstandard.com/cdn/shop/files/CS1015_Male_OrganicOversizedHood-OpticalWhite_2.jpg?v=1738159226&width=3000,-,Organic Oversized Hood - Optical White,https://colorfulstandard.com/fr-fr/products/organic-oversized-hood-optical-white-male,Hoodie,H,"[95.68627450980392, 1.0, -1.0]"
860,https://colorfulstandard.com/cdn/shop/files/CS1006_Male_Classic_Organic_Hood-FadedPink_2.jpg?v=1738240725&width=3000,-,Classic Organic Hood - Faded Pink,https://colorfulstandard.com/fr-fr/products/classic-organic-hood-hoodie-faded-pink-male,Hoodie,H,"[84.70588235294117, 12.0, 8.0]"
861,https://colorfulstandard.com/cdn/shop/files/CS1006_Male_Classic_Organic_Hood-FadedPink_2.jpg?v=1738240725&width=3000,-,Classic Organic Hood - Faded Pink,https://colorfulstandard.com/fr-fr/products/classic-organic-hood-hoodie-faded-pink-male,Hoodie,H,"[81.17647058823529, 13.0, 8.0]"
862,https://colorfulstandard.com/cdn/shop/files/CS1006_Male_Classic_Organic_Hood-DustyOlive_2.jpg?v=1738240693&width=3000,-,Classic Organic Hood - Dusty Olive,https://colorfulstandard.com/fr-fr/products/classic-organic-hood-hoodie-dusty-olive-male,Hoodie,H,"[42.35294117647059, -1.0, 13.0]"
863,https://colorfulstandard.com/cdn/shop/files/CS1006_Male_Classic_Organic_Hood-CoffeeBrown_2_d95996b4-ab67-40e9-a46f-8ba01d63f45d.jpg?v=1738329762&width=3000,-,Classic Organic Hood - Coffee Brown,https://colorfulstandard.com/fr-fr/products/classic-organic-hood-hoodie-coffee-brown-male,Hoodie,H,"[16.862745098039216, 4.0, 4.0]"
864,https://colorfulstandard.com/cdn/shop/files/CS1015_Male_OrganicOversizedHood-ScarletRed_2.jpg?v=1738159566&width=3000,-,Organic Oversized Hood - Scarlet Red,https://colorfulstandard.com/fr-fr/products/organic-oversized-hood-scarlet-red-male,Hoodie,H,"[45.490196078431374, 64.0, 33.0]"
865,https://colorfulstandard.com/cdn/shop/files/CS1015_Male_OrganicOversizedHood-OceanGreen_2.jpg?v=1738159208&width=3000,-,Organic Oversized Hood - Ocean Green,https://colorfulstandard.com/fr-fr/products/organic-oversized-hood-ocean-green-male,Hoodie,H,"[25.882352941176475, -11.0, -9.0]"
866,https://colorfulstandard.com/cdn/shop/files/CS1015_Male_OrganicOversizedHood-OceanGreen_2.jpg?v=1738159208&width=3000,-,Organic Oversized Hood - Ocean Green,https://colorfulstandard.com/fr-fr/products/organic-oversized-hood-ocean-green-male,Hoodie,H,"[20.784313725490197, -10.0, -8.0]"
867,https://colorfulstandard.com/cdn/shop/files/CS1006_Male_Classic_Organic_Hood-SapphireBlue_2.jpg?v=1738241183&width=3000,-,Classic Organic Hood - Sapphire Blue,https://colorfulstandard.com/fr-fr/products/classic-organic-hood-hoodie-sapphire-blue-male,Hoodie,H,"[41.96078431372549, 26.0, -63.0]"
868,https://colorfulstandard.com/cdn/shop/files/CS1006_Male_Classic_Organic_Hood-MistyBrown_2.jpg?v=1738240889&width=3000,-,Classic Organic Hood - Misty Brown,https://colorfulstandard.com/fr-fr/products/classic-organic-hood-hoodie-misty-brown-male,Hoodie,H,"[49.01960784313725, 1.0, 5.0]"
869,https://colorfulstandard.com/cdn/shop/files/CS1015_Male_OrganicOversizedHood-TropicalSea_2.jpg?v=1738159838&width=3000,-,Organic Oversized Hood - Tropical Sea,https://colorfulstandard.com/fr-fr/products/organic-oversized-hood-tropical-sea,Hoodie,H,"[65.88235294117646, -41.0, -4.0]"
870,https://colorfulstandard.com/cdn/shop/files/CS1015_Male_OrganicOversizedHood-RedTangerine_2.jpg?v=1738159483&width=3000,-,Organic Oversized Hood - Red Tangerine,https://colorfulstandard.com/fr-fr/products/organic-oversized-hood-red-tangerine,Hoodie,H,"[53.333333333333336, 62.0, 37.0]"
871,https://colorfulstandard.com/cdn/shop/files/CS1015_Male_OrganicOversizedHood-MarineBlue_2.jpg?v=1738159051&width=3000,-,Organic Oversized Hood - Marine Blue,https://colorfulstandard.com/fr-fr/products/organic-oversized-hood-marine-blue,Hoodie,H,"[20.392156862745097, 8.0, -21.0]"
872,https://colorfulstandard.com/cdn/shop/files/CS1015_Male_OrganicOversizedHood-MarineBlue_2.jpg?v=1738159051&width=3000,-,Organic Oversized Hood - Marine Blue,https://colorfulstandard.com/fr-fr/products/organic-oversized-hood-marine-blue,Hoodie,H,"[16.862745098039216, 8.0, -19.0]"
873,https://colorfulstandard.com/cdn/shop/files/CS1007_Male_ClassicOrganicZipHoodcopy-RedTangerine_2.jpg?v=1738230328&width=3000,-,Classic Organic Zip Hood - Red Tangerine,https://colorfulstandard.com/fr-fr/products/classic-organic-zip-hood-red-tangerine,Hoodie,H,"[54.90196078431373, 64.0, 31.0]"
874,https://colorfulstandard.com/cdn/shop/files/CS1007_Male_ClassicOrganicZipHoodcopy-RedTangerine_2.jpg?v=1738230328&width=3000,-,Classic Organic Zip Hood - Red Tangerine,https://colorfulstandard.com/fr-fr/products/classic-organic-zip-hood-red-tangerine,Hoodie,H,"[49.80392156862745, 62.0, 33.0]"
875,https://colorfulstandard.com/cdn/shop/files/CS1006_Male_Classic_Organic_Hood-RedTangerine_2.jpg?v=1738241164&width=3000,-,Classic Organic Hood - Red Tangerine,https://colorfulstandard.com/fr-fr/products/classic-organic-hood-hoodie-red-tangerine,Hoodie,H,"[52.94117647058824, 62.0, 38.0]"
876,https://colorfulstandard.com/cdn/shop/files/CS1006_Male_Classic_Organic_Hood-GingerBrown_2.jpg?v=1738240732&width=3000,-,Classic Organic Hood - Ginger Brown,https://colorfulstandard.com/fr-fr/products/classic-organic-hood-hoodie-ginger-brown-male,Hoodie,H,"[49.01960784313725, 22.0, 36.0]"
877,https://colorfulstandard.com/cdn/shop/files/CS1006_Male_Classic_Organic_Hood-SeafoamGreen_2.jpg?v=1738241202&width=3000,-,Classic Organic Hood - Seafoam Green,https://colorfulstandard.com/fr-fr/products/classic-organic-hood-hoodie-seafoam-green-male,Hoodie,H,"[73.33333333333333, -18.0, 0.0]"
878,https://colorfulstandard.com/cdn/shop/files/CS1006_Male_Classic_Organic_Hood-SeasideBlue_2.jpg?v=1738241210&width=3000,-,Classic Organic Hood - Seaside Blue,https://colorfulstandard.com/fr-fr/products/classic-organic-hood-hoodie-seaside-blue-male,Hoodie,H,"[68.62745098039215, -4.0, -18.0]"
879,https://colorfulstandard.com/cdn/shop/files/CS1007_Male_ClassicOrganicZipHoodcopy-NeptuneBlue_2.jpg?v=1738230155&width=3000,-,Classic Organic Zip Hood - Neptune Blue,https://colorfulstandard.com/fr-fr/products/classic-organic-zip-hood-zip-hoodie-neptune-blue-male,Hoodie,H,"[31.372549019607842, 1.0, -11.0]"
880,https://colorfulstandard.com/cdn/shop/files/CS1007_Male_ClassicOrganicZipHoodcopy-NeptuneBlue_2.jpg?v=1738230155&width=3000,-,Classic Organic Zip Hood - Neptune Blue,https://colorfulstandard.com/fr-fr/products/classic-organic-zip-hood-zip-hoodie-neptune-blue-male,Hoodie,H,"[35.68627450980392, 0.0, -10.0]"
881,https://colorfulstandard.com/cdn/shop/files/CS1007_Male_ClassicOrganicZipHoodcopy-NeptuneBlue_2.jpg?v=1738230155&width=3000,-,Classic Organic Zip Hood - Neptune Blue,https://colorfulstandard.com/fr-fr/products/classic-organic-zip-hood-zip-hoodie-neptune-blue-male,Hoodie,H,"[27.450980392156865, 1.0, -10.0]"
882,https://colorfulstandard.com/cdn/shop/files/CS1006_Male_Classic_Organic_Hood-NeptuneBlue_2.jpg?v=1738240996&width=3000,-,Classic Organic Hood - Neptune Blue,https://colorfulstandard.com/fr-fr/products/classic-organic-hood-hoodie-neptune-blue-male,Hoodie,H,"[42.745098039215684, 0.0, -14.0]"
883,https://colorfulstandard.com/cdn/shop/files/CS1006_Male_Classic_Organic_Hood-NeptuneBlue_2.jpg?v=1738240996&width=3000,-,Classic Organic Hood - Neptune Blue,https://colorfulstandard.com/fr-fr/products/classic-organic-hood-hoodie-neptune-blue-male,Hoodie,H,"[33.33333333333333, 0.0, -14.0]"
884,https://colorfulstandard.com/cdn/shop/files/CS1007_Male_ClassicOrganicZipHoodcopy-FadedGrey_2.jpg?v=1738229669&width=3000,-,Classic Organic Zip Hood - Faded Grey,https://colorfulstandard.com/fr-fr/products/classic-organic-zip-hood-zip-hoodie-faded-grey-male,Hoodie,H,"[83.13725490196079, 0.0, -2.0]"
885,https://colorfulstandard.com/cdn/shop/files/CS1007_Male_ClassicOrganicZipHoodcopy-FadedGrey_2.jpg?v=1738229669&width=3000,-,Classic Organic Zip Hood - Faded Grey,https://colorfulstandard.com/fr-fr/products/classic-organic-zip-hood-zip-hoodie-faded-grey-male,Hoodie,H,"[76.86274509803923, 0.0, -2.0]"
886,https://colorfulstandard.com/cdn/shop/files/CS1006_Male_Classic_Organic_Hood-FadedGrey_2.jpg?v=1738240716&width=3000,-,Classic Organic Hood - Faded Grey,https://colorfulstandard.com/fr-fr/products/classic-organic-hood-hoodie-faded-grey-male,Hoodie,H,"[76.47058823529412, 0.0, 2.0]"
887,https://colorfulstandard.com/cdn/shop/files/CS1007_Male_ClassicOrganicZipHoodcopy-HoneyBeige_2.jpg?v=1738229745&width=3000,-,Classic Organic Zip Hood - Honey Beige,https://colorfulstandard.com/fr-fr/products/classic-organic-zip-hood-zip-hoodie-honey-beige-male,Hoodie,H,"[80.7843137254902, 5.0, 15.0]"
888,https://colorfulstandard.com/cdn/shop/files/CS1007_Male_ClassicOrganicZipHoodcopy-HoneyBeige_2.jpg?v=1738229745&width=3000,-,Classic Organic Zip Hood - Honey Beige,https://colorfulstandard.com/fr-fr/products/classic-organic-zip-hood-zip-hoodie-honey-beige-male,Hoodie,H,"[74.50980392156863, 5.0, 15.0]"
889,https://colorfulstandard.com/cdn/shop/files/CS1015_Male_OrganicOversizedHood-SpringGreen_2.jpg?v=1738159676&width=3000,-,Organic Oversized Hood - Spring Green,https://colorfulstandard.com/fr-fr/products/organic-oversized-hood-spring-green-male,Hoodie,H,"[78.43137254901961, -35.0, 12.0]"
890,https://colorfulstandard.com/cdn/shop/files/CS1015_Male_OrganicOversizedHood-SoftYellow_2.jpg?v=1738159656&width=3000,-,Organic Oversized Hood - Soft Yellow,https://colorfulstandard.com/fr-fr/products/organic-oversized-hood-soft-yellow-male,Hoodie,H,"[92.15686274509804, 0.0, 19.0]"
891,https://colorfulstandard.com/cdn/shop/files/CS1015_Male_OrganicOversizedHood-SandstoneOrange_2.jpg?v=1738159524&width=3000,-,Organic Oversized Hood - Sandstone Orange,https://colorfulstandard.com/fr-fr/products/organic-oversized-hood-sandstone-orange-male,Hoodie,H,"[77.25490196078432, 18.0, 39.0]"
892,https://colorfulstandard.com/cdn/shop/files/CS1015_Male_OrganicOversizedHood-SandstoneOrange_2.jpg?v=1738159524&width=3000,-,Organic Oversized Hood - Sandstone Orange,https://colorfulstandard.com/fr-fr/products/organic-oversized-hood-sandstone-orange-male,Hoodie,H,"[81.96078431372548, 14.0, 37.0]"
893,https://colorfulstandard.com/cdn/shop/files/CS1015_Male_OrganicOversizedHood-SaharaCamel_2.jpg?v=1738159505&width=3000,-,Organic Oversized Hood - Sahara Camel,https://colorfulstandard.com/fr-fr/products/organic-oversized-hood-sahara-camel-male,Hoodie,H,"[44.70588235294118, 13.0, 23.0]"
894,https://colorfulstandard.com/cdn/shop/files/CS1015_Male_OrganicOversizedHood-PurpleHaze_2.jpg?v=1738159398&width=3000,-,Organic Oversized Hood - Purple Haze,https://colorfulstandard.com/fr-fr/products/organic-oversized-hood-purple-haze-male,Hoodie,H,"[56.470588235294116, 7.0, -5.0]"
895,https://colorfulstandard.com/cdn/shop/files/CS1015_Male_OrganicOversizedHood-PurpleHaze_2.jpg?v=1738159398&width=3000,-,Organic Oversized Hood - Purple Haze,https://colorfulstandard.com/fr-fr/products/organic-oversized-hood-purple-haze-male,Hoodie,H,"[63.13725490196078, 7.0, -5.0]"
896,https://colorfulstandard.com/cdn/shop/files/CS1015_Male_OrganicOversizedHood-PolarBlue_2.jpg?v=1738159380&width=3000,-,Organic Oversized Hood - Polar Blue,https://colorfulstandard.com/fr-fr/products/organic-oversized-hood-polar-blue-male,Hoodie,H,"[89.41176470588236, -3.0, -8.0]"
897,https://colorfulstandard.com/cdn/shop/files/CS1015_Male_OrganicOversizedHood-BurnedYellow_2.jpg?v=1738158623&width=3000,-,Organic Oversized Hood - Burned Yellow,https://colorfulstandard.com/fr-fr/products/organic-oversized-hood-burned-yellow-male,Hoodie,H,"[75.29411764705883, 14.0, 58.0]"
898,https://colorfulstandard.com/cdn/shop/files/CS1015_Male_OrganicOversizedHood-BubblegumPink_2.jpg?v=1738158601&width=3000,-,Organic Oversized Hood - Bubblegum Pink,https://colorfulstandard.com/fr-fr/products/organic-oversized-hood-bubblegum-pink-male,Hoodie,H,"[59.6078431372549, 64.0, 9.0]"
899,https://colorfulstandard.com/cdn/shop/files/CS1007_Male_ClassicOrganicZipHoodcopy-TealBlue_2.jpg?v=1738230452&width=3000,-,Classic Organic Zip Hood - Teal Blue,https://colorfulstandard.com/fr-fr/products/classic-organic-zip-hood-zip-hoodie-teal-blue-male,Hoodie,H,"[78.82352941176471, -18.0, -4.0]"
900,https://colorfulstandard.com/cdn/shop/files/CS1007_Male_ClassicOrganicZipHoodcopy-TealBlue_2.jpg?v=1738230452&width=3000,-,Classic Organic Zip Hood - Teal Blue,https://colorfulstandard.com/fr-fr/products/classic-organic-zip-hood-zip-hoodie-teal-blue-male,Hoodie,H,"[72.94117647058823, -18.0, -4.0]"
901,https://colorfulstandard.com/cdn/shop/files/CS1006_Male_Classic_Organic_Hood-TealBlue_2.jpg?v=1738241273&width=3000,-,Classic Organic Hood - Teal Blue,https://colorfulstandard.com/fr-fr/products/classic-organic-hood-hoodie-teal-blue-male,Hoodie,H,"[71.76470588235294, -18.0, -7.0]"
902,https://colorfulstandard.com/cdn/shop/files/CS1007_Male_ClassicOrganicZipHoodcopy-SandstoneOrange_2.jpg?v=1738230368&width=3000,-,Classic Organic Zip Hood - Sandstone Orange,https://colorfulstandard.com/fr-fr/products/classic-organic-zip-hood-zip-hoodie-sandstone-orange-male,Hoodie,H,"[74.90196078431373, 17.0, 45.0]"
903,https://colorfulstandard.com/cdn/shop/files/CS1007_Male_ClassicOrganicZipHoodcopy-SandstoneOrange_2.jpg?v=1738230368&width=3000,-,Classic Organic Zip Hood - Sandstone Orange,https://colorfulstandard.com/fr-fr/products/classic-organic-zip-hood-zip-hoodie-sandstone-orange-male,Hoodie,H,"[70.19607843137254, 18.0, 45.0]"
904,https://colorfulstandard.com/cdn/shop/files/CS1006_Male_Classic_Organic_Hood-SandstoneOrange_2.jpg?v=1738241171&width=3000,-,Classic Organic Hood - Sandstone Orange,https://colorfulstandard.com/fr-fr/products/classic-organic-hood-hoodie-sandstone-orange-male,Hoodie,H,"[79.6078431372549, 17.0, 39.0]"
905,https://colorfulstandard.com/cdn/shop/files/CS1006_Male_Classic_Organic_Hood-BurnedYellow_2.jpg?v=1738240667&width=3000,-,Classic Organic Hood - Burned Yellow,https://colorfulstandard.com/fr-fr/products/classic-organic-hood-hoodie-burned-yellow-male,Hoodie,H,"[74.11764705882354, 15.0, 58.0]"
906,https://colorfulstandard.com/cdn/shop/files/CS1007_Male_ClassicOrganicZipHoodcopy-SpringGreen_2.jpg?v=1738230410&width=3000,-,Classic Organic Zip Hood - Spring Green,https://colorfulstandard.com/fr-fr/products/classic-organic-zip-hood-zip-hoodie-spring-green-male,Hoodie,H,"[76.07843137254902, -48.0, 28.0]"
907,https://colorfulstandard.com/cdn/shop/files/CS1007_Male_ClassicOrganicZipHoodcopy-SpringGreen_2.jpg?v=1738230410&width=3000,-,Classic Organic Zip Hood - Spring Green,https://colorfulstandard.com/fr-fr/products/classic-organic-zip-hood-zip-hoodie-spring-green-male,Hoodie,H,"[70.98039215686275, -48.0, 29.0]"
908,https://colorfulstandard.com/cdn/shop/files/CS1007_Male_ClassicOrganicZipHoodcopy-LemonYellow_2.jpg?v=1738229908&width=3000,-,Classic Organic Zip Hood - Lemon Yellow,https://colorfulstandard.com/fr-fr/products/classic-organic-zip-hood-zip-hoodie-lemon-yellow-male,Hoodie,H,"[81.56862745098039, 3.0, 43.0]"
909,https://colorfulstandard.com/cdn/shop/files/CS1007_Male_ClassicOrganicZipHoodcopy-LemonYellow_2.jpg?v=1738229908&width=3000,-,Classic Organic Zip Hood - Lemon Yellow,https://colorfulstandard.com/fr-fr/products/classic-organic-zip-hood-zip-hoodie-lemon-yellow-male,Hoodie,H,"[77.64705882352942, 4.0, 43.0]"
910,https://colorfulstandard.com/cdn/shop/files/CS1007_Male_ClassicOrganicZipHoodcopy-OysterGrey_2.jpg?v=1738230220&width=3000,-,Classic Organic Zip Hood - Oyster Grey,https://colorfulstandard.com/fr-fr/products/classic-organic-zip-hood-zip-hoodie-oyster-grey-male,Hoodie,H,"[77.64705882352942, -1.0, 11.0]"
911,https://colorfulstandard.com/cdn/shop/files/CS1007_Male_ClassicOrganicZipHoodcopy-OysterGrey_2.jpg?v=1738230220&width=3000,-,Classic Organic Zip Hood - Oyster Grey,https://colorfulstandard.com/fr-fr/products/classic-organic-zip-hood-zip-hoodie-oyster-grey-male,Hoodie,H,"[70.58823529411765, 0.0, 11.0]"
912,https://colorfulstandard.com/cdn/shop/files/CS1006_Male_Classic_Organic_Hood-WarmTaupe_2.jpg?v=1738329844&width=3000,-,Classic Organic Hood - Warm Taupe,https://colorfulstandard.com/fr-fr/products/classic-organic-hood-hoodie-warm-taupe-male,Hoodie,H,"[57.647058823529406, 5.0, 14.0]"
913,https://colorfulstandard.com/cdn/shop/files/CS1006_Male_Classic_Organic_Hood-SunnyOrange_2.jpg?v=1738241266&width=3000,-,Classic Organic Hood - Sunny Orange,https://colorfulstandard.com/fr-fr/products/classic-organic-hood-hoodie-sunny-orange-male,Hoodie,H,"[68.23529411764706, 34.0, 64.0]"
914,https://colorfulstandard.com/cdn/shop/files/CS1006_Male_Classic_Organic_Hood-StormGrey_2.jpg?v=1738241261&width=3000,-,Classic Organic Hood - Storm Grey,https://colorfulstandard.com/fr-fr/products/classic-organic-hood-hoodie-storm-grey-male,Hoodie,H,"[49.411764705882355, -1.0, 2.0]"
915,https://colorfulstandard.com/cdn/shop/files/CS1006_Male_Classic_Organic_Hood-SpringGreen_2.jpg?v=1738241241&width=3000,-,Classic Organic Hood - Spring Green,https://colorfulstandard.com/fr-fr/products/classic-organic-hood-hoodie-spring-green-male,Hoodie,H,"[77.25490196078432, -36.0, 13.0]"
916,https://colorfulstandard.com/cdn/shop/files/CS1006_Male_Classic_Organic_Hood-SkyBlue_2.jpg?v=1738241216&width=3000,-,Classic Organic Hood - Sky Blue,https://colorfulstandard.com/fr-fr/products/classic-organic-hood-hoodie-sky-blue-male,Hoodie,H,"[52.94117647058824, 4.0, -38.0]"
917,https://colorfulstandard.com/cdn/shop/files/CS1006_Male_Classic_Organic_Hood-PurpleHaze_2.jpg?v=1738241150&width=3000,-,Classic Organic Hood - Purple Haze,https://colorfulstandard.com/fr-fr/products/classic-organic-hood-hoodie-purple-haze-male,Hoodie,H,"[58.03921568627452, 7.0, -4.0]"
918,https://colorfulstandard.com/cdn/shop/files/CS1006_Male_Classic_Organic_Hood-BubblegumPink_2.jpg?v=1738240590&width=3000,-,Classic Organic Hood - Bubblegum Pink,https://colorfulstandard.com/fr-fr/products/classic-organic-hood-hoodie-bubblegum-pink-male,Hoodie,H,"[58.82352941176471, 64.0, 10.0]"
919,https://colorfulstandard.com/cdn/shop/files/CS1006_Male_Classic_Organic_Hood-StoneBlue_2.jpg?v=1738241254&width=3000,-,Classic Organic Hood - Stone Blue,https://colorfulstandard.com/fr-fr/products/classic-organic-hood-hoodie-stone-blue-male,Hoodie,H,"[57.25490196078431, -8.0, -9.0]"
920,https://colorfulstandard.com/cdn/shop/files/CS1006_Male_Classic_Organic_Hood-SoftYellow_2.jpg?v=1738241234&width=3000,-,Classic Organic Hood - Soft Yellow,https://colorfulstandard.com/fr-fr/products/classic-organic-hood-hoodie-soft-yellow-male,Hoodie,H,"[91.37254901960785, 0.0, 20.0]"
921,https://colorfulstandard.com/cdn/shop/files/CS1006_Male_Classic_Organic_Hood-SoftLavender_2.jpg?v=1738241228&width=3000,-,Classic Organic Hood - Soft Lavender,https://colorfulstandard.com/fr-fr/products/classic-organic-hood-hoodie-soft-lavender-male,Hoodie,H,"[83.52941176470588, 6.0, -15.0]"
922,https://colorfulstandard.com/cdn/shop/files/CS1006_Male_Classic_Organic_Hood-PolarBlue_2.jpg?v=1738241043&width=3000,-,Classic Organic Hood - Polar Blue,https://colorfulstandard.com/fr-fr/products/classic-organic-hood-hoodie-polar-blue-male,Hoodie,H,"[88.62745098039215, -3.0, -9.0]"
923,https://colorfulstandard.com/cdn/shop/files/CS1006_Male_Classic_Organic_Hood-KellyGreen_2.jpg?v=1738240932&width=3000,-,Classic Organic Hood - Kelly Green,https://colorfulstandard.com/fr-fr/products/classic-organic-hood-hoodie-kelly-green-male,Hoodie,H,"[49.411764705882355, -45.0, 24.0]"
924,https://colorfulstandard.com/cdn/shop/files/CS1006_Male_Classic_Organic_Hood-IvoryWhite_2.jpg?v=1738240937&width=3000,-,Classic Organic Hood - Ivory White,https://colorfulstandard.com/fr-fr/products/classic-organic-hood-hoodie-ivory-white-male,Hoodie,H,"[87.45098039215686, 3.0, 11.0]"
925,https://colorfulstandard.com/cdn/shop/files/CS1006_Male_Classic_Organic_Hood-IvoryWhite_2.jpg?v=1738240937&width=3000,-,Classic Organic Hood - Ivory White,https://colorfulstandard.com/fr-fr/products/classic-organic-hood-hoodie-ivory-white-male,Hoodie,H,"[89.80392156862746, 3.0, 10.0]"
926,https://colorfulstandard.com/cdn/shop/files/CS1007_Male_ClassicOrganicZipHoodcopy-SoftYellow_2.jpg?v=1738230392&width=3000,-,Classic Organic Zip Hood - Soft Yellow,https://colorfulstandard.com/fr-fr/products/classic-organic-zip-hood-zip-hoodie-soft-yellow-male,Hoodie,H,"[90.58823529411765, -4.0, 20.0]"
927,https://colorfulstandard.com/cdn/shop/files/CS1007_Male_ClassicOrganicZipHoodcopy-SoftYellow_2.jpg?v=1738230392&width=3000,-,Classic Organic Zip Hood - Soft Yellow,https://colorfulstandard.com/fr-fr/products/classic-organic-zip-hood-zip-hoodie-soft-yellow-male,Hoodie,H,"[85.88235294117646, -3.0, 21.0]"
928,https://colorfulstandard.com/cdn/shop/files/CS1007_Male_ClassicOrganicZipHoodcopy-FadedPink_2.jpg?v=1738229689&width=3000,-,Classic Organic Zip Hood - Faded Pink,https://colorfulstandard.com/fr-fr/products/classic-organic-zip-hood-zip-hoodie-faded-pink-male,Hoodie,H,"[80.7843137254902, 6.0, 2.0]"
929,https://colorfulstandard.com/cdn/shop/files/CS1007_Male_ClassicOrganicZipHoodcopy-FadedPink_2.jpg?v=1738229689&width=3000,-,Classic Organic Zip Hood - Faded Pink,https://colorfulstandard.com/fr-fr/products/classic-organic-zip-hood-zip-hoodie-faded-pink-male,Hoodie,H,"[75.29411764705883, 7.0, 2.0]"
930,https://colorfulstandard.com/cdn/shop/files/CS1007_Female_ClassicOrganicZipHood-OxbloodRed_2_be85ca95-d22c-4218-87fd-a6eef14be747.jpg?v=1738330012&width=3000,-,Classic Organic Zip Hood - Oxblood Red,https://colorfulstandard.com/fr-fr/products/classic-organic-zip-hood-zip-hoodie-oxblood-red-male,Hoodie,H,"[18.43137254901961, 11.0, 1.0]"
931,https://colorfulstandard.com/cdn/shop/files/CS1007_Female_ClassicOrganicZipHood-OxbloodRed_2_be85ca95-d22c-4218-87fd-a6eef14be747.jpg?v=1738330012&width=3000,-,Classic Organic Zip Hood - Oxblood Red,https://colorfulstandard.com/fr-fr/products/classic-organic-zip-hood-zip-hoodie-oxblood-red-male,Hoodie,H,"[16.470588235294116, 11.0, 1.0]"
932,https://colorfulstandard.com/cdn/shop/files/CS1007_Male_ClassicOrganicZipHoodcopy-OpticalWhite_2.jpg?v=1738230176&width=3000,-,Classic Organic Zip Hood - Optical White,https://colorfulstandard.com/fr-fr/products/classic-organic-zip-hood-zip-hoodie-optical-white-male,Hoodie,H,"[92.94117647058823, 0.0, 0.0]"
933,https://colorfulstandard.com/cdn/shop/files/CS1007_Male_ClassicOrganicZipHoodcopy-OpticalWhite_2.jpg?v=1738230176&width=3000,-,Classic Organic Zip Hood - Optical White,https://colorfulstandard.com/fr-fr/products/classic-organic-zip-hood-zip-hoodie-optical-white-male,Hoodie,H,"[87.84313725490196, 0.0, 0.0]"
934,https://colorfulstandard.com/cdn/shop/files/CS1007_Male_ClassicOrganicZipHoodcopy-DesertKhaki_2.jpg?v=1738229599&width=3000,-,Classic Organic Zip Hood - Desert Khaki,https://colorfulstandard.com/fr-fr/products/classic-organic-zip-hood-zip-hoodie-desert-khaki-male,Hoodie,H,"[63.13725490196078, 2.0, 26.0]"
935,https://colorfulstandard.com/cdn/shop/files/CS1007_Male_ClassicOrganicZipHoodcopy-DesertKhaki_2.jpg?v=1738229599&width=3000,-,Classic Organic Zip Hood - Desert Khaki,https://colorfulstandard.com/fr-fr/products/classic-organic-zip-hood-zip-hoodie-desert-khaki-male,Hoodie,H,"[69.01960784313725, 1.0, 26.0]"
936,https://colorfulstandard.com/cdn/shop/files/CS1007_Male_ClassicOrganicZipHoodcopy-TropicalSea_2.jpg?v=1738230474&width=3000,-,Classic Organic Zip Hood - Tropical Sea,https://colorfulstandard.com/fr-fr/products/classic-organic-zip-hood-tropical-sea-1,Hoodie,H,"[64.31372549019608, -40.0, -3.0]"
937,https://colorfulstandard.com/cdn/shop/files/CS1007_Male_ClassicOrganicZipHoodcopy-TropicalSea_2.jpg?v=1738230474&width=3000,-,Classic Organic Zip Hood - Tropical Sea,https://colorfulstandard.com/fr-fr/products/classic-organic-zip-hood-tropical-sea-1,Hoodie,H,"[58.82352941176471, -38.0, -3.0]"
938,https://colorfulstandard.com/cdn/shop/files/CS1007_Male_ClassicOrganicZipHoodcopy-MarineBlue_2.jpg?v=1738230068&width=3000,-,Classic Organic Zip Hood - Marine Blue,https://colorfulstandard.com/fr-fr/products/classic-organic-zip-hood-marine-blue,Hoodie,H,"[30.19607843137255, 6.0, -25.0]"
939,https://colorfulstandard.com/cdn/shop/files/CS1007_Male_ClassicOrganicZipHoodcopy-MarineBlue_2.jpg?v=1738230068&width=3000,-,Classic Organic Zip Hood - Marine Blue,https://colorfulstandard.com/fr-fr/products/classic-organic-zip-hood-marine-blue,Hoodie,H,"[26.27450980392157, 6.0, -24.0]"
940,https://colorfulstandard.com/cdn/shop/files/CS1007_Male_ClassicOrganicZipHoodcopy-CherryBlossom_2.jpg?v=1738229559&width=3000,-,Classic Organic Zip Hood - Cherry Blossom,https://colorfulstandard.com/fr-fr/products/classic-organic-zip-hood-cherry-blossom,Hoodie,H,"[76.47058823529412, 24.0, -14.0]"
941,https://colorfulstandard.com/cdn/shop/files/CS1007_Male_ClassicOrganicZipHoodcopy-CherryBlossom_2.jpg?v=1738229559&width=3000,-,Classic Organic Zip Hood - Cherry Blossom,https://colorfulstandard.com/fr-fr/products/classic-organic-zip-hood-cherry-blossom,Hoodie,H,"[69.80392156862744, 24.0, -14.0]"
942,https://colorfulstandard.com/cdn/shop/files/CS1007_Male_ClassicOrganicZipHoodcopy-MidnightForest_2.jpg?v=1738230094&width=3000,-,Classic Organic Zip Hood - Midnight Forest,https://colorfulstandard.com/fr-fr/products/classic-organic-zip-hood-zip-hoodie-midnight-forest-male,Hoodie,H,"[32.549019607843135, -7.0, 5.0]"
943,https://colorfulstandard.com/cdn/shop/files/CS1007_Male_ClassicOrganicZipHoodcopy-MidnightForest_2.jpg?v=1738230094&width=3000,-,Classic Organic Zip Hood - Midnight Forest,https://colorfulstandard.com/fr-fr/products/classic-organic-zip-hood-zip-hoodie-midnight-forest-male,Hoodie,H,"[36.470588235294116, -7.0, 4.0]"
944,https://colorfulstandard.com/cdn/shop/files/CS1007_Male_ClassicOrganicZipHoodcopy-PineGreen_2.jpg?v=1738230283&width=3000,-,Classic Organic Zip Hood - Pine Green,https://colorfulstandard.com/fr-fr/products/classic-organic-zip-hood-zip-hoodie-pine-green-male,Hoodie,H,"[52.94117647058824, -21.0, -1.0]"
945,https://colorfulstandard.com/cdn/shop/files/CS1007_Male_ClassicOrganicZipHoodcopy-PineGreen_2.jpg?v=1738230283&width=3000,-,Classic Organic Zip Hood - Pine Green,https://colorfulstandard.com/fr-fr/products/classic-organic-zip-hood-zip-hoodie-pine-green-male,Hoodie,H,"[48.23529411764706, -20.0, -1.0]"
946,https://colorfulstandard.com/cdn/shop/files/CS1015_Male_OrganicOversizedHood-LightAqua_2.jpg?v=1738158983&width=3000,-,Organic Oversized Hood - Light Aqua,https://colorfulstandard.com/fr-fr/products/organic-oversized-hood-light-aqua-male,Hoodie,H,"[90.19607843137256, -8.0, -1.0]"
947,https://colorfulstandard.com/cdn/shop/files/CS1007_Male_ClassicOrganicZipHoodcopy-BurnedYellow_2.jpg?v=1738229523&width=3000,-,Classic Organic Zip Hood - Burned Yellow,https://colorfulstandard.com/fr-fr/products/classic-organic-zip-hood-zip-hoodie-burned-yellow-male,Hoodie,H,"[73.72549019607844, 9.0, 51.0]"
948,https://colorfulstandard.com/cdn/shop/files/CS1007_Male_ClassicOrganicZipHoodcopy-BurnedYellow_2.jpg?v=1738229523&width=3000,-,Classic Organic Zip Hood - Burned Yellow,https://colorfulstandard.com/fr-fr/products/classic-organic-zip-hood-zip-hoodie-burned-yellow-male,Hoodie,H,"[68.62745098039215, 10.0, 51.0]"
949,https://colorfulstandard.com/cdn/shop/files/CS1007_Male_ClassicOrganicZipHoodcopy-PacificBlue_2.jpg?v=1738230241&width=3000,-,Classic Organic Zip Hood - Pacific Blue,https://colorfulstandard.com/fr-fr/products/classic-organic-zip-hood-zip-hoodie-pacific-blue-male,Hoodie,H,"[48.23529411764706, 1.0, -44.0]"
950,https://colorfulstandard.com/cdn/shop/files/CS1007_Male_ClassicOrganicZipHoodcopy-PacificBlue_2.jpg?v=1738230241&width=3000,-,Classic Organic Zip Hood - Pacific Blue,https://colorfulstandard.com/fr-fr/products/classic-organic-zip-hood-zip-hoodie-pacific-blue-male,Hoodie,H,"[52.94117647058824, -1.0, -44.0]"
951,https://colorfulstandard.com/cdn/shop/files/CS1007_Male_ClassicOrganicZipHoodcopy-LightAqua_2.jpg?v=1738230033&width=3000,-,Classic Organic Zip Hood - Light Aqua,https://colorfulstandard.com/fr-fr/products/classic-organic-zip-hood-zip-hoodie-light-aqua-male,Hoodie,H,"[89.41176470588236, -12.0, 0.0]"
952,https://colorfulstandard.com/cdn/shop/files/CS1007_Male_ClassicOrganicZipHoodcopy-LightAqua_2.jpg?v=1738230033&width=3000,-,Classic Organic Zip Hood - Light Aqua,https://colorfulstandard.com/fr-fr/products/classic-organic-zip-hood-zip-hoodie-light-aqua-male,Hoodie,H,"[82.35294117647058, -12.0, 0.0]"
953,https://colorfulstandard.com/cdn/shop/files/CS1007_Male_ClassicOrganicZipHoodcopy-SaharaCamel_2.jpg?v=1738230349&width=3000,-,Classic Organic Zip Hood - Sahara Camel,https://colorfulstandard.com/fr-fr/products/classic-organic-zip-hood-zip-hoodie-sahara-camel-male,Hoodie,H,"[52.156862745098046, 9.0, 25.0]"
954,https://colorfulstandard.com/cdn/shop/files/CS1007_Male_ClassicOrganicZipHoodcopy-SaharaCamel_2.jpg?v=1738230349&width=3000,-,Classic Organic Zip Hood - Sahara Camel,https://colorfulstandard.com/fr-fr/products/classic-organic-zip-hood-zip-hoodie-sahara-camel-male,Hoodie,H,"[57.647058823529406, 9.0, 25.0]"
955,https://colorfulstandard.com/cdn/shop/files/CS1006_Male_Classic_Organic_Hood-UltraViolet_2.jpg?v=1738241297&width=3000,-,Classic Organic Hood - Ultra Violet,https://colorfulstandard.com/fr-fr/products/classic-organic-hood-hoodie-ultra-violet-male,Hoodie,H,"[50.19607843137255, 31.0, -42.0]"
956,https://colorfulstandard.com/cdn/shop/files/CS1006_Male_Classic_Organic_Hood-ScarletRed_2.jpg?v=1738241191&width=3000,-,Classic Organic Hood - Scarlet Red,https://colorfulstandard.com/fr-fr/products/classic-organic-hood-hoodie-scarlet-red-male,Hoodie,H,"[44.70588235294118, 63.0, 32.0]"
957,https://colorfulstandard.com/cdn/shop/files/CS2057_OrganicBoxyCropTee-OpticalWhite_2.jpg?v=1738245350&width=3000,-,Organic Boxy Crop Tee - Optical White,https://colorfulstandard.com/fr-fr/products/organic-boxy-crop-tee-optical-white,T-shirt,F,"[95.29411764705881, 1.0, -1.0]"
958,https://colorfulstandard.com/cdn/shop/files/CS2057_OrganicBoxyCropTee-OpticalWhite_2.jpg?v=1738245350&width=3000,-,Organic Boxy Crop Tee - Optical White,https://colorfulstandard.com/fr-fr/products/organic-boxy-crop-tee-optical-white,T-shirt,F,"[93.33333333333333, 1.0, -1.0]"
959,https://colorfulstandard.com/cdn/shop/products/Women_Light_Organic_Tee-Women_T-shirt-CS2051-Optical_White.jpg?v=1664771790&width=1560,-,Women Light Organic Tee - Optical White,https://colorfulstandard.com/fr-fr/products/women-light-organic-tee-women-t-shirt-optical-white-female,T-shirt,F,"[94.90196078431372, 0.0, -2.0]"
960,https://colorfulstandard.com/cdn/shop/files/CS1011_Female_OrganicSweatpants-FadedBlack_2.jpg?v=1738227527&width=3000,-,Organic Sweatpants - Faded Black,https://colorfulstandard.com/fr-fr/products/organic-sweatpants-pants-faded-black-female,Jogging,F,"[22.745098039215687, 0.0, 0.0]"
961,https://colorfulstandard.com/cdn/shop/files/CS1011_Female_OrganicSweatpants-DeepBlack_2_2a2c4ef1-0f8c-4244-bfd0-df71656396d4.jpg?v=1738331752&width=3000,-,Organic Sweatpants - Deep Black,https://colorfulstandard.com/fr-fr/products/organic-sweatpants-pants-deep-black-female,Jogging,F,"[12.941176470588237, 1.0, -2.0]"
962,https://colorfulstandard.com/cdn/shop/files/CS1011_Female_OrganicSweatpants-DeepBlack_2_2a2c4ef1-0f8c-4244-bfd0-df71656396d4.jpg?v=1738331752&width=3000,-,Organic Sweatpants - Deep Black,https://colorfulstandard.com/fr-fr/products/organic-sweatpants-pants-deep-black-female,Jogging,F,"[10.588235294117647, 2.0, -2.0]"
963,https://colorfulstandard.com/cdn/shop/files/CS1011_Female_OrganicSweatpants-NavyBlue_2_203c33e7-7401-468b-a19f-a2b8c16df816.jpg?v=1738331807&width=3000,-,Organic Sweatpants - Navy Blue,https://colorfulstandard.com/fr-fr/products/organic-sweatpants-pants-navy-blue-female,Jogging,F,"[14.901960784313726, 1.0, -11.0]"
964,https://colorfulstandard.com/cdn/shop/products/Women_Light_Organic_Tee-Women_T-shirt-CS2051-Deep_Black.jpg?v=1664771687&width=1560,-,Women Light Organic Tee - Deep Black,https://colorfulstandard.com/fr-fr/products/women-light-organic-tee-women-t-shirt-deep-black-female,T-shirt,F,"[14.901960784313726, 0.0, 0.0]"
965,https://colorfulstandard.com/cdn/shop/files/CS1012_Female_OrganicOversizedCrew-FadedBlack_2.jpg?v=1738230280&width=3000,-,Organic Oversized Crew - Faded Black,https://colorfulstandard.com/fr-fr/products/organic-oversized-crew-oversized-crew-faded-black-female,Pull,F,"[23.137254901960784, 0.0, 0.0]"
966,https://colorfulstandard.com/cdn/shop/files/CS1012_Female_OrganicOversizedCrew-FadedBlack_2.jpg?v=1738230280&width=3000,-,Organic Oversized Crew - Faded Black,https://colorfulstandard.com/fr-fr/products/organic-oversized-crew-oversized-crew-faded-black-female,Pull,F,"[27.84313725490196, 0.0, 0.0]"
967,https://colorfulstandard.com/cdn/shop/files/CS2055_Female_WomenOrganicRibLST-Shirt-DeepBlack_2.jpg?v=1738232869&width=3000,-,Women Organic Rib LS T-Shirt - Deep Black,https://colorfulstandard.com/fr-fr/products/women-organic-rib-ls-t-shirt-women-ls-t-shirt-deep-black-female,T-shirt,F,"[9.411764705882353, 2.0, -2.0]"
968,https://colorfulstandard.com/cdn/shop/files/CS1015_Female_OrganicOversizedHood-FadedBlack_2.jpg?v=1738157319&width=3000,-,Organic Oversized Hood - Faded Black,https://colorfulstandard.com/fr-fr/products/organic-oversized-hood-oversized-hoodie-faded-black-female,Hoodie,F,"[23.137254901960784, 0.0, 0.0]"
969,https://colorfulstandard.com/cdn/shop/files/CS1015_Female_OrganicOversizedHood-FadedBlack_2.jpg?v=1738157319&width=3000,-,Organic Oversized Hood - Faded Black,https://colorfulstandard.com/fr-fr/products/organic-oversized-hood-oversized-hoodie-faded-black-female,Hoodie,F,"[27.058823529411764, 0.0, 0.0]"
970,https://colorfulstandard.com/cdn/shop/files/CS1011_Female_OrganicSweatpants-NeptuneBlue_2.jpg?v=1738227792&width=3000,-,Organic Sweatpants - Neptune Blue,https://colorfulstandard.com/fr-fr/products/organic-sweatpants-pants-neptune-blue-female,Jogging,F,"[36.07843137254902, 1.0, -14.0]"
971,https://colorfulstandard.com/cdn/shop/files/CS1011_Female_OrganicSweatpants-NeptuneBlue_2.jpg?v=1738227792&width=3000,-,Organic Sweatpants - Neptune Blue,https://colorfulstandard.com/fr-fr/products/organic-sweatpants-pants-neptune-blue-female,Jogging,F,"[43.92156862745098, 1.0, -14.0]"
972,https://colorfulstandard.com/cdn/shop/files/CS1012_Female_OrganicOversizedCrew-SapphireBlue_2.jpg?v=1738230745&width=3000,-,Organic Oversized Crew - Sapphire Blue,https://colorfulstandard.com/fr-fr/products/organic-oversized-crew-sapphire-blue-female,Pull,F,"[47.84313725490196, 18.0, -58.0]"
973,https://colorfulstandard.com/cdn/shop/files/CS1012_Female_OrganicOversizedCrew-SapphireBlue_2.jpg?v=1738230745&width=3000,-,Organic Oversized Crew - Sapphire Blue,https://colorfulstandard.com/fr-fr/products/organic-oversized-crew-sapphire-blue-female,Pull,F,"[43.529411764705884, 19.0, -57.0]"
974,https://colorfulstandard.com/cdn/shop/products/Women_Oversized_Organic_T-Shirt-Women_Oversized_T-shirt-CS2056-Deep_Black.jpg?v=1638834014&width=1560,-,Oversized Organic T-Shirt - Deep Black,https://colorfulstandard.com/fr-fr/products/women-oversized-organic-t-shirt-women-oversized-t-shirt-deep-black-female,T-shirt,F,"[12.156862745098039, 0.0, 0.0]"
975,https://colorfulstandard.com/cdn/shop/files/CS2055_Female_WomenOrganicRibLST-Shirt-OpticalWhite_2.jpg?v=1738232999&width=3000,-,Women Organic Rib LS T-Shirt - Optical White,https://colorfulstandard.com/fr-fr/products/women-organic-rib-ls-t-shirt-women-ls-t-shirt-optical-white-female,T-shirt,F,"[96.07843137254902, 1.0, -1.0]"
976,https://colorfulstandard.com/cdn/shop/files/CS2055_Female_WomenOrganicRibLST-Shirt-OpticalWhite_2.jpg?v=1738232999&width=3000,-,Women Organic Rib LS T-Shirt - Optical White,https://colorfulstandard.com/fr-fr/products/women-organic-rib-ls-t-shirt-women-ls-t-shirt-optical-white-female,T-shirt,F,"[91.76470588235294, 1.0, -1.0]"
977,https://colorfulstandard.com/cdn/shop/files/CS2057_OrganicBoxyCropTee-DeepBlack_2.jpg?v=1738245202&width=3000,-,Organic Boxy Crop Tee - Deep Black,https://colorfulstandard.com/fr-fr/products/organic-boxy-crop-tee-deep-black,T-shirt,F,"[9.411764705882353, 2.0, -2.0]"
978,https://colorfulstandard.com/cdn/shop/products/Women_Oversized_Organic_T-Shirt-Women_Oversized_T-shirt-CS2056-Optical_White.jpg?v=1638834127&width=1560,-,Oversized Organic T-Shirt - Optical White,https://colorfulstandard.com/fr-fr/products/women-oversized-organic-t-shirt-women-oversized-t-shirt-optical-white-female,T-shirt,F,"[93.72549019607843, 0.0, 0.0]"
979,https://colorfulstandard.com/cdn/shop/files/CS1014_Female_OrganicQuarterZip-SapphireBlue_2.jpg?v=1738155078&width=3000,-,Organic Quarter Zip - Sapphire Blue,https://colorfulstandard.com/fr-fr/products/organic-quarter-zip-quarter-zip-sapphire-blue-female,Pull,F,"[48.23529411764706, 18.0, -58.0]"
980,https://colorfulstandard.com/cdn/shop/files/CS2055_Female_WomenOrganicRibLST-Shirt-PetrolBlue_2.jpg?v=1738233027&width=3000,-,Women Organic Rib LS T-Shirt - Petrol Blue,https://colorfulstandard.com/fr-fr/products/women-organic-rib-ls-t-shirt-women-ls-t-shirt-petrol-blue-female,T-shirt,F,"[28.627450980392155, 1.0, -13.0]"
981,https://colorfulstandard.com/cdn/shop/files/CS2055_Female_WomenOrganicRibLST-Shirt-PetrolBlue_2.jpg?v=1738233027&width=3000,-,Women Organic Rib LS T-Shirt - Petrol Blue,https://colorfulstandard.com/fr-fr/products/women-organic-rib-ls-t-shirt-women-ls-t-shirt-petrol-blue-female,T-shirt,F,"[22.745098039215687, 1.0, -12.0]"
982,https://colorfulstandard.com/cdn/shop/files/CS5081_Female_MerinoWoolBeanie-PacificBlue_2.jpg?v=1738154363&width=3000,-,Merino Wool Beanie - Pacific Blue,https://colorfulstandard.com/fr-fr/products/merino-wool-beanie-beanie-pacific-blue-female,Bonnet,F,"[58.03921568627452, 10.0, -50.0]"
983,https://colorfulstandard.com/cdn/shop/files/CS1011_Female_OrganicSweatpants-SnowMelange_2_b617c0e2-f4ae-43f2-9e36-9e19bec1b994.jpg?v=1738331832&width=3000,-,Organic Sweatpants - Snow Melange,https://colorfulstandard.com/fr-fr/products/organic-sweatpants-pants-snow-melange-female,Jogging,F,"[90.58823529411765, 0.0, -1.0]"
984,https://colorfulstandard.com/cdn/shop/files/CS1011_Female_OrganicSweatpants-SnowMelange_2_b617c0e2-f4ae-43f2-9e36-9e19bec1b994.jpg?v=1738331832&width=3000,-,Organic Sweatpants - Snow Melange,https://colorfulstandard.com/fr-fr/products/organic-sweatpants-pants-snow-melange-female,Jogging,F,"[86.66666666666667, -1.0, -1.0]"
985,https://colorfulstandard.com/cdn/shop/files/CS1012_Female_OrganicOversizedCrew-DeepBlack_2.jpg?v=1738230251&width=3000,-,Organic Oversized Crew - Deep Black,https://colorfulstandard.com/fr-fr/products/organic-oversized-crew-deep-black-female,Pull,F,"[9.411764705882353, 2.0, -2.0]"
986,https://colorfulstandard.com/cdn/shop/files/CS1012_Female_OrganicOversizedCrew-CoffeeBrown_2.jpg?v=1738230234&width=3000,-,Organic Oversized Crew - Coffee Brown,https://colorfulstandard.com/fr-fr/products/organic-oversized-crew-coffee-brown-female,Pull,F,"[15.686274509803921, 4.0, 4.0]"
987,https://colorfulstandard.com/cdn/shop/files/CS1015_Female_OrganicOversizedHood-SapphireBlue_2_fb7427d7-cb3a-45bf-9e11-16c74a272584.jpg?v=1738158204&width=3000,-,Organic Oversized Hood - Sapphire Blue,https://colorfulstandard.com/fr-fr/products/organic-oversized-hood-sapphire-blue-female,Hoodie,F,"[48.23529411764706, 18.0, -59.0]"
988,https://colorfulstandard.com/cdn/shop/files/CS1015_Female_OrganicOversizedHood-SapphireBlue_2_fb7427d7-cb3a-45bf-9e11-16c74a272584.jpg?v=1738158204&width=3000,-,Organic Oversized Hood - Sapphire Blue,https://colorfulstandard.com/fr-fr/products/organic-oversized-hood-sapphire-blue-female,Hoodie,F,"[45.09803921568628, 19.0, -58.0]"
989,https://colorfulstandard.com/cdn/shop/products/Women_Oversized_Organic_T-Shirt-Women_Oversized_T-shirt-CS2056-Ivory_White.jpg?v=1638834074&width=1560,-,Oversized Organic T-Shirt - Ivory White,https://colorfulstandard.com/fr-fr/products/women-oversized-organic-t-shirt-women-oversized-t-shirt-ivory-white-female,T-shirt,F,"[85.88235294117646, 1.0, 6.0]"
990,https://colorfulstandard.com/cdn/shop/files/CS1015_Female_OrganicOversizedHood-DeepBlack_2.jpg?v=1738157265&width=3000,-,Organic Oversized Hood - Deep Black,https://colorfulstandard.com/fr-fr/products/organic-oversized-hood-deep-black-female,Hoodie,F,"[9.411764705882353, 2.0, -2.0]"
991,https://colorfulstandard.com/cdn/shop/files/CS1011_Female_OrganicSweatpants-OxbloodRed_2_76be6250-6bd7-49ba-a2aa-b77774035f31.jpg?v=1738331818&width=3000,-,Organic Sweatpants - Oxblood Red,https://colorfulstandard.com/fr-fr/products/organic-sweatpants-pants-oxblood-red-female,Jogging,F,"[14.901960784313726, 13.0, 0.0]"
992,https://colorfulstandard.com/cdn/shop/files/CS1011_Female_OrganicSweatpants-LavaGrey_2.jpg?v=1738227676&width=3000,-,Organic Sweatpants - Lava Grey,https://colorfulstandard.com/fr-fr/products/organic-sweatpants-pants-lava-grey-female,Jogging,F,"[29.80392156862745, 3.0, 0.0]"
993,https://colorfulstandard.com/cdn/shop/files/CS1011_Female_OrganicSweatpants-LavaGrey_2.jpg?v=1738227676&width=3000,-,Organic Sweatpants - Lava Grey,https://colorfulstandard.com/fr-fr/products/organic-sweatpants-pants-lava-grey-female,Jogging,F,"[23.92156862745098, 3.0, -1.0]"
994,https://colorfulstandard.com/cdn/shop/files/CS2057_OrganicBoxyCropTee-SoftLavender_2.jpg?v=1738245492&width=3000,-,Organic Boxy Crop Tee - Soft Lavender,https://colorfulstandard.com/fr-fr/products/organic-boxy-crop-tee-soft-lavender,T-shirt,F,"[85.88235294117646, 5.0, -13.0]"
995,https://colorfulstandard.com/cdn/shop/files/CS2057_OrganicBoxyCropTee-SoftLavender_2.jpg?v=1738245492&width=3000,-,Organic Boxy Crop Tee - Soft Lavender,https://colorfulstandard.com/fr-fr/products/organic-boxy-crop-tee-soft-lavender,T-shirt,F,"[81.56862745098039, 5.0, -14.0]"
996,https://colorfulstandard.com/cdn/shop/files/CS1011_Female_OrganicSweatpants-MarineBlue_2.jpg?v=1738227733&width=3000,-,Organic Sweatpants - Marine Blue,https://colorfulstandard.com/fr-fr/products/organic-sweatpants-marine-blue-1,Jogging,F,"[19.607843137254903, 7.0, -20.0]"
997,https://colorfulstandard.com/cdn/shop/files/CS1015_Female_OrganicOversizedHood-MidnightForest_2.jpg?v=1738157554&width=3000,-,Organic Oversized Hood - Midnight Forest,https://colorfulstandard.com/fr-fr/products/organic-oversized-hood-midnight-forest-female,Hoodie,F,"[22.745098039215687, -4.0, 4.0]"
998,https://colorfulstandard.com/cdn/shop/files/CS1015_Female_OrganicOversizedHood-MidnightForest_2.jpg?v=1738157554&width=3000,-,Organic Oversized Hood - Midnight Forest,https://colorfulstandard.com/fr-fr/products/organic-oversized-hood-midnight-forest-female,Hoodie,F,"[27.058823529411764, -6.0, 4.0]"
999,https://colorfulstandard.com/cdn/shop/files/CS2055_Female_WomenOrganicRibLST-Shirt-NavyBlue_2.jpg?v=1738232912&width=3000,-,Women Organic Rib LS T-Shirt - Navy Blue,https://colorfulstandard.com/fr-fr/products/women-organic-rib-ls-t-shirt-women-ls-t-shirt-navy-blue-female,T-shirt,F,"[12.941176470588237, 0.0, -11.0]"
1000,https://colorfulstandard.com/cdn/shop/files/CS5081_Female_MerinoWoolBeanie-DeepBlack_2.jpg?v=1738153214&width=3000,-,Merino Wool Beanie - Deep Black,https://colorfulstandard.com/fr-fr/products/merino-wool-beanie-deep-black-female,Bonnet,F,"[5.88235294117647, 0.0, 0.0]"
1001,https://colorfulstandard.com/cdn/shop/files/CS2055_Female_WomenOrganicRibLST-Shirt-IvoryWhite_2.jpg?v=1738232886&width=3000,-,Women Organic Rib LS T-Shirt - Ivory White,https://colorfulstandard.com/fr-fr/products/women-organic-rib-ls-t-shirt-women-ls-t-shirt-ivory-white-female,T-shirt,F,"[93.33333333333333, 2.0, 6.0]"
1002,https://colorfulstandard.com/cdn/shop/files/CS2055_Female_WomenOrganicRibLST-Shirt-IvoryWhite_2.jpg?v=1738232886&width=3000,-,Women Organic Rib LS T-Shirt - Ivory White,https://colorfulstandard.com/fr-fr/products/women-organic-rib-ls-t-shirt-women-ls-t-shirt-ivory-white-female,T-shirt,F,"[89.80392156862746, 2.0, 7.0]"
1003,https://colorfulstandard.com/cdn/shop/files/CS1012_Female_OrganicOversizedCrew-SoftLavender_2.jpg?v=1738230804&width=3000,-,Organic Oversized Crew - Soft Lavender,https://colorfulstandard.com/fr-fr/products/organic-oversized-crew-soft-lavender-female,Pull,F,"[86.27450980392157, 5.0, -14.0]"
1004,https://colorfulstandard.com/cdn/shop/files/CS1012_Female_OrganicOversizedCrew-SoftLavender_2.jpg?v=1738230804&width=3000,-,Organic Oversized Crew - Soft Lavender,https://colorfulstandard.com/fr-fr/products/organic-oversized-crew-soft-lavender-female,Pull,F,"[80.3921568627451, 6.0, -15.0]"
1005,https://colorfulstandard.com/cdn/shop/files/CS5081_Female_MerinoWoolBeanie-ScarletRed_2.jpg?v=1738154484&width=3000,-,Merino Wool Beanie - Scarlet Red,https://colorfulstandard.com/fr-fr/products/merino-wool-beanie-beanie-scarlet-red-female,Bonnet,F,"[41.17647058823529, 64.0, 47.0]"
1006,https://colorfulstandard.com/cdn/shop/files/CS2057_OrganicBoxyCropTee-PurpleHaze_2.jpg?v=1738245453&width=3000,-,Organic Boxy Crop Tee - Purple Haze,https://colorfulstandard.com/fr-fr/products/organic-boxy-crop-tee-purple-haze,T-shirt,F,"[60.78431372549019, 8.0, -5.0]"
1007,https://colorfulstandard.com/cdn/shop/files/CS1012_Female_OrganicOversizedCrew-NeptuneBlue_2.jpg?v=1738230489&width=3000,-,Organic Oversized Crew - Neptune Blue,https://colorfulstandard.com/fr-fr/products/organic-oversized-crew-neptune-blue-female,Pull,F,"[42.35294117647059, 1.0, -14.0]"
1008,https://colorfulstandard.com/cdn/shop/files/CS1012_Female_OrganicOversizedCrew-NeptuneBlue_2.jpg?v=1738230489&width=3000,-,Organic Oversized Crew - Neptune Blue,https://colorfulstandard.com/fr-fr/products/organic-oversized-crew-neptune-blue-female,Pull,F,"[34.509803921568626, 1.0, -14.0]"
1009,https://colorfulstandard.com/cdn/shop/files/CS5085_Male_MerinoWoolHat-HeatherGrey_2_900ee300-8de3-4321-bf15-aaf2d9d257d3.jpg?v=1738183828&width=3000,-,Merino Wool Hat - Heather Grey,https://colorfulstandard.com/fr-fr/products/merino-wool-hat-beanie-heather-grey-female,Chapeau,F,"[79.6078431372549, 0.0, -1.0]"
1010,https://colorfulstandard.com/cdn/shop/files/CS5085_Male_MerinoWoolHat-HeatherGrey_2_900ee300-8de3-4321-bf15-aaf2d9d257d3.jpg?v=1738183828&width=3000,-,Merino Wool Hat - Heather Grey,https://colorfulstandard.com/fr-fr/products/merino-wool-hat-beanie-heather-grey-female,Chapeau,F,"[67.84313725490196, 1.0, -2.0]"
1011,https://colorfulstandard.com/cdn/shop/files/CS1011_Female_OrganicSweatpants-IvoryWhite_2.jpg?v=1738227645&width=3000,-,Organic Sweatpants - Ivory White,https://colorfulstandard.com/fr-fr/products/organic-sweatpants-pants-ivory-white-female,Jogging,F,"[89.80392156862746, 3.0, 11.0]"
1012,https://colorfulstandard.com/cdn/shop/files/CS1011_Female_OrganicSweatpants-IvoryWhite_2.jpg?v=1738227645&width=3000,-,Organic Sweatpants - Ivory White,https://colorfulstandard.com/fr-fr/products/organic-sweatpants-pants-ivory-white-female,Jogging,F,"[86.27450980392157, 3.0, 11.0]"
1013,https://colorfulstandard.com/cdn/shop/files/CS1011_Female_OrganicSweatpants-CoffeeBrown_2_c358673d-65be-45c2-af99-e4b43c5a9751.jpg?v=1738331739&width=3000,-,Organic Sweatpants - Coffee Brown,https://colorfulstandard.com/fr-fr/products/organic-sweatpants-pants-coffee-brown-female,Jogging,F,"[17.254901960784313, 5.0, 4.0]"
1014,https://colorfulstandard.com/cdn/shop/files/CS1012_Female_OrganicOversizedCrew-PurpleHaze_2.jpg?v=1738230645&width=3000,-,Organic Oversized Crew - Purple Haze,https://colorfulstandard.com/fr-fr/products/organic-oversized-crew-purple-haze-female,Pull,F,"[60.3921568627451, 8.0, -5.0]"
1015,https://colorfulstandard.com/cdn/shop/files/CS1012_Female_OrganicOversizedCrew-PurpleHaze_2.jpg?v=1738230645&width=3000,-,Organic Oversized Crew - Purple Haze,https://colorfulstandard.com/fr-fr/products/organic-oversized-crew-purple-haze-female,Pull,F,"[52.54901960784314, 8.0, -5.0]"
1016,https://colorfulstandard.com/cdn/shop/files/CS1012_Female_OrganicOversizedCrew-NavyBlue_2.jpg?v=1738230462&width=3000,-,Organic Oversized Crew - Navy Blue,https://colorfulstandard.com/fr-fr/products/organic-oversized-crew-navy-blue-female,Pull,F,"[12.156862745098039, 0.0, -11.0]"
1017,https://colorfulstandard.com/cdn/shop/files/CS2057_OrganicBoxyCropTee-ScarletRed_2.jpg?v=1738245472&width=3000,-,Organic Boxy Crop Tee - Scarlet Red,https://colorfulstandard.com/fr-fr/products/organic-boxy-crop-tee-scarlet-red,T-shirt,F,"[47.05882352941176, 65.0, 31.0]"
1018,https://colorfulstandard.com/cdn/shop/files/CS2051_Female_WomenLightOrganicTee-MarineBlue_1.jpg?v=1702562422&width=1600,-,Women Light Organic Tee - Marine Blue,https://colorfulstandard.com/fr-fr/products/women-light-organic-tee-marine-blue,T-shirt,F,"[30.980392156862745, 5.0, -25.0]"
1019,https://colorfulstandard.com/cdn/shop/files/CS1011_Female_OrganicSweatpants-MidnightForest_2.jpg?v=1738227747&width=3000,-,Organic Sweatpants - Midnight Forest,https://colorfulstandard.com/fr-fr/products/organic-sweatpants-pants-midnight-forest-female,Jogging,F,"[21.176470588235293, -5.0, 4.0]"
1020,https://colorfulstandard.com/cdn/shop/files/CS1011_Female_OrganicSweatpants-MidnightForest_2.jpg?v=1738227747&width=3000,-,Organic Sweatpants - Midnight Forest,https://colorfulstandard.com/fr-fr/products/organic-sweatpants-pants-midnight-forest-female,Jogging,F,"[26.27450980392157, -6.0, 4.0]"
1021,https://colorfulstandard.com/cdn/shop/files/CS5088_Female_OversizedMerinoWoolCrew-DeepBlack_2.jpg?v=1738226829&width=3000,-,Oversized Merino Wool Crew - Deep Black,https://colorfulstandard.com/fr-fr/products/oversized-merino-wool-crew-deep-black-female,Pull,F,"[6.666666666666667, 0.0, 0.0]"
1022,https://colorfulstandard.com/cdn/shop/files/CS5088_Female_OversizedMerinoWoolCrew-DeepBlack_2.jpg?v=1738226829&width=3000,-,Oversized Merino Wool Crew - Deep Black,https://colorfulstandard.com/fr-fr/products/oversized-merino-wool-crew-deep-black-female,Pull,F,"[11.76470588235294, 0.0, 0.0]"
1023,https://colorfulstandard.com/cdn/shop/files/CS2055_Female_WomenOrganicRibLST-Shirt-LavaGrey_2.jpg?v=1738232899&width=3000,-,Women Organic Rib LS T-Shirt - Lava Grey,https://colorfulstandard.com/fr-fr/products/women-organic-rib-ls-t-shirt-women-ls-t-shirt-lava-grey-female,T-shirt,F,"[34.11764705882353, 2.0, 0.0]"
1024,https://colorfulstandard.com/cdn/shop/files/CS2055_Female_WomenOrganicRibLST-Shirt-LavaGrey_2.jpg?v=1738232899&width=3000,-,Women Organic Rib LS T-Shirt - Lava Grey,https://colorfulstandard.com/fr-fr/products/women-organic-rib-ls-t-shirt-women-ls-t-shirt-lava-grey-female,T-shirt,F,"[22.745098039215687, 1.0, 0.0]"
1025,https://colorfulstandard.com/cdn/shop/files/CS1011_Female_OrganicSweatpants-PurpleHaze_2.jpg?v=1738227977&width=3000,-,Organic Sweatpants - Purple Haze,https://colorfulstandard.com/fr-fr/products/organic-sweatpants-pants-purple-haze-female,Jogging,F,"[60.0, 8.0, -5.0]"
1026,https://colorfulstandard.com/cdn/shop/files/CS1011_Female_OrganicSweatpants-PurpleHaze_2.jpg?v=1738227977&width=3000,-,Organic Sweatpants - Purple Haze,https://colorfulstandard.com/fr-fr/products/organic-sweatpants-pants-purple-haze-female,Jogging,F,"[55.294117647058826, 8.0, -5.0]"
1027,https://colorfulstandard.com/cdn/shop/files/CS1011_Female_OrganicSweatpants-PetrolBlue_2.jpg?v=1738227923&width=3000,-,Organic Sweatpants - Petrol Blue,https://colorfulstandard.com/fr-fr/products/organic-sweatpants-pants-petrol-blue-female,Jogging,F,"[24.313725490196077, 2.0, -13.0]"
1028,https://colorfulstandard.com/cdn/shop/files/CS1011_Female_OrganicSweatpants-PetrolBlue_2.jpg?v=1738227923&width=3000,-,Organic Sweatpants - Petrol Blue,https://colorfulstandard.com/fr-fr/products/organic-sweatpants-pants-petrol-blue-female,Jogging,F,"[27.058823529411764, 2.0, -13.0]"
1029,https://colorfulstandard.com/cdn/shop/files/CS1011_Female_OrganicSweatpants-HeatherGrey_2_d586cf02-296e-4dcb-9cbc-6cefeb1a20d7.jpg?v=1738331782&width=3000,-,Organic Sweatpants - Heather Grey,https://colorfulstandard.com/fr-fr/products/organic-sweatpants-pants-heather-grey-female,Jogging,F,"[75.68627450980392, -2.0, 3.0]"
1030,https://colorfulstandard.com/cdn/shop/files/CS1011_Female_OrganicSweatpants-HeatherGrey_2_d586cf02-296e-4dcb-9cbc-6cefeb1a20d7.jpg?v=1738331782&width=3000,-,Organic Sweatpants - Heather Grey,https://colorfulstandard.com/fr-fr/products/organic-sweatpants-pants-heather-grey-female,Jogging,F,"[81.96078431372548, -2.0, 3.0]"
1031,https://colorfulstandard.com/cdn/shop/files/CS2057_OrganicBoxyCropTee-UltraViolet_2.jpg?v=1738245537&width=3000,-,Organic Boxy Crop Tee - Ultra Violet,https://colorfulstandard.com/fr-fr/products/organic-boxy-crop-tee-ultra-violet,T-shirt,F,"[53.72549019607843, 31.0, -41.0]"
1032,https://colorfulstandard.com/cdn/shop/files/CS2057_OrganicBoxyCropTee-LavaGrey_2.jpg?v=1738245307&width=3000,-,Organic Boxy Crop Tee - Lava Grey,https://colorfulstandard.com/fr-fr/products/organic-boxy-crop-tee-lava-grey,T-shirt,F,"[31.372549019607842, 2.0, 0.0]"
1033,https://colorfulstandard.com/cdn/shop/files/CS2057_OrganicBoxyCropTee-LavaGrey_2.jpg?v=1738245307&width=3000,-,Organic Boxy Crop Tee - Lava Grey,https://colorfulstandard.com/fr-fr/products/organic-boxy-crop-tee-lava-grey,T-shirt,F,"[23.137254901960784, 1.0, 0.0]"
1034,https://colorfulstandard.com/cdn/shop/files/CS2057_OrganicBoxyCropTee-IvoryWhite_2.jpg?v=1738245250&width=3000,-,Organic Boxy Crop Tee - Ivory White,https://colorfulstandard.com/fr-fr/products/organic-boxy-crop-tee-ivory-white,T-shirt,F,"[91.76470588235294, 2.0, 7.0]"
1035,https://colorfulstandard.com/cdn/shop/files/CS2057_OrganicBoxyCropTee-IvoryWhite_2.jpg?v=1738245250&width=3000,-,Organic Boxy Crop Tee - Ivory White,https://colorfulstandard.com/fr-fr/products/organic-boxy-crop-tee-ivory-white,T-shirt,F,"[88.62745098039215, 2.0, 8.0]"
1036,https://colorfulstandard.com/cdn/shop/products/Oversized_Organic_T-Shirt-Women_Oversized_T-shirt-CS2056-Faded_Black.jpg?v=1664677450&width=1560,-,Oversized Organic T-Shirt - Faded Black,https://colorfulstandard.com/fr-fr/products/oversized-organic-t-shirt-women-oversized-t-shirt-faded-black-female,T-shirt,F,"[18.03921568627451, 2.0, -1.0]"
1037,https://colorfulstandard.com/cdn/shop/files/CS1014_Female_OrganicQuarterZip-FadedBlack_2.jpg?v=1738154228&width=3000,-,Organic Quarter Zip - Faded Black,https://colorfulstandard.com/fr-fr/products/organic-quarter-zip-quarter-zip-faded-black-female,Pull,F,"[27.450980392156865, 0.0, 0.0]"
1038,https://colorfulstandard.com/cdn/shop/files/CS1014_Female_OrganicQuarterZip-FadedBlack_2.jpg?v=1738154228&width=3000,-,Organic Quarter Zip - Faded Black,https://colorfulstandard.com/fr-fr/products/organic-quarter-zip-quarter-zip-faded-black-female,Pull,F,"[21.176470588235293, 0.0, 0.0]"
1039,https://colorfulstandard.com/cdn/shop/files/CS2055_Female_WomenOrganicRibLST-Shirt-SnowMelange_2.jpg?v=1738233054&width=3000,-,Women Organic Rib LS T-Shirt - Snow Melange,https://colorfulstandard.com/fr-fr/products/women-organic-rib-ls-t-shirt-women-ls-t-shirt-snow-melange-female,T-shirt,F,"[91.76470588235294, 0.0, -1.0]"
1040,https://colorfulstandard.com/cdn/shop/files/CS2055_Female_WomenOrganicRibLST-Shirt-SnowMelange_2.jpg?v=1738233054&width=3000,-,Women Organic Rib LS T-Shirt - Snow Melange,https://colorfulstandard.com/fr-fr/products/women-organic-rib-ls-t-shirt-women-ls-t-shirt-snow-melange-female,T-shirt,F,"[87.84313725490196, -1.0, -1.0]"
1041,https://colorfulstandard.com/cdn/shop/files/CS1003_Female_OversizedOrganicLST-shirt-OpticalWhite_2.jpg?v=1738163026&width=3000,-,Oversized Organic LS T-Shirt - Optical White,https://colorfulstandard.com/fr-fr/products/oversized-organic-ls-t-shirt-long-sleeve-t-shirt-optical-white-female,T-shirt,F,"[95.68627450980392, 1.0, -1.0]"
1042,https://colorfulstandard.com/cdn/shop/files/CS1003_Female_OversizedOrganicLST-shirt-OpticalWhite_2.jpg?v=1738163026&width=3000,-,Oversized Organic LS T-Shirt - Optical White,https://colorfulstandard.com/fr-fr/products/oversized-organic-ls-t-shirt-long-sleeve-t-shirt-optical-white-female,T-shirt,F,"[92.94117647058823, 1.0, -1.0]"
1043,https://colorfulstandard.com/cdn/shop/files/CS2055_Female_WomenOrganicRibLST-Shirt-SoftLavender_2.jpg?v=1738233061&width=3000,-,Women Organic Rib LS T-Shirt - Soft Lavender,https://colorfulstandard.com/fr-fr/products/women-organic-rib-ls-t-shirt-women-ls-t-shirt-soft-lavender-female,T-shirt,F,"[87.45098039215686, 5.0, -12.0]"
1044,https://colorfulstandard.com/cdn/shop/files/CS2055_Female_WomenOrganicRibLST-Shirt-SoftLavender_2.jpg?v=1738233061&width=3000,-,Women Organic Rib LS T-Shirt - Soft Lavender,https://colorfulstandard.com/fr-fr/products/women-organic-rib-ls-t-shirt-women-ls-t-shirt-soft-lavender-female,T-shirt,F,"[81.96078431372548, 5.0, -13.0]"
1045,https://colorfulstandard.com/cdn/shop/files/CS5085_Male_MerinoWoolHat-PacificBlue_2.jpg?v=1738184120&width=3000,-,Merino Wool Hat - Pacific Blue,https://colorfulstandard.com/fr-fr/products/merino-wool-hat-hat-pacific-blue-female,Chapeau,F,"[59.6078431372549, 9.0, -49.0]"
1046,https://colorfulstandard.com/cdn/shop/files/CS5085_Male_MerinoWoolHat-PacificBlue_2.jpg?v=1738184120&width=3000,-,Merino Wool Hat - Pacific Blue,https://colorfulstandard.com/fr-fr/products/merino-wool-hat-hat-pacific-blue-female,Chapeau,F,"[46.666666666666664, 13.0, -49.0]"
1047,https://colorfulstandard.com/cdn/shop/files/CS5085_Male_MerinoWoolHat-DeepBlack_2_5a7c56c8-337b-449f-a0ca-20ac0f348ae7.jpg?v=1738184516&width=3000,-,Merino Wool Hat - Deep Black,https://colorfulstandard.com/fr-fr/products/merino-wool-hat-beanie-deep-black-female,Chapeau,F,"[7.450980392156863, 0.0, 0.0]"
1048,https://colorfulstandard.com/cdn/shop/files/CS5085_Male_MerinoWoolHat-DeepBlack_2_5a7c56c8-337b-449f-a0ca-20ac0f348ae7.jpg?v=1738184516&width=3000,-,Merino Wool Hat - Deep Black,https://colorfulstandard.com/fr-fr/products/merino-wool-hat-beanie-deep-black-female,Chapeau,F,"[4.705882352941177, 0.0, 0.0]"
1049,https://colorfulstandard.com/cdn/shop/files/CS1012_Female_OrganicOversizedCrew-SnowMelange_2.jpg?v=1738230788&width=3000,-,Organic Oversized Crew - Snow Melange,https://colorfulstandard.com/fr-fr/products/organic-oversized-crew-snow-melange-female,Pull,F,"[90.19607843137256, 0.0, 0.0]"
1050,https://colorfulstandard.com/cdn/shop/files/CS1012_Female_OrganicOversizedCrew-SnowMelange_2.jpg?v=1738230788&width=3000,-,Organic Oversized Crew - Snow Melange,https://colorfulstandard.com/fr-fr/products/organic-oversized-crew-snow-melange-female,Pull,F,"[85.49019607843137, 0.0, 0.0]"
1051,https://colorfulstandard.com/cdn/shop/files/CS1012_Female_OrganicOversizedCrew-IvoryWhite_2.jpg?v=1738230357&width=3000,-,Organic Oversized Crew - Ivory White,https://colorfulstandard.com/fr-fr/products/organic-oversized-crew-ivory-white-female,Pull,F,"[87.84313725490196, 2.0, 11.0]"
1052,https://colorfulstandard.com/cdn/shop/files/CS1012_Female_OrganicOversizedCrew-IvoryWhite_2.jpg?v=1738230357&width=3000,-,Organic Oversized Crew - Ivory White,https://colorfulstandard.com/fr-fr/products/organic-oversized-crew-ivory-white-female,Pull,F,"[91.37254901960785, 2.0, 11.0]"
1053,https://colorfulstandard.com/cdn/shop/files/CS5081_Female_MerinoWoolBeanie-KellyGreen_2.jpg?v=1738153994&width=3000,-,Merino Wool Beanie - Kelly Green,https://colorfulstandard.com/fr-fr/products/merino-wool-beanie-beanie-kelly-green-female,Bonnet,F,"[45.09803921568628, -40.0, 16.0]"
1054,https://colorfulstandard.com/cdn/shop/files/CS5081_Female_MerinoWoolBeanie-KellyGreen_2.jpg?v=1738153994&width=3000,-,Merino Wool Beanie - Kelly Green,https://colorfulstandard.com/fr-fr/products/merino-wool-beanie-beanie-kelly-green-female,Bonnet,F,"[33.33333333333333, -33.0, 15.0]"
1055,https://colorfulstandard.com/cdn/shop/files/CS2055_Female_WomenOrganicRibLST-Shirt-OxbloodRed_2.jpg?v=1738233079&width=3000,-,Women Organic Rib LS T-Shirt - Oxblood Red,https://colorfulstandard.com/fr-fr/products/women-organic-rib-ls-t-shirt-women-ls-t-shirt-oxblood-red-female,T-shirt,F,"[14.117647058823529, 13.0, 1.0]"
1056,https://colorfulstandard.com/cdn/shop/files/CS2055_Female_WomenOrganicRibLST-Shirt-RedTangerine_2.jpg?v=1738233039&width=3000,-,Women Organic Rib LS T-Shirt - Red Tangerine,https://colorfulstandard.com/fr-fr/products/women-organic-rib-ls-t-shirt-women-ls-t-shirt-red-tangerine-female,T-shirt,F,"[54.90196078431373, 63.0, 36.0]"
1057,https://colorfulstandard.com/cdn/shop/files/CS2057_OrganicBoxyCropTee-SapphireBlue_2.jpg?v=1738245466&width=3000,-,Organic Boxy Crop Tee - Sapphire Blue,https://colorfulstandard.com/fr-fr/products/organic-boxy-crop-tee-sapphire-blue,T-shirt,F,"[45.88235294117647, 19.0, -59.0]"
1058,https://colorfulstandard.com/cdn/shop/files/CS2057_OrganicBoxyCropTee-SnowMelange_2.jpg?v=1738245486&width=3000,-,Organic Boxy Crop Tee - Snow Melange,https://colorfulstandard.com/fr-fr/products/organic-boxy-crop-tee-snow-melange,T-shirt,F,"[92.54901960784314, 0.0, -1.0]"
1059,https://colorfulstandard.com/cdn/shop/files/CS2057_OrganicBoxyCropTee-SnowMelange_2.jpg?v=1738245486&width=3000,-,Organic Boxy Crop Tee - Snow Melange,https://colorfulstandard.com/fr-fr/products/organic-boxy-crop-tee-snow-melange,T-shirt,F,"[89.41176470588236, 0.0, -1.0]"
1060,https://colorfulstandard.com/cdn/shop/files/CS2052_Female_WomenClassicOrganicCrew-MarineBlue_2.jpg?v=1738229368&width=3000,-,Women Classic Organic Crew - Marine Blue,https://colorfulstandard.com/fr-fr/products/women-classic-organic-crew-marine-blue,Pull,F,"[21.176470588235293, 8.0, -22.0]"
1061,https://colorfulstandard.com/cdn/shop/files/CS1012_Female_OrganicOversizedCrew-MarineBlue_2.jpg?v=1738230421&width=3000,-,Organic Oversized Crew - Marine Blue,https://colorfulstandard.com/fr-fr/products/organic-oversized-crew-marine-blue-1,Pull,F,"[20.392156862745097, 8.0, -21.0]"
1062,https://colorfulstandard.com/cdn/shop/files/CS1012_Female_OrganicOversizedCrew-MarineBlue_2.jpg?v=1738230421&width=3000,-,Organic Oversized Crew - Marine Blue,https://colorfulstandard.com/fr-fr/products/organic-oversized-crew-marine-blue-1,Pull,F,"[17.647058823529413, 7.0, -20.0]"
1063,https://colorfulstandard.com/cdn/shop/files/CS1014_Female_OrganicQuarterZip-MidnightForest_2.jpg?v=1738154622&width=3000,-,Organic Quarter Zip - Midnight Forest,https://colorfulstandard.com/fr-fr/products/organic-quarter-zip-quarter-zip-midnight-forest-female,Pull,F,"[28.235294117647058, -6.0, 4.0]"
1064,https://colorfulstandard.com/cdn/shop/files/CS1014_Female_OrganicQuarterZip-MidnightForest_2.jpg?v=1738154622&width=3000,-,Organic Quarter Zip - Midnight Forest,https://colorfulstandard.com/fr-fr/products/organic-quarter-zip-quarter-zip-midnight-forest-female,Pull,F,"[21.96078431372549, -6.0, 5.0]"
1065,https://colorfulstandard.com/cdn/shop/files/CS2052_Female_WomenClassicOrganicCrew-NeptuneBlue_2.jpg?v=1738229336&width=3000,-,Women Classic Organic Crew - Neptune Blue,https://colorfulstandard.com/fr-fr/products/women-classic-organic-crew-women-crewneck-neptune-blue-female,Pull,F,"[34.11764705882353, 1.0, -14.0]"
1066,https://colorfulstandard.com/cdn/shop/files/CS2052_Female_WomenClassicOrganicCrew-NeptuneBlue_2.jpg?v=1738229336&width=3000,-,Women Classic Organic Crew - Neptune Blue,https://colorfulstandard.com/fr-fr/products/women-classic-organic-crew-women-crewneck-neptune-blue-female,Pull,F,"[43.13725490196079, 1.0, -14.0]"
1067,https://colorfulstandard.com/cdn/shop/files/CS2055_Female_WomenOrganicRibLST-Shirt-HeatherGrey_2.jpg?v=1738232880&width=3000,-,Women Organic Rib LS T-Shirt - Heather Grey,https://colorfulstandard.com/fr-fr/products/women-organic-rib-ls-t-shirt-women-ls-t-shirt-heather-grey-female,T-shirt,F,"[77.25490196078432, -2.0, 3.0]"
1068,https://colorfulstandard.com/cdn/shop/files/CS2055_Female_WomenOrganicRibLST-Shirt-HeatherGrey_2.jpg?v=1738232880&width=3000,-,Women Organic Rib LS T-Shirt - Heather Grey,https://colorfulstandard.com/fr-fr/products/women-organic-rib-ls-t-shirt-women-ls-t-shirt-heather-grey-female,T-shirt,F,"[69.01960784313725, -2.0, 3.0]"
1069,https://colorfulstandard.com/cdn/shop/files/CS1003_Female_OversizedOrganicLST-shirt-PurpleHaze_2.jpg?v=1738163122&width=3000,-,Oversized Organic LS T-Shirt - Purple Haze,https://colorfulstandard.com/fr-fr/products/oversized-organic-ls-t-shirt-long-sleeve-t-shirt-purple-haze-female,T-shirt,F,"[60.3921568627451, 8.0, -5.0]"
1070,https://colorfulstandard.com/cdn/shop/files/CS1012_Female_OrganicOversizedCrew-RaspberryPink_2.jpg?v=1738230679&width=3000,-,Organic Oversized Crew - Raspberry Pink,https://colorfulstandard.com/fr-fr/products/organic-oversized-crew-raspberry-pink-female,Pull,F,"[58.03921568627452, 40.0, 13.0]"
1071,https://colorfulstandard.com/cdn/shop/files/CS1012_Female_OrganicOversizedCrew-RaspberryPink_2.jpg?v=1738230679&width=3000,-,Organic Oversized Crew - Raspberry Pink,https://colorfulstandard.com/fr-fr/products/organic-oversized-crew-raspberry-pink-female,Pull,F,"[50.588235294117645, 40.0, 14.0]"
1072,https://colorfulstandard.com/cdn/shop/files/CS1012_Female_OrganicOversizedCrew-PetrolBlue_2.jpg?v=1738230598&width=3000,-,Organic Oversized Crew - Petrol Blue,https://colorfulstandard.com/fr-fr/products/organic-oversized-crew-petrol-blue-female,Pull,F,"[27.450980392156865, 1.0, -12.0]"
1073,https://colorfulstandard.com/cdn/shop/files/CS1012_Female_OrganicOversizedCrew-PetrolBlue_2.jpg?v=1738230598&width=3000,-,Organic Oversized Crew - Petrol Blue,https://colorfulstandard.com/fr-fr/products/organic-oversized-crew-petrol-blue-female,Pull,F,"[23.137254901960784, 1.0, -12.0]"
1074,https://colorfulstandard.com/cdn/shop/files/CS1012_Female_OrganicOversizedCrew-HeatherGrey_2.jpg?v=1738230325&width=3000,-,Organic Oversized Crew - Heather Grey,https://colorfulstandard.com/fr-fr/products/organic-oversized-crew-heather-grey-female,Pull,F,"[74.11764705882354, 1.0, 1.0]"
1075,https://colorfulstandard.com/cdn/shop/files/CS1012_Female_OrganicOversizedCrew-HeatherGrey_2.jpg?v=1738230325&width=3000,-,Organic Oversized Crew - Heather Grey,https://colorfulstandard.com/fr-fr/products/organic-oversized-crew-heather-grey-female,Pull,F,"[65.49019607843137, 1.0, 1.0]"
1076,https://colorfulstandard.com/cdn/shop/files/CS1012_Female_OrganicOversizedCrew-BubblegumPink_2.jpg?v=1738230184&width=3000,-,Organic Oversized Crew - Bubblegum Pink,https://colorfulstandard.com/fr-fr/products/organic-oversized-crew-bubblegum-pink-female,Pull,F,"[60.0, 64.0, 9.0]"
1077,https://colorfulstandard.com/cdn/shop/products/Women_Light_Organic_Tee-Women_T-shirt-CS2051-Purple_Haze.jpg?v=1635698210&width=1560,-,Women Light Organic Tee - Purple Haze,https://colorfulstandard.com/fr-fr/products/women-light-organic-tee-women-t-shirt-purple-haze-female,T-shirt,F,"[58.43137254901961, 7.0, -7.0]"
1078,https://colorfulstandard.com/cdn/shop/files/CS5081_Female_MerinoWoolBeanie-SoftLavender_2.jpg?v=1738154508&width=3000,-,Merino Wool Beanie - Soft Lavender,https://colorfulstandard.com/fr-fr/products/merino-wool-beanie-beanie-soft-lavender-female,Bonnet,F,"[86.27450980392157, 13.0, -13.0]"
1079,https://colorfulstandard.com/cdn/shop/files/CS5081_Female_MerinoWoolBeanie-SoftLavender_2.jpg?v=1738154508&width=3000,-,Merino Wool Beanie - Soft Lavender,https://colorfulstandard.com/fr-fr/products/merino-wool-beanie-beanie-soft-lavender-female,Bonnet,F,"[78.43137254901961, 16.0, -16.0]"
1080,https://colorfulstandard.com/cdn/shop/files/CS5081_Female_MerinoWoolBeanie-PolarBlue_2.jpg?v=1738154383&width=3000,-,Merino Wool Beanie - Polar Blue,https://colorfulstandard.com/fr-fr/products/merino-wool-beanie-beanie-polar-blue-female,Bonnet,F,"[84.70588235294117, -1.0, -11.0]"
1081,https://colorfulstandard.com/cdn/shop/files/CS5081_Female_MerinoWoolBeanie-PolarBlue_2.jpg?v=1738154383&width=3000,-,Merino Wool Beanie - Polar Blue,https://colorfulstandard.com/fr-fr/products/merino-wool-beanie-beanie-polar-blue-female,Bonnet,F,"[76.86274509803923, -1.0, -12.0]"
1082,https://colorfulstandard.com/cdn/shop/products/Women_Light_Organic_Tee-Women_T-shirt-CS2051-Petrol_Blue.jpg?v=1664771812&width=1560,-,Women Light Organic Tee - Petrol Blue,https://colorfulstandard.com/fr-fr/products/women-light-organic-tee-women-t-shirt-petrol-blue-female,T-shirt,F,"[27.058823529411764, -2.0, -10.0]"
1083,https://colorfulstandard.com/cdn/shop/products/Women_Light_Organic_Tee-Women_T-shirt-CS2051-Ivory_White.jpg?v=1664771747&width=1560,-,Women Light Organic Tee - Ivory White,https://colorfulstandard.com/fr-fr/products/women-light-organic-tee-women-t-shirt-ivory-white-female,T-shirt,F,"[88.62745098039215, 1.0, 6.0]"
1084,https://colorfulstandard.com/cdn/shop/products/Women_Light_Organic_Tee-Women_T-shirt-CS2051-Ivory_White.jpg?v=1664771747&width=1560,-,Women Light Organic Tee - Ivory White,https://colorfulstandard.com/fr-fr/products/women-light-organic-tee-women-t-shirt-ivory-white-female,T-shirt,F,"[87.05882352941177, 1.0, 6.0]"
1085,https://colorfulstandard.com/cdn/shop/files/CS2057_OrganicBoxyCropTee-MidnightForest_2.jpg?v=1738245326&width=3000,-,Organic Boxy Crop Tee - Midnight Forest,https://colorfulstandard.com/fr-fr/products/organic-boxy-crop-tee-midnight-forest,T-shirt,F,"[37.254901960784316, -6.0, 4.0]"
1086,https://colorfulstandard.com/cdn/shop/files/CS2055_Female_WomenOrganicRibLST-Shirt-OceanGreen_2.jpg?v=1738232918&width=3000,-,Women Organic Rib LS T-Shirt - Ocean Green,https://colorfulstandard.com/fr-fr/products/women-organic-rib-ls-t-shirt-women-ls-t-shirt-ocean-green-female,T-shirt,F,"[27.450980392156865, -11.0, -9.0]"
1087,https://colorfulstandard.com/cdn/shop/files/CS2055_Female_WomenOrganicRibLST-Shirt-CherryBlossom_2.jpg?v=1738232857&width=3000,-,Women Organic Rib LS T-Shirt - Cherry Blossom,https://colorfulstandard.com/fr-fr/products/women-organic-rib-ls-t-shirt-women-ls-t-shirt-cherry-blossom-female,T-shirt,F,"[78.43137254901961, 23.0, -3.0]"
1088,https://colorfulstandard.com/cdn/shop/files/CS1011_Female_OrganicSweatpants-MistyBrown_2.jpg?v=1738227763&width=3000,-,Organic Sweatpants - Misty Brown,https://colorfulstandard.com/fr-fr/products/organic-sweatpants-pants-misty-brown-female,Jogging,F,"[50.588235294117645, 1.0, 5.0]"
1089,https://colorfulstandard.com/cdn/shop/files/CS1011_Female_OrganicSweatpants-MistyBrown_2.jpg?v=1738227763&width=3000,-,Organic Sweatpants - Misty Brown,https://colorfulstandard.com/fr-fr/products/organic-sweatpants-pants-misty-brown-female,Jogging,F,"[45.09803921568628, 1.0, 6.0]"
1090,https://colorfulstandard.com/cdn/shop/files/CS2057_OrganicBoxyCropTee-PolarBlue_2.jpg?v=1738245447&width=3000,-,Organic Boxy Crop Tee - Polar Blue,https://colorfulstandard.com/fr-fr/products/organic-boxy-crop-tee-polar-blue,T-shirt,F,"[91.37254901960785, -2.0, -6.0]"
1091,https://colorfulstandard.com/cdn/shop/files/CS2057_OrganicBoxyCropTee-PolarBlue_2.jpg?v=1738245447&width=3000,-,Organic Boxy Crop Tee - Polar Blue,https://colorfulstandard.com/fr-fr/products/organic-boxy-crop-tee-polar-blue,T-shirt,F,"[88.23529411764706, -2.0, -7.0]"
1092,https://colorfulstandard.com/cdn/shop/files/CS2057_OrganicBoxyCropTee-HeatherGrey_2.jpg?v=1738245243&width=3000,-,Organic Boxy Crop Tee - Heather Grey,https://colorfulstandard.com/fr-fr/products/organic-boxy-crop-tee-heather-grey,T-shirt,F,"[74.11764705882354, -2.0, 2.0]"
1093,https://colorfulstandard.com/cdn/shop/files/CS2057_OrganicBoxyCropTee-HeatherGrey_2.jpg?v=1738245243&width=3000,-,Organic Boxy Crop Tee - Heather Grey,https://colorfulstandard.com/fr-fr/products/organic-boxy-crop-tee-heather-grey,T-shirt,F,"[80.0, -2.0, 2.0]"
1094,https://colorfulstandard.com/cdn/shop/files/CS2056_Female_OversizedOrganicT-Shirt-MidnightForest_1_d71a9830-39ab-442d-86a0-f6fc100c109a.jpg?v=1696507952&width=1600,-,Oversized Organic T-Shirt - Midnight Forest,https://colorfulstandard.com/fr-fr/products/women-oversized-organic-t-shirt-women-oversized-t-shirt-midnight-forest-female,T-shirt,F,"[33.33333333333333, -6.0, 4.0]"
1095,https://colorfulstandard.com/cdn/shop/files/CS2055_Female_WomenOrganicRibLST-Shirt-SeasideBlue_2.jpg?v=1738233045&width=3000,-,Women Organic Rib LS T-Shirt - Seaside Blue,https://colorfulstandard.com/fr-fr/products/women-organic-rib-ls-t-shirt-women-ls-t-shirt-seaside-blue-female,T-shirt,F,"[71.76470588235294, -5.0, -18.0]"
1096,https://colorfulstandard.com/cdn/shop/files/CS1014_Female_OrganicQuarterZip-NeptuneBlue_2.jpg?v=1738154749&width=3000,-,Organic Quarter Zip - Neptune Blue,https://colorfulstandard.com/fr-fr/products/organic-quarter-zip-quarter-zip-neptune-blue-female,Pull,F,"[43.529411764705884, 0.0, -13.0]"
1097,https://colorfulstandard.com/cdn/shop/files/CS1014_Female_OrganicQuarterZip-NeptuneBlue_2.jpg?v=1738154749&width=3000,-,Organic Quarter Zip - Neptune Blue,https://colorfulstandard.com/fr-fr/products/organic-quarter-zip-quarter-zip-neptune-blue-female,Pull,F,"[34.509803921568626, 0.0, -13.0]"
1098,https://colorfulstandard.com/cdn/shop/files/CS5088_Female_OversizedMerinoWoolCrew-PacificBlue_2.jpg?v=1738226907&width=3000,-,Oversized Merino Wool Crew - Pacific Blue,https://colorfulstandard.com/fr-fr/products/oversized-merino-wool-crew-pacific-blue-female,Pull,F,"[56.07843137254902, 13.0, -49.0]"
1099,https://colorfulstandard.com/cdn/shop/files/CS5088_Female_OversizedMerinoWoolCrew-PacificBlue_2.jpg?v=1738226907&width=3000,-,Oversized Merino Wool Crew - Pacific Blue,https://colorfulstandard.com/fr-fr/products/oversized-merino-wool-crew-pacific-blue-female,Pull,F,"[66.66666666666666, 9.0, -45.0]"
1100,https://colorfulstandard.com/cdn/shop/files/CS1015_Female_OrganicOversizedHood-OxbloodRed_2.jpg?v=1738244285&width=3000,-,Organic Oversized Hood - Oxblood Red,https://colorfulstandard.com/fr-fr/products/organic-oversized-hood-oxblood-red-female,Hoodie,F,"[13.725490196078432, 13.0, 1.0]"
1101,https://colorfulstandard.com/cdn/shop/files/CS1015_Female_OrganicOversizedHood-OxbloodRed_2.jpg?v=1738244285&width=3000,-,Organic Oversized Hood - Oxblood Red,https://colorfulstandard.com/fr-fr/products/organic-oversized-hood-oxblood-red-female,Hoodie,F,"[14.50980392156863, 13.0, 0.0]"
1102,https://colorfulstandard.com/cdn/shop/products/Women_Oversized_Organic_T-Shirt-Women_Oversized_T-shirt-CS2056-Heather_Grey_f19153ff-cd53-4feb-b001-d68a45acfde9.jpg?v=1645432814&width=1560,-,Oversized Organic T-Shirt - Heather Grey,https://colorfulstandard.com/fr-fr/products/women-oversized-organic-t-shirt-women-oversized-t-shirt-heather-grey-female,T-shirt,F,"[78.43137254901961, 0.0, -2.0]"
1103,https://colorfulstandard.com/cdn/shop/products/Women_Oversized_Organic_T-Shirt-Women_Oversized_T-shirt-CS2056-Heather_Grey_f19153ff-cd53-4feb-b001-d68a45acfde9.jpg?v=1645432814&width=1560,-,Oversized Organic T-Shirt - Heather Grey,https://colorfulstandard.com/fr-fr/products/women-oversized-organic-t-shirt-women-oversized-t-shirt-heather-grey-female,T-shirt,F,"[83.92156862745098, 0.0, -2.0]"
1104,https://colorfulstandard.com/cdn/shop/products/Women_Oversized_Organic_T-Shirt-Women_Oversized_T-shirt-CS2056-Oxblood_Red.jpg?v=1639484927&width=1560,-,Oversized Organic T-Shirt - Oxblood Red,https://colorfulstandard.com/fr-fr/products/women-oversized-organic-t-shirt-women-oversized-t-shirt-oxblood-red-female,T-shirt,F,"[15.294117647058824, 24.0, 3.0]"
1105,https://colorfulstandard.com/cdn/shop/files/CS2055_Female_WomenOrganicRibLST-Shirt-CoffeeBrown_2.jpg?v=1738232861&width=3000,-,Women Organic Rib LS T-Shirt - Coffee Brown,https://colorfulstandard.com/fr-fr/products/women-organic-rib-ls-t-shirt-women-ls-t-shirt-coffee-brown-female,T-shirt,F,"[16.07843137254902, 6.0, 4.0]"
1106,https://colorfulstandard.com/cdn/shop/files/CS5081_Female_MerinoWoolBeanie-OceanGreen_2.jpg?v=1738154114&width=3000,-,Merino Wool Beanie - Ocean Green,https://colorfulstandard.com/fr-fr/products/merino-wool-beanie-beanie-ocean-green-female,Bonnet,F,"[28.235294117647058, -11.0, -12.0]"
1107,https://colorfulstandard.com/cdn/shop/files/CS5081_Female_MerinoWoolBeanie-OceanGreen_2.jpg?v=1738154114&width=3000,-,Merino Wool Beanie - Ocean Green,https://colorfulstandard.com/fr-fr/products/merino-wool-beanie-beanie-ocean-green-female,Bonnet,F,"[20.392156862745097, -9.0, -11.0]"
1108,https://colorfulstandard.com/cdn/shop/files/CS1011_Female_OrganicSweatpants-SoftLavender_2.jpg?v=1738228142&width=3000,-,Organic Sweatpants - Soft Lavender,https://colorfulstandard.com/fr-fr/products/organic-sweatpants-pants-soft-lavender-female,Jogging,F,"[84.31372549019608, 6.0, -15.0]"
1109,https://colorfulstandard.com/cdn/shop/files/CS1011_Female_OrganicSweatpants-SoftLavender_2.jpg?v=1738228142&width=3000,-,Organic Sweatpants - Soft Lavender,https://colorfulstandard.com/fr-fr/products/organic-sweatpants-pants-soft-lavender-female,Jogging,F,"[79.2156862745098, 7.0, -16.0]"
1110,https://colorfulstandard.com/cdn/shop/files/CS1011_Female_OrganicSweatpants-KellyGreen_2.jpg?v=1738227659&width=3000,-,Organic Sweatpants - Kelly Green,https://colorfulstandard.com/fr-fr/products/organic-sweatpants-pants-kelly-green-female,Jogging,F,"[49.80392156862745, -45.0, 24.0]"
1111,https://colorfulstandard.com/cdn/shop/files/CS2052_Female_WomenClassicOrganicCrew-OceanGreen_2.jpg?v=1738229329&width=3000,-,Women Classic Organic Crew - Ocean Green,https://colorfulstandard.com/fr-fr/products/women-classic-organic-crew-women-crewneck-ocean-green-female,Pull,F,"[27.058823529411764, -11.0, -10.0]"
1112,https://colorfulstandard.com/cdn/shop/files/CS2052_Female_WomenClassicOrganicCrew-OceanGreen_2.jpg?v=1738229329&width=3000,-,Women Classic Organic Crew - Ocean Green,https://colorfulstandard.com/fr-fr/products/women-classic-organic-crew-women-crewneck-ocean-green-female,Pull,F,"[22.745098039215687, -10.0, -8.0]"
1113,https://colorfulstandard.com/cdn/shop/products/Women_Light_Organic_Tee-Women_T-shirt-CS2051-Ocean_Green.jpg?v=1664771783&width=1560,-,Women Light Organic Tee - Ocean Green,https://colorfulstandard.com/fr-fr/products/women-light-organic-tee-women-t-shirt-ocean-green-female,T-shirt,F,"[32.549019607843135, -11.0, -5.0]"
1114,https://colorfulstandard.com/cdn/shop/products/Women_Light_Organic_Tee-Women_T-shirt-CS2051-Navy_Blue_4282822e-9bd1-414c-baf8-deedab40a32f.jpg?v=1639446300&width=1560,-,Women Light Organic Tee - Navy Blue,https://colorfulstandard.com/fr-fr/products/women-light-organic-tee-women-t-shirt-navy-blue-female,T-shirt,F,"[13.333333333333334, 5.0, -11.0]"
1115,https://colorfulstandard.com/cdn/shop/files/CS2057_OrganicBoxyCropTee-FadedBlack_2.jpg?v=1738245222&width=3000,-,Organic Boxy Crop Tee - Faded Black,https://colorfulstandard.com/fr-fr/products/organic-boxy-crop-tee-faded-black,T-shirt,F,"[31.372549019607842, 0.0, 0.0]"
1116,https://colorfulstandard.com/cdn/shop/files/CS2055_Female_WomenOrganicRibLST-Shirt-MarineBlue_2.jpg?v=1738232906&width=3000,-,Women Organic Rib LS T-Shirt - Marine Blue,https://colorfulstandard.com/fr-fr/products/women-organic-rib-ls-t-shirt-women-ls-t-shirt-marine-blue-female,T-shirt,F,"[20.0, 8.0, -21.0]"
1117,https://colorfulstandard.com/cdn/shop/files/CS1014_Female_OrganicQuarterZip-OceanGreen_2.jpg?v=1738154790&width=3000,-,Organic Quarter Zip - Ocean Green,https://colorfulstandard.com/fr-fr/products/organic-quarter-zip-quarter-zip-ocean-green-female,Pull,F,"[25.49019607843137, -10.0, -9.0]"
1118,https://colorfulstandard.com/cdn/shop/files/CS2052_Female_WomenClassicOrganicCrew-SapphireBlue_2.jpg?v=1738229242&width=3000,-,Women Classic Organic Crew - Sapphire Blue,https://colorfulstandard.com/fr-fr/products/women-classic-organic-crew-women-crewneck-sapphire-blue-female,Pull,F,"[48.627450980392155, 18.0, -58.0]"
1119,https://colorfulstandard.com/cdn/shop/files/CS1011_Female_OrganicSweatpants-SapphireBlue_2.jpg?v=1738228071&width=3000,-,Organic Sweatpants - Sapphire Blue,https://colorfulstandard.com/fr-fr/products/organic-sweatpants-pants-sapphire-blue-female,Jogging,F,"[47.45098039215686, 18.0, -58.0]"
1120,https://colorfulstandard.com/cdn/shop/files/CS1011_Female_OrganicSweatpants-SapphireBlue_2.jpg?v=1738228071&width=3000,-,Organic Sweatpants - Sapphire Blue,https://colorfulstandard.com/fr-fr/products/organic-sweatpants-pants-sapphire-blue-female,Jogging,F,"[44.31372549019608, 19.0, -57.0]"
1121,https://colorfulstandard.com/cdn/shop/files/CS1012_Female_OrganicOversizedCrew-MidnightForest_2.jpg?v=1738230434&width=3000,-,Organic Oversized Crew - Midnight Forest,https://colorfulstandard.com/fr-fr/products/organic-oversized-crew-midnight-forest-female,Pull,F,"[22.745098039215687, -5.0, 4.0]"
1122,https://colorfulstandard.com/cdn/shop/files/CS1012_Female_OrganicOversizedCrew-MidnightForest_2.jpg?v=1738230434&width=3000,-,Organic Oversized Crew - Midnight Forest,https://colorfulstandard.com/fr-fr/products/organic-oversized-crew-midnight-forest-female,Pull,F,"[27.84313725490196, -6.0, 4.0]"
1123,https://colorfulstandard.com/cdn/shop/files/CS5088_Female_OversizedMerinoWoolCrew-ScarletRed_2.jpg?v=1738226940&width=3000,-,Oversized Merino Wool Crew - Scarlet Red,https://colorfulstandard.com/fr-fr/products/oversized-merino-wool-crew-scarlet-red-female,Pull,F,"[47.84313725490196, 68.0, 39.0]"
1124,https://colorfulstandard.com/cdn/shop/files/CS5088_Female_OversizedMerinoWoolCrew-ScarletRed_2.jpg?v=1738226940&width=3000,-,Oversized Merino Wool Crew - Scarlet Red,https://colorfulstandard.com/fr-fr/products/oversized-merino-wool-crew-scarlet-red-female,Pull,F,"[38.43137254901961, 60.0, 40.0]"
1125,https://colorfulstandard.com/cdn/shop/files/CS5088_Female_OversizedMerinoWoolCrew-OxbloodRed_2.jpg?v=1738226899&width=3000,-,Oversized Merino Wool Crew - Oxblood Red,https://colorfulstandard.com/fr-fr/products/oversized-merino-wool-crew-oxblood-red-female,Pull,F,"[16.470588235294116, 22.0, 2.0]"
1126,https://colorfulstandard.com/cdn/shop/files/CS5088_Female_OversizedMerinoWoolCrew-OxbloodRed_2.jpg?v=1738226899&width=3000,-,Oversized Merino Wool Crew - Oxblood Red,https://colorfulstandard.com/fr-fr/products/oversized-merino-wool-crew-oxblood-red-female,Pull,F,"[10.588235294117647, 18.0, 3.0]"
1127,https://colorfulstandard.com/cdn/shop/files/CS1014_Female_OrganicQuarterZip-OpticalWhite_2.jpg?v=1738154814&width=3000,-,Organic Quarter Zip - Optical White,https://colorfulstandard.com/fr-fr/products/organic-quarter-zip-quarter-zip-optical-white-female,Pull,F,"[95.68627450980392, 1.0, -1.0]"
1128,https://colorfulstandard.com/cdn/shop/files/CS5085_Male_MerinoWoolHat-WarmTaupe_2.jpg?v=1738184404&width=3000,-,Merino Wool Hat - Warm Taupe,https://colorfulstandard.com/fr-fr/products/merino-wool-hat-beanie-warm-taupe-female,Chapeau,F,"[46.27450980392157, 5.0, 11.0]"
1129,https://colorfulstandard.com/cdn/shop/files/CS5085_Male_MerinoWoolHat-WarmTaupe_2.jpg?v=1738184404&width=3000,-,Merino Wool Hat - Warm Taupe,https://colorfulstandard.com/fr-fr/products/merino-wool-hat-beanie-warm-taupe-female,Chapeau,F,"[57.647058823529406, 4.0, 11.0]"
1130,https://colorfulstandard.com/cdn/shop/files/CS5085_Female_MerinoWoolHat-ScarletRed_2.jpg?v=1738328511&width=3000,-,Merino Wool Hat - Scarlet Red,https://colorfulstandard.com/fr-fr/products/merino-wool-hat-beanie-scarlet-red-female,Chapeau,F,"[42.35294117647059, 66.0, 49.0]"
1131,https://colorfulstandard.com/cdn/shop/files/CS5085_Female_MerinoWoolHat-ScarletRed_2.jpg?v=1738328511&width=3000,-,Merino Wool Hat - Scarlet Red,https://colorfulstandard.com/fr-fr/products/merino-wool-hat-beanie-scarlet-red-female,Chapeau,F,"[34.509803921568626, 57.0, 43.0]"
1132,https://colorfulstandard.com/cdn/shop/files/CS1011_Female_OrganicSweatpants-RaspberryPink_2.jpg?v=1738228012&width=3000,-,Organic Sweatpants - Raspberry Pink,https://colorfulstandard.com/fr-fr/products/organic-sweatpants-pants-raspberry-pink-female,Jogging,F,"[57.647058823529406, 41.0, 12.0]"
1133,https://colorfulstandard.com/cdn/shop/files/CS1011_Female_OrganicSweatpants-RaspberryPink_2.jpg?v=1738228012&width=3000,-,Organic Sweatpants - Raspberry Pink,https://colorfulstandard.com/fr-fr/products/organic-sweatpants-pants-raspberry-pink-female,Jogging,F,"[53.333333333333336, 40.0, 13.0]"
1134,https://colorfulstandard.com/cdn/shop/files/CS1011_Female_OrganicSweatpants-HunterGreen_2_9bf267ce-4083-4eeb-8f00-bb47b5c54d62.jpg?v=1738331767&width=3000,-,Organic Sweatpants - Hunter Green,https://colorfulstandard.com/fr-fr/products/organic-sweatpants-pants-hunter-green-female,Jogging,F,"[20.784313725490197, -3.0, 4.0]"
1135,https://colorfulstandard.com/cdn/shop/files/CS1011_Female_OrganicSweatpants-HunterGreen_2_9bf267ce-4083-4eeb-8f00-bb47b5c54d62.jpg?v=1738331767&width=3000,-,Organic Sweatpants - Hunter Green,https://colorfulstandard.com/fr-fr/products/organic-sweatpants-pants-hunter-green-female,Jogging,F,"[18.823529411764707, -5.0, 4.0]"
1136,https://colorfulstandard.com/cdn/shop/files/CS1011_Female_OrganicSweatpants-DustyOlive_2.jpg?v=1738227494&width=3000,-,Organic Sweatpants - Dusty Olive,https://colorfulstandard.com/fr-fr/products/organic-sweatpants-pants-dusty-olive-female,Jogging,F,"[42.745098039215684, -1.0, 13.0]"
1137,https://colorfulstandard.com/cdn/shop/files/CS1012_Female_OrganicOversizedCrew-HunterGreen_2.jpg?v=1738230360&width=3000,-,Organic Oversized Crew - Hunter Green,https://colorfulstandard.com/fr-fr/products/organic-oversized-crew-hunter-green-female,Pull,F,"[17.254901960784313, -4.0, 4.0]"
1138,https://colorfulstandard.com/cdn/shop/files/CS1012_Female_OrganicOversizedCrew-HunterGreen_2.jpg?v=1738230360&width=3000,-,Organic Oversized Crew - Hunter Green,https://colorfulstandard.com/fr-fr/products/organic-oversized-crew-hunter-green-female,Pull,F,"[15.294117647058824, -3.0, 4.0]"
1139,https://colorfulstandard.com/cdn/shop/products/Women_Light_Organic_Tee-Women_T-shirt-CS2051-Snow_Melange.jpg?v=1639446386&width=1560,-,Women Light Organic Tee - Snow Melange,https://colorfulstandard.com/fr-fr/products/women-light-organic-tee-women-t-shirt-snow-melange-female,T-shirt,F,"[83.52941176470588, 1.0, -1.0]"
1140,https://colorfulstandard.com/cdn/shop/products/Women_Light_Organic_Tee-Women_T-shirt-CS2051-Snow_Melange.jpg?v=1639446386&width=1560,-,Women Light Organic Tee - Snow Melange,https://colorfulstandard.com/fr-fr/products/women-light-organic-tee-women-t-shirt-snow-melange-female,T-shirt,F,"[79.6078431372549, 1.0, -1.0]"
1141,https://colorfulstandard.com/cdn/shop/files/CS5081_Female_MerinoWoolBeanie-EmeraldGreen_2.jpg?v=1738153879&width=3000,-,Merino Wool Beanie - Emerald Green,https://colorfulstandard.com/fr-fr/products/merino-wool-beanie-beanie-emerald-green-female,Bonnet,F,"[14.117647058823529, -8.0, 0.0]"
1142,https://colorfulstandard.com/cdn/shop/files/CS5081_Female_MerinoWoolBeanie-EmeraldGreen_2.jpg?v=1738153879&width=3000,-,Merino Wool Beanie - Emerald Green,https://colorfulstandard.com/fr-fr/products/merino-wool-beanie-beanie-emerald-green-female,Bonnet,F,"[7.8431372549019605, -6.0, -1.0]"
1143,https://colorfulstandard.com/cdn/shop/products/Women_Light_Organic_Tee-Women_T-shirt-CS2051-Soft_Yellow_8a2e247d-f01c-48a4-b084-e7a7762a8f0d.jpg?v=1639446396&width=1560,-,Women Light Organic Tee - Soft Yellow,https://colorfulstandard.com/fr-fr/products/women-light-organic-tee-women-t-shirt-soft-yellow-female,T-shirt,F,"[90.98039215686275, -4.0, 25.0]"
1144,https://colorfulstandard.com/cdn/shop/files/CS2057_OrganicBoxyCropTee-KellyGreen_2.jpg?v=1738245300&width=3000,-,Organic Boxy Crop Tee - Kelly Green,https://colorfulstandard.com/fr-fr/products/organic-boxy-crop-tee-kelly-green,T-shirt,F,"[47.84313725490196, -43.0, 21.0]"
1145,https://colorfulstandard.com/cdn/shop/files/CS1014_Female_OrganicQuarterZip-UltraViolet_2.jpg?v=1738155320&width=3000,-,Organic Quarter Zip - Ultra Violet,https://colorfulstandard.com/fr-fr/products/organic-quarter-zip-quarter-zip-ultra-violet-female,Pull,F,"[53.72549019607843, 31.0, -41.0]"
1146,https://colorfulstandard.com/cdn/shop/files/CS1014_Female_OrganicQuarterZip-ScarletRed_2.jpg?v=1738155179&width=3000,-,Organic Quarter Zip - Scarlet Red,https://colorfulstandard.com/fr-fr/products/organic-quarter-zip-quarter-zip-scarlet-red-female,Pull,F,"[45.88235294117647, 64.0, 33.0]"
1147,https://colorfulstandard.com/cdn/shop/files/CS1012_Female_OrganicOversizedCrew-MagentaBlaze_2.jpg?v=1738230408&width=3000,-,Organic Oversized Crew - Magenta Blaze,https://colorfulstandard.com/fr-fr/products/organic-oversized-crew-magenta-blaze-female,Pull,F,"[52.156862745098046, 61.0, -8.0]"
1148,https://colorfulstandard.com/cdn/shop/files/CS2057_OrganicBoxyCropTee-MagentaBlaze_2.jpg?v=1738245313&width=3000,-,Organic Boxy Crop Tee - Magenta Blaze,https://colorfulstandard.com/fr-fr/products/organic-boxy-crop-tee-magenta-blaze,T-shirt,F,"[52.54901960784314, 62.0, -9.0]"
1149,https://colorfulstandard.com/cdn/shop/files/CS2057_OrganicBoxyCropTee-RedTangerine_2.jpg?v=1738245459&width=3000,-,Organic Boxy Crop Tee - Red Tangerine,https://colorfulstandard.com/fr-fr/products/organic-boxy-crop-tee-red-tangerine,T-shirt,F,"[54.11764705882353, 63.0, 37.0]"
1150,https://colorfulstandard.com/cdn/shop/files/CS2057_OrganicBoxyCropTee-PetrolBlue_2.jpg?v=1738245441&width=3000,-,Organic Boxy Crop Tee - Petrol Blue,https://colorfulstandard.com/fr-fr/products/organic-boxy-crop-tee-petrol-blue,T-shirt,F,"[27.450980392156865, 1.0, -13.0]"
1151,https://colorfulstandard.com/cdn/shop/files/CS2057_OrganicBoxyCropTee-PetrolBlue_2.jpg?v=1738245441&width=3000,-,Organic Boxy Crop Tee - Petrol Blue,https://colorfulstandard.com/fr-fr/products/organic-boxy-crop-tee-petrol-blue,T-shirt,F,"[23.137254901960784, 1.0, -12.0]"
1152,https://colorfulstandard.com/cdn/shop/files/CS2057_OrganicBoxyCropTee-MarineBlue_2.jpg?v=1738245319&width=3000,-,Organic Boxy Crop Tee - Marine Blue,https://colorfulstandard.com/fr-fr/products/organic-boxy-crop-tee-marine-blue,T-shirt,F,"[19.607843137254903, 8.0, -21.0]"
1153,https://colorfulstandard.com/cdn/shop/files/CS2057_OrganicBoxyCropTee-CherryBlossom_2.jpg?v=1738245185&width=3000,-,Organic Boxy Crop Tee - Cherry Blossom,https://colorfulstandard.com/fr-fr/products/organic-boxy-crop-tee-cherry-blossom,T-shirt,F,"[77.25490196078432, 24.0, -3.0]"
1154,https://colorfulstandard.com/cdn/shop/files/CS2057_OrganicBoxyCropTee-BubblegumPink_2.jpg?v=1738245119&width=3000,-,Organic Boxy Crop Tee - Bubblegum Pink,https://colorfulstandard.com/fr-fr/products/organic-boxy-crop-tee-bubblegum-pink,T-shirt,F,"[60.78431372549019, 64.0, 9.0]"
1155,https://colorfulstandard.com/cdn/shop/files/CS1011_Female_OrganicSweatpants-CherryBlossom_2_20389ab5-73ba-4980-8946-32ec4d668cae.jpg?v=1738227380&width=3000,-,Organic Sweatpants - Cherry Blossom,https://colorfulstandard.com/fr-fr/products/organic-sweatpants-cherry-blossom-1,Jogging,F,"[76.86274509803923, 23.0, -3.0]"
1156,https://colorfulstandard.com/cdn/shop/files/CS1011_Female_OrganicSweatpants-CherryBlossom_2_20389ab5-73ba-4980-8946-32ec4d668cae.jpg?v=1738227380&width=3000,-,Organic Sweatpants - Cherry Blossom,https://colorfulstandard.com/fr-fr/products/organic-sweatpants-cherry-blossom-1,Jogging,F,"[71.76470588235294, 24.0, -3.0]"
1157,https://colorfulstandard.com/cdn/shop/files/CS2051_Female_WomenLightOrganicTee-MidnightForest_1_3ec6873e-7a19-4462-8229-53ef3e2fb63f.jpg?v=1696508040&width=1600,-,Women Light Organic Tee - Midnight Forest,https://colorfulstandard.com/fr-fr/products/women-light-organic-tee-women-t-shirt-midnight-forest-female,T-shirt,F,"[33.33333333333333, -6.0, 4.0]"
1158,https://colorfulstandard.com/cdn/shop/files/CS1012_Female_OrganicOversizedCrew-FadedGrey_2.jpg?v=1738230293&width=3000,-,Organic Oversized Crew - Faded Grey,https://colorfulstandard.com/fr-fr/products/organic-oversized-crew-faded-grey-female,Pull,F,"[80.7843137254902, 0.0, 2.0]"
1159,https://colorfulstandard.com/cdn/shop/files/CS1012_Female_OrganicOversizedCrew-FadedGrey_2.jpg?v=1738230293&width=3000,-,Organic Oversized Crew - Faded Grey,https://colorfulstandard.com/fr-fr/products/organic-oversized-crew-faded-grey-female,Pull,F,"[74.50980392156863, 0.0, 2.0]"
1160,https://colorfulstandard.com/cdn/shop/files/CS5081_Female_MerinoWoolBeanie-PurpleHaze_2.jpg?v=1738154408&width=3000,-,Merino Wool Beanie - Purple Haze,https://colorfulstandard.com/fr-fr/products/merino-wool-beanie-beanie-purple-haze-female,Bonnet,F,"[65.88235294117646, 15.0, -15.0]"
1161,https://colorfulstandard.com/cdn/shop/files/CS5088_Female_OversizedMerinoWoolCrew-HeatherGrey_2.jpg?v=1738226850&width=3000,-,Oversized Merino Wool Crew - Heather Grey,https://colorfulstandard.com/fr-fr/products/oversized-merino-wool-crew-heather-grey-female,Pull,F,"[61.568627450980394, 1.0, -2.0]"
1162,https://colorfulstandard.com/cdn/shop/files/CS5088_Female_OversizedMerinoWoolCrew-HeatherGrey_2.jpg?v=1738226850&width=3000,-,Oversized Merino Wool Crew - Heather Grey,https://colorfulstandard.com/fr-fr/products/oversized-merino-wool-crew-heather-grey-female,Pull,F,"[75.68627450980392, 1.0, -2.0]"
1163,https://colorfulstandard.com/cdn/shop/files/CS5088_Female_OversizedMerinoWoolCrew-HeatherGrey_2.jpg?v=1738226850&width=3000,-,Oversized Merino Wool Crew - Heather Grey,https://colorfulstandard.com/fr-fr/products/oversized-merino-wool-crew-heather-grey-female,Pull,F,"[45.88235294117647, 1.0, -3.0]"
1164,https://colorfulstandard.com/cdn/shop/products/Women_Light_Organic_Tee-Women_T-shirt-CS2051-Faded_Black.jpg?v=1664676622&width=1560,-,Women Light Organic Tee - Faded Black,https://colorfulstandard.com/fr-fr/products/women-light-organic-tee-women-t-shirt-faded-black-female,T-shirt,F,"[20.0, 2.0, -1.0]"
1165,https://colorfulstandard.com/cdn/shop/files/CS1007_Female_ClassicOrganicZipHood-FadedBlack_2.jpg?v=1738228760&width=3000,-,Classic Organic Zip Hood - Faded Black,https://colorfulstandard.com/fr-fr/products/classic-organic-zip-hood-zip-hoodie-faded-black-female,Hoodie,F,"[25.49019607843137, 0.0, 0.0]"
1166,https://colorfulstandard.com/cdn/shop/files/CS1007_Female_ClassicOrganicZipHood-FadedBlack_2.jpg?v=1738228760&width=3000,-,Classic Organic Zip Hood - Faded Black,https://colorfulstandard.com/fr-fr/products/classic-organic-zip-hood-zip-hoodie-faded-black-female,Hoodie,F,"[30.58823529411765, 0.0, 0.0]"
1167,https://colorfulstandard.com/cdn/shop/files/CS1012_Female_OrganicOversizedCrew-PineGreen_2.jpg?v=1738230612&width=3000,-,Organic Oversized Crew - Pine Green,https://colorfulstandard.com/fr-fr/products/organic-oversized-crew-oversized-crew-pine-green-female,Pull,F,"[42.35294117647059, -19.0, -2.0]"
1168,https://colorfulstandard.com/cdn/shop/files/CS1012_Female_OrganicOversizedCrew-PineGreen_2.jpg?v=1738230612&width=3000,-,Organic Oversized Crew - Pine Green,https://colorfulstandard.com/fr-fr/products/organic-oversized-crew-oversized-crew-pine-green-female,Pull,F,"[37.254901960784316, -19.0, -2.0]"
1169,https://colorfulstandard.com/cdn/shop/files/CS1015_Female_OrganicOversizedHood-CoffeeBrown_2_8be6cc03-ee46-4f9e-80d0-ec74becd9b68.jpg?v=1738157249&width=3000,-,Organic Oversized Hood - Coffee Brown,https://colorfulstandard.com/fr-fr/products/organic-oversized-hood-coffee-brown-female,Hoodie,F,"[16.862745098039216, 5.0, 5.0]"
1170,https://colorfulstandard.com/cdn/shop/files/CS1015_Female_OrganicOversizedHood-CoffeeBrown_2_8be6cc03-ee46-4f9e-80d0-ec74becd9b68.jpg?v=1738157249&width=3000,-,Organic Oversized Hood - Coffee Brown,https://colorfulstandard.com/fr-fr/products/organic-oversized-hood-coffee-brown-female,Hoodie,F,"[14.901960784313726, 4.0, 4.0]"
1171,https://colorfulstandard.com/cdn/shop/files/CS1014_Female_OrganicQuarterZip-DeepBlack_2_1dbeaf54-e260-461e-a572-238d0849b574.jpg?v=1738333076&width=3000,-,Organic Quarter Zip - Deep Black,https://colorfulstandard.com/fr-fr/products/organic-quarter-zip-quarter-zip-deep-black-female,Pull,F,"[12.941176470588237, 1.0, -2.0]"
1172,https://colorfulstandard.com/cdn/shop/files/CS5085_Male_MerinoWoolHat-OxbloodRed_2.jpg?v=1738184101&width=3000,-,Merino Wool Hat - Oxblood Red,https://colorfulstandard.com/fr-fr/products/merino-wool-hat-beanie-oxblood-red-female,Chapeau,F,"[16.862745098039216, 24.0, 3.0]"
1173,https://colorfulstandard.com/cdn/shop/files/CS5085_Male_MerinoWoolHat-OxbloodRed_2.jpg?v=1738184101&width=3000,-,Merino Wool Hat - Oxblood Red,https://colorfulstandard.com/fr-fr/products/merino-wool-hat-beanie-oxblood-red-female,Chapeau,F,"[8.235294117647058, 20.0, 4.0]"
1174,https://colorfulstandard.com/cdn/shop/files/CS1011_Female_OrganicSweatpants-PolarBlue_2.jpg?v=1738227950&width=3000,-,Organic Sweatpants - Polar Blue,https://colorfulstandard.com/fr-fr/products/organic-sweatpants-pants-polar-blue-female,Jogging,F,"[89.01960784313725, -3.0, -9.0]"
1175,https://colorfulstandard.com/cdn/shop/files/CS1011_Female_OrganicSweatpants-PolarBlue_2.jpg?v=1738227950&width=3000,-,Organic Sweatpants - Polar Blue,https://colorfulstandard.com/fr-fr/products/organic-sweatpants-pants-polar-blue-female,Jogging,F,"[86.27450980392157, -3.0, -9.0]"
1176,https://colorfulstandard.com/cdn/shop/files/CS1012_Female_OrganicOversizedCrew-SpringGreen_2.jpg?v=1738230832&width=3000,-,Organic Oversized Crew - Spring Green,https://colorfulstandard.com/fr-fr/products/organic-oversized-crew-spring-green-female,Pull,F,"[78.82352941176471, -35.0, 12.0]"
1177,https://colorfulstandard.com/cdn/shop/files/CS1012_Female_OrganicOversizedCrew-SpringGreen_2.jpg?v=1738230832&width=3000,-,Organic Oversized Crew - Spring Green,https://colorfulstandard.com/fr-fr/products/organic-oversized-crew-spring-green-female,Pull,F,"[72.15686274509804, -35.0, 13.0]"
1178,https://colorfulstandard.com/cdn/shop/files/CS1012_Female_OrganicOversizedCrew-PacificBlue_2.jpg?v=1738230568&width=3000,-,Organic Oversized Crew - Pacific Blue,https://colorfulstandard.com/fr-fr/products/organic-oversized-crew-pacific-blue-female,Pull,F,"[57.647058823529406, -1.0, -49.0]"
1179,https://colorfulstandard.com/cdn/shop/files/CS1012_Female_OrganicOversizedCrew-PacificBlue_2.jpg?v=1738230568&width=3000,-,Organic Oversized Crew - Pacific Blue,https://colorfulstandard.com/fr-fr/products/organic-oversized-crew-pacific-blue-female,Pull,F,"[52.94117647058824, 1.0, -49.0]"
1180,https://colorfulstandard.com/cdn/shop/files/CS1012_Female_OrganicOversizedCrew-OceanGreen_2.jpg?v=1738230511&width=3000,-,Organic Oversized Crew - Ocean Green,https://colorfulstandard.com/fr-fr/products/organic-oversized-crew-ocean-green-female,Pull,F,"[26.27450980392157, -10.0, -9.0]"
1181,https://colorfulstandard.com/cdn/shop/files/CS1012_Female_OrganicOversizedCrew-OceanGreen_2.jpg?v=1738230511&width=3000,-,Organic Oversized Crew - Ocean Green,https://colorfulstandard.com/fr-fr/products/organic-oversized-crew-ocean-green-female,Pull,F,"[22.35294117647059, -10.0, -8.0]"
1182,https://colorfulstandard.com/cdn/shop/files/CS1012_Female_OrganicOversizedCrew-KellyGreen_2.jpg?v=1738230370&width=3000,-,Organic Oversized Crew - Kelly Green,https://colorfulstandard.com/fr-fr/products/organic-oversized-crew-kelly-green-female,Pull,F,"[51.37254901960784, -45.0, 24.0]"
1183,https://colorfulstandard.com/cdn/shop/files/CS1012_Female_OrganicOversizedCrew-KellyGreen_2.jpg?v=1738230370&width=3000,-,Organic Oversized Crew - Kelly Green,https://colorfulstandard.com/fr-fr/products/organic-oversized-crew-kelly-green-female,Pull,F,"[45.490196078431374, -43.0, 24.0]"
1184,https://colorfulstandard.com/cdn/shop/files/CS1007_Female_ClassicOrganicZipHood-IvoryWhite_2.jpg?v=1738228922&width=3000,-,Classic Organic Zip Hood - Ivory White,https://colorfulstandard.com/fr-fr/products/classic-organic-zip-hood-zip-hoodie-ivory-white-female,Hoodie,F,"[89.80392156862746, -1.0, 9.0]"
1185,https://colorfulstandard.com/cdn/shop/files/CS1007_Female_ClassicOrganicZipHood-IvoryWhite_2.jpg?v=1738228922&width=3000,-,Classic Organic Zip Hood - Ivory White,https://colorfulstandard.com/fr-fr/products/classic-organic-zip-hood-zip-hoodie-ivory-white-female,Hoodie,F,"[82.35294117647058, 0.0, 9.0]"
1186,https://colorfulstandard.com/cdn/shop/products/Women_Light_Organic_Tee-Women_T-shirt-CS2051-Steel_Blue.jpg?v=1639446408&width=1560,-,Women Light Organic Tee - Steel Blue,https://colorfulstandard.com/fr-fr/products/women-light-organic-tee-women-t-shirt-steel-blue-female,T-shirt,F,"[67.05882352941175, -5.0, -2.0]"
1187,https://colorfulstandard.com/cdn/shop/files/CS2052_Female_WomenClassicOrganicCrew-SteelBlue_2.jpg?v=1738229192&width=3000,-,Women Classic Organic Crew - Steel Blue,https://colorfulstandard.com/fr-fr/products/women-classic-organic-crew-women-crewneck-steel-blue-female,Pull,F,"[69.80392156862744, -3.0, 7.0]"
1188,https://colorfulstandard.com/cdn/shop/files/CS2052_Female_WomenClassicOrganicCrew-SnowMelange_2.jpg?v=1738229219&width=3000,-,Women Classic Organic Crew - Snow Melange,https://colorfulstandard.com/fr-fr/products/women-classic-organic-crew-women-crewneck-snow-melange-female,Pull,F,"[89.01960784313725, -1.0, -1.0]"
1189,https://colorfulstandard.com/cdn/shop/files/CS2052_Female_WomenClassicOrganicCrew-SnowMelange_2.jpg?v=1738229219&width=3000,-,Women Classic Organic Crew - Snow Melange,https://colorfulstandard.com/fr-fr/products/women-classic-organic-crew-women-crewneck-snow-melange-female,Pull,F,"[92.54901960784314, 0.0, -1.0]"
1190,https://colorfulstandard.com/cdn/shop/files/CS5081_Female_MerinoWoolBeanie-NavyBlue_2.jpg?v=1738154101&width=3000,-,Merino Wool Beanie - Navy Blue,https://colorfulstandard.com/fr-fr/products/merino-wool-beanie-beanie-navy-blue-female,Bonnet,F,"[9.019607843137255, 5.0, -12.0]"
1191,https://colorfulstandard.com/cdn/shop/files/CS5081_Male_MerinoWoolBeanie-IvoryWhite_2.jpg?v=1738231008&width=3000,-,Merino Wool Beanie - Ivory White,https://colorfulstandard.com/fr-fr/products/merino-wool-beanie-beanie-ivory-white-female,Bonnet,F,"[88.23529411764706, 2.0, 12.0]"
1192,https://colorfulstandard.com/cdn/shop/files/CS5081_Male_MerinoWoolBeanie-IvoryWhite_2.jpg?v=1738231008&width=3000,-,Merino Wool Beanie - Ivory White,https://colorfulstandard.com/fr-fr/products/merino-wool-beanie-beanie-ivory-white-female,Bonnet,F,"[83.13725490196079, 3.0, 13.0]"
1193,https://colorfulstandard.com/cdn/shop/files/CS2052_Female_WomenClassicOrganicCrew-UltraViolet_2.jpg?v=1738229125&width=3000,-,Women Classic Organic Crew - Ultra Violet,https://colorfulstandard.com/fr-fr/products/women-classic-organic-crew-women-crewneck-ultra-violet-female,Pull,F,"[54.90196078431373, 31.0, -41.0]"
1194,https://colorfulstandard.com/cdn/shop/files/CS2052_Female_WomenClassicOrganicCrew-UltraViolet_2.jpg?v=1738229125&width=3000,-,Women Classic Organic Crew - Ultra Violet,https://colorfulstandard.com/fr-fr/products/women-classic-organic-crew-women-crewneck-ultra-violet-female,Pull,F,"[45.09803921568628, 30.0, -40.0]"
1195,https://colorfulstandard.com/cdn/shop/files/CS2052_Female_WomenClassicOrganicCrew-LavaGrey_2.jpg?v=1738229388&width=3000,-,Women Classic Organic Crew - Lava Grey,https://colorfulstandard.com/fr-fr/products/women-classic-organic-crew-women-crewneck-lava-grey-female,Pull,F,"[32.94117647058823, 3.0, 0.0]"
1196,https://colorfulstandard.com/cdn/shop/files/CS2052_Female_WomenClassicOrganicCrew-LavaGrey_2.jpg?v=1738229388&width=3000,-,Women Classic Organic Crew - Lava Grey,https://colorfulstandard.com/fr-fr/products/women-classic-organic-crew-women-crewneck-lava-grey-female,Pull,F,"[23.92156862745098, 3.0, 0.0]"
1197,https://colorfulstandard.com/cdn/shop/files/CS2052_Female_WomenClassicOrganicCrew-IvoryWhite_2.jpg?v=1738229401&width=3000,-,Women Classic Organic Crew - Ivory White,https://colorfulstandard.com/fr-fr/products/women-classic-organic-crew-women-crewneck-ivory-white-female,Pull,F,"[91.37254901960785, 2.0, 10.0]"
1198,https://colorfulstandard.com/cdn/shop/files/CS2052_Female_WomenClassicOrganicCrew-IvoryWhite_2.jpg?v=1738229401&width=3000,-,Women Classic Organic Crew - Ivory White,https://colorfulstandard.com/fr-fr/products/women-classic-organic-crew-women-crewneck-ivory-white-female,Pull,F,"[86.66666666666667, 2.0, 11.0]"
1199,https://colorfulstandard.com/cdn/shop/files/CS2052_Female_WomenClassicOrganicCrew-CoffeeBrown_2_bde38813-8815-4eb6-81f3-c78140401363.jpg?v=1738334192&width=3000,-,Women Classic Organic Crew - Coffee Brown,https://colorfulstandard.com/fr-fr/products/women-classic-organic-crew-women-crewneck-coffee-brown-female,Pull,F,"[16.07843137254902, 5.0, 4.0]"
1200,https://colorfulstandard.com/cdn/shop/products/Women_Light_Organic_Tee-Women_T-shirt-CS2051-Polar_Blue.jpg?v=1664771824&width=1560,-,Women Light Organic Tee - Polar Blue,https://colorfulstandard.com/fr-fr/products/women-light-organic-tee-women-t-shirt-polar-blue-female,T-shirt,F,"[86.27450980392157, -2.0, -11.0]"
1201,https://colorfulstandard.com/cdn/shop/products/Women_Light_Organic_Tee-Women_T-shirt-CS2051-Faded_Pink.jpg?v=1664771722&width=1560,-,Women Light Organic Tee - Faded Pink,https://colorfulstandard.com/fr-fr/products/women-light-organic-tee-women-t-shirt-faded-pink-female,T-shirt,F,"[78.82352941176471, 11.0, 2.0]"
1202,https://colorfulstandard.com/cdn/shop/products/Women_Light_Organic_Tee-Women_T-shirt-CS2051-Dusty_Olive.jpg?v=1664771702&width=1560,-,Women Light Organic Tee - Dusty Olive,https://colorfulstandard.com/fr-fr/products/women-light-organic-tee-women-t-shirt-dusty-olive-female,T-shirt,F,"[45.490196078431374, -3.0, 7.0]"
1203,https://colorfulstandard.com/cdn/shop/files/CS2057_OrganicBoxyCropTee-EmeraldGreen_2.jpg?v=1738245215&width=3000,-,Organic Boxy Crop Tee - Emerald Green,https://colorfulstandard.com/fr-fr/products/organic-boxy-crop-tee-emerald-green,T-shirt,F,"[24.313725490196077, -12.0, 3.0]"
1204,https://colorfulstandard.com/cdn/shop/files/CS2057_OrganicBoxyCropTee-EmeraldGreen_2.jpg?v=1738245215&width=3000,-,Organic Boxy Crop Tee - Emerald Green,https://colorfulstandard.com/fr-fr/products/organic-boxy-crop-tee-emerald-green,T-shirt,F,"[20.784313725490197, -12.0, 3.0]"
1205,https://colorfulstandard.com/cdn/shop/files/CS2057_OrganicBoxyCropTee-BurnedYellow_2.jpg?v=1738245178&width=3000,-,Organic Boxy Crop Tee - Burned Yellow,https://colorfulstandard.com/fr-fr/products/organic-boxy-crop-tee-burned-yellow,T-shirt,F,"[76.07843137254902, 14.0, 59.0]"
1206,https://colorfulstandard.com/cdn/shop/files/CS5081_Female_MerinoWoolBeanie-MarineBlue_2.jpg?v=1738154089&width=3000,-,Merino Wool Beanie - Marine Blue,https://colorfulstandard.com/fr-fr/products/merino-wool-beanie-beanie-marine-blue-female,Bonnet,F,"[15.686274509803921, 7.0, -19.0]"
1207,https://colorfulstandard.com/cdn/shop/files/CS5081_Female_MerinoWoolBeanie-MarineBlue_2.jpg?v=1738154089&width=3000,-,Merino Wool Beanie - Marine Blue,https://colorfulstandard.com/fr-fr/products/merino-wool-beanie-beanie-marine-blue-female,Bonnet,F,"[9.411764705882353, 5.0, -16.0]"
1208,https://colorfulstandard.com/cdn/shop/files/CS2051_Female_WomenLightOrganicTee-SapphireBlue_1.jpg?v=1716907844&width=3000,-,Women Light Organic Tee - Sapphire Blue,https://colorfulstandard.com/fr-fr/products/women-light-organic-tee-women-t-shirt-sapphire-blue-female,T-shirt,F,"[43.529411764705884, 24.0, -60.0]"
1209,https://colorfulstandard.com/cdn/shop/files/CS2051_Female_WomenLightOrganicTee-MistyBrown_1.jpg?v=1716907477&width=3000,-,Women Light Organic Tee - Misty Brown,https://colorfulstandard.com/fr-fr/products/women-light-organic-tee-women-t-shirt-misty-brown-female,T-shirt,F,"[50.98039215686274, 1.0, 5.0]"
1210,https://colorfulstandard.com/cdn/shop/files/CS2051_Female_WomenLightOrganicTee-MistyBrown_1.jpg?v=1716907477&width=3000,-,Women Light Organic Tee - Misty Brown,https://colorfulstandard.com/fr-fr/products/women-light-organic-tee-women-t-shirt-misty-brown-female,T-shirt,F,"[42.745098039215684, 1.0, 5.0]"
1211,https://colorfulstandard.com/cdn/shop/files/CS1012_Female_OrganicOversizedCrew-MistyBrown_2.jpg?v=1738230449&width=3000,-,Organic Oversized Crew - Misty Brown,https://colorfulstandard.com/fr-fr/products/organic-oversized-crew-misty-brown-female,Pull,F,"[51.76470588235295, 1.0, 6.0]"
1212,https://colorfulstandard.com/cdn/shop/files/CS1012_Female_OrganicOversizedCrew-MistyBrown_2.jpg?v=1738230449&width=3000,-,Organic Oversized Crew - Misty Brown,https://colorfulstandard.com/fr-fr/products/organic-oversized-crew-misty-brown-female,Pull,F,"[43.529411764705884, 1.0, 6.0]"
1213,https://colorfulstandard.com/cdn/shop/files/CS1014_Female_OrganicQuarterZip-MagentaBlaze_2.jpg?v=1738154564&width=3000,-,Organic Quarter Zip - Magenta Blaze,https://colorfulstandard.com/fr-fr/products/organic-quarter-zip-quarter-zip-magenta-blaze-female,Pull,F,"[52.54901960784314, 62.0, -9.0]"
1214,https://colorfulstandard.com/cdn/shop/files/CS1015_Female_OrganicOversizedHood-MagentaBlaze_2.jpg?v=1738157525&width=3000,-,Organic Oversized Hood - Magenta Blaze,https://colorfulstandard.com/fr-fr/products/organic-oversized-hood-magenta-blaze-female,Hoodie,F,"[52.94117647058824, 62.0, -9.0]"
1215,https://colorfulstandard.com/cdn/shop/files/CS1015_Female_OrganicOversizedHood-MagentaBlaze_2.jpg?v=1738157525&width=3000,-,Organic Oversized Hood - Magenta Blaze,https://colorfulstandard.com/fr-fr/products/organic-oversized-hood-magenta-blaze-female,Hoodie,F,"[48.627450980392155, 61.0, -7.0]"
1216,https://colorfulstandard.com/cdn/shop/files/CS2057_OrganicBoxyCropTee-TropicalSea_2.jpg?v=1738245530&width=3000,-,Organic Boxy Crop Tee - Tropical Sea,https://colorfulstandard.com/fr-fr/products/organic-boxy-crop-tee-tropical-sea,T-shirt,F,"[67.05882352941175, -41.0, -4.0]"
1217,https://colorfulstandard.com/cdn/shop/files/CS4008_Female_WorkwearJacket-PacificBlue_2.jpg?v=1738231087&width=3000,-,Organic Workwear Jacket - Pacific Blue,https://colorfulstandard.com/fr-fr/products/organic-workwear-jacket-pacific-blue-1,Veste,F,"[50.98039215686274, 5.0, -51.0]"
1218,https://colorfulstandard.com/cdn/shop/files/CS4008_Female_WorkwearJacket-PacificBlue_2.jpg?v=1738231087&width=3000,-,Organic Workwear Jacket - Pacific Blue,https://colorfulstandard.com/fr-fr/products/organic-workwear-jacket-pacific-blue-1,Veste,F,"[43.92156862745098, 9.0, -50.0]"
1219,https://colorfulstandard.com/cdn/shop/files/CS2051_Female_WomenLightOrganicTee-RedTangerine_1.jpg?v=1702564337&width=1600,-,Women Light Organic Tee - Red Tangerine,https://colorfulstandard.com/fr-fr/products/women-light-organic-tee-red-tangerine,T-shirt,F,"[56.470588235294116, 62.0, 28.0]"
1220,https://colorfulstandard.com/cdn/shop/files/CS1015_Female_OrganicOversizedHood-CherryBlossom_2.jpg?v=1738157064&width=3000,-,Organic Oversized Hood - Cherry Blossom,https://colorfulstandard.com/fr-fr/products/organic-oversized-hood-cherry-blossom-1,Hoodie,F,"[78.82352941176471, 23.0, -4.0]"
1221,https://colorfulstandard.com/cdn/shop/files/CS1015_Female_OrganicOversizedHood-CherryBlossom_2.jpg?v=1738157064&width=3000,-,Organic Oversized Hood - Cherry Blossom,https://colorfulstandard.com/fr-fr/products/organic-oversized-hood-cherry-blossom-1,Hoodie,F,"[73.33333333333333, 23.0, -3.0]"
1222,https://colorfulstandard.com/cdn/shop/files/CS1014_Female_OrganicQuarterZip-MarineBlue_2.jpg?v=1738154596&width=3000,-,Organic Quarter Zip - Marine Blue,https://colorfulstandard.com/fr-fr/products/organic-quarter-zip-marine-blue-1,Pull,F,"[20.0, 8.0, -21.0]"
1223,https://colorfulstandard.com/cdn/shop/files/CS1012_Female_OrganicOversizedCrew-CherryBlossom_2.jpg?v=1738230222&width=3000,-,Organic Oversized Crew - Cherry Blossom,https://colorfulstandard.com/fr-fr/products/organic-oversized-crew-cherry-blossom,Pull,F,"[74.90196078431373, 23.0, -3.0]"
1224,https://colorfulstandard.com/cdn/shop/files/CS1012_Female_OrganicOversizedCrew-CherryBlossom_2.jpg?v=1738230222&width=3000,-,Organic Oversized Crew - Cherry Blossom,https://colorfulstandard.com/fr-fr/products/organic-oversized-crew-cherry-blossom,Pull,F,"[80.3921568627451, 21.0, -3.0]"
1225,https://colorfulstandard.com/cdn/shop/files/CS1014_Female_OrganicQuarterZip-SeasideBlue_2.jpg?v=1738155196&width=3000,-,Organic Quarter Zip - Seaside Blue,https://colorfulstandard.com/fr-fr/products/organic-quarter-zip-quarter-zip-seaside-blue-female,Pull,F,"[72.15686274509804, -5.0, -17.0]"
1226,https://colorfulstandard.com/cdn/shop/files/CS1014_Female_OrganicQuarterZip-SeasideBlue_2.jpg?v=1738155196&width=3000,-,Organic Quarter Zip - Seaside Blue,https://colorfulstandard.com/fr-fr/products/organic-quarter-zip-quarter-zip-seaside-blue-female,Pull,F,"[66.66666666666666, -5.0, -17.0]"
1227,https://colorfulstandard.com/cdn/shop/files/CS1015_Female_OrganicOversizedHood-NeptuneBlue_2.jpg?v=1738157617&width=3000,-,Organic Oversized Hood - Neptune Blue,https://colorfulstandard.com/fr-fr/products/organic-oversized-hood-neptune-blue-female,Hoodie,F,"[35.68627450980392, 2.0, -16.0]"
1228,https://colorfulstandard.com/cdn/shop/files/CS1015_Female_OrganicOversizedHood-NeptuneBlue_2.jpg?v=1738157617&width=3000,-,Organic Oversized Hood - Neptune Blue,https://colorfulstandard.com/fr-fr/products/organic-oversized-hood-neptune-blue-female,Hoodie,F,"[41.568627450980394, 2.0, -15.0]"
1229,https://colorfulstandard.com/cdn/shop/files/CS2052_Female_WomenClassicOrganicCrew-FadedBlack_2.jpg?v=1738229439&width=3000,-,Women Classic Organic Crew - Faded Black,https://colorfulstandard.com/fr-fr/products/women-classic-organic-crew-women-crewneck-faded-black-female,Pull,F,"[27.450980392156865, 0.0, 0.0]"
1230,https://colorfulstandard.com/cdn/shop/files/CS2052_Female_WomenClassicOrganicCrew-FadedBlack_2.jpg?v=1738229439&width=3000,-,Women Classic Organic Crew - Faded Black,https://colorfulstandard.com/fr-fr/products/women-classic-organic-crew-women-crewneck-faded-black-female,Pull,F,"[21.568627450980394, 0.0, 0.0]"
1231,https://colorfulstandard.com/cdn/shop/files/CS1006_Female_ClassicOrganicHood-FadedBlack_2.jpg?v=1738226277&width=3000,-,Classic Organic Hood - Faded Black,https://colorfulstandard.com/fr-fr/products/classic-organic-hood-hoodie-faded-black-female,Hoodie,F,"[29.80392156862745, 0.0, 0.0]"
1232,https://colorfulstandard.com/cdn/shop/files/CS1014_Female_OrganicQuarterZip-PineGreen_2.jpg?v=1738154892&width=3000,-,Organic Quarter Zip - Pine Green,https://colorfulstandard.com/fr-fr/products/organic-quarter-zip-quarter-zip-pine-green-female,Pull,F,"[42.745098039215684, -20.0, -2.0]"
1233,https://colorfulstandard.com/cdn/shop/files/CS1015_Female_OrganicOversizedHood-SoftLavender_2.jpg?v=1738158289&width=3000,-,Organic Oversized Hood - Soft Lavender,https://colorfulstandard.com/fr-fr/products/organic-oversized-hood-soft-lavender-female,Hoodie,F,"[84.70588235294117, 6.0, -14.0]"
1234,https://colorfulstandard.com/cdn/shop/files/CS1015_Female_OrganicOversizedHood-SnowMelange_2.jpg?v=1738158267&width=3000,-,Organic Oversized Hood - Snow Melange,https://colorfulstandard.com/fr-fr/products/organic-oversized-hood-snow-melange-female,Hoodie,F,"[89.01960784313725, 0.0, 0.0]"
1235,https://colorfulstandard.com/cdn/shop/files/CS1015_Female_OrganicOversizedHood-PolarBlue_2.jpg?v=1738157784&width=3000,-,Organic Oversized Hood - Polar Blue,https://colorfulstandard.com/fr-fr/products/organic-oversized-hood-polar-blue-female,Hoodie,F,"[89.41176470588236, -3.0, -8.0]"
1236,https://colorfulstandard.com/cdn/shop/files/CS1015_Female_OrganicOversizedHood-PetrolBlue_2.jpg?v=1738157747&width=3000,-,Organic Oversized Hood - Petrol Blue,https://colorfulstandard.com/fr-fr/products/organic-oversized-hood-petrol-blue-female,Hoodie,F,"[25.098039215686274, 2.0, -12.0]"
1237,https://colorfulstandard.com/cdn/shop/files/CS1015_Female_OrganicOversizedHood-PetrolBlue_2.jpg?v=1738157747&width=3000,-,Organic Oversized Hood - Petrol Blue,https://colorfulstandard.com/fr-fr/products/organic-oversized-hood-petrol-blue-female,Hoodie,F,"[28.235294117647058, 1.0, -12.0]"
1238,https://colorfulstandard.com/cdn/shop/files/CS1015_Female_OrganicOversizedHood-PacificBlue_2.jpg?v=1738157709&width=3000,-,Organic Oversized Hood - Pacific Blue,https://colorfulstandard.com/fr-fr/products/organic-oversized-hood-pacific-blue-female,Hoodie,F,"[57.647058823529406, -1.0, -49.0]"
1239,https://colorfulstandard.com/cdn/shop/files/CS1015_Female_OrganicOversizedHood-OysterGrey_2.jpg?v=1738157688&width=3000,-,Organic Oversized Hood - Oyster Grey,https://colorfulstandard.com/fr-fr/products/organic-oversized-hood-oyster-grey-female,Hoodie,F,"[76.86274509803923, 5.0, 15.0]"
1240,https://colorfulstandard.com/cdn/shop/files/CS1015_Female_OrganicOversizedHood-LavaGrey_2.jpg?v=1738157480&width=3000,-,Organic Oversized Hood - Lava Grey,https://colorfulstandard.com/fr-fr/products/organic-oversized-hood-lava-grey-female,Hoodie,F,"[27.450980392156865, 3.0, 0.0]"
1241,https://colorfulstandard.com/cdn/shop/files/CS1015_Female_OrganicOversizedHood-LavaGrey_2.jpg?v=1738157480&width=3000,-,Organic Oversized Hood - Lava Grey,https://colorfulstandard.com/fr-fr/products/organic-oversized-hood-lava-grey-female,Hoodie,F,"[32.94117647058823, 3.0, 0.0]"
1242,https://colorfulstandard.com/cdn/shop/files/CS1015_Female_OrganicOversizedHood-IvoryWhite_2.jpg?v=1738157443&width=3000,-,Organic Oversized Hood - Ivory White,https://colorfulstandard.com/fr-fr/products/organic-oversized-hood-ivory-white-female,Hoodie,F,"[90.19607843137256, 3.0, 11.0]"
1243,https://colorfulstandard.com/cdn/shop/files/CS1015_Female_OrganicOversizedHood-HunterGreen_2.jpg?v=1738157410&width=3000,-,Organic Oversized Hood - Hunter Green,https://colorfulstandard.com/fr-fr/products/organic-oversized-hood-hunter-green-female,Hoodie,F,"[16.862745098039216, -3.0, 4.0]"
1244,https://colorfulstandard.com/cdn/shop/files/CS1015_Female_OrganicOversizedHood-HeatherGrey_2.jpg?v=1738157391&width=3000,-,Organic Oversized Hood - Heather Grey,https://colorfulstandard.com/fr-fr/products/organic-oversized-hood-heather-grey-female,Hoodie,F,"[70.19607843137254, 1.0, 1.0]"
1245,https://colorfulstandard.com/cdn/shop/files/CS1015_Female_OrganicOversizedHood-HeatherGrey_2.jpg?v=1738157391&width=3000,-,Organic Oversized Hood - Heather Grey,https://colorfulstandard.com/fr-fr/products/organic-oversized-hood-heather-grey-female,Hoodie,F,"[75.68627450980392, 1.0, 1.0]"
1246,https://colorfulstandard.com/cdn/shop/files/CS1015_Female_OrganicOversizedHood-DustyOlive_2.jpg?v=1738157281&width=3000,-,Organic Oversized Hood - Dusty Olive,https://colorfulstandard.com/fr-fr/products/organic-oversized-hood-dusty-olive-female,Hoodie,F,"[41.96078431372549, -1.0, 13.0]"
1247,https://colorfulstandard.com/cdn/shop/files/CS1015_Female_OrganicOversizedHood-DustyOlive_2.jpg?v=1738157281&width=3000,-,Organic Oversized Hood - Dusty Olive,https://colorfulstandard.com/fr-fr/products/organic-oversized-hood-dusty-olive-female,Hoodie,F,"[45.490196078431374, -1.0, 13.0]"
1248,https://colorfulstandard.com/cdn/shop/files/CS1007_Female_ClassicOrganicZipHood-PurpleHaze_2.jpg?v=1738229216&width=3000,-,Classic Organic Zip Hood - Purple Haze,https://colorfulstandard.com/fr-fr/products/classic-organic-zip-hood-zip-hoodie-purple-haze-female,Hoodie,F,"[57.647058823529406, 8.0, -4.0]"
1249,https://colorfulstandard.com/cdn/shop/files/CS1007_Female_ClassicOrganicZipHood-PurpleHaze_2.jpg?v=1738229216&width=3000,-,Classic Organic Zip Hood - Purple Haze,https://colorfulstandard.com/fr-fr/products/classic-organic-zip-hood-zip-hoodie-purple-haze-female,Hoodie,F,"[51.37254901960784, 7.0, -4.0]"
1250,https://colorfulstandard.com/cdn/shop/files/CS1014_Female_OrganicQuarterZip-SnowMelange_2.jpg?v=1738155212&width=3000,-,Organic Quarter Zip - Snow Melange,https://colorfulstandard.com/fr-fr/products/organic-quarter-zip-quarter-zip-snow-melange-female,Pull,F,"[90.58823529411765, -1.0, 0.0]"
1251,https://colorfulstandard.com/cdn/shop/files/CS1014_Female_OrganicQuarterZip-SnowMelange_2.jpg?v=1738155212&width=3000,-,Organic Quarter Zip - Snow Melange,https://colorfulstandard.com/fr-fr/products/organic-quarter-zip-quarter-zip-snow-melange-female,Pull,F,"[86.66666666666667, -1.0, 0.0]"
1252,https://colorfulstandard.com/cdn/shop/files/CS1014_Female_OrganicQuarterZip-PetrolBlue_2.jpg?v=1738154871&width=3000,-,Organic Quarter Zip - Petrol Blue,https://colorfulstandard.com/fr-fr/products/organic-quarter-zip-quarter-zip-petrol-blue-female,Pull,F,"[26.666666666666668, 1.0, -12.0]"
1253,https://colorfulstandard.com/cdn/shop/files/CS1014_Female_OrganicQuarterZip-HunterGreen_2_9e66a222-6836-4e9d-9c43-ddf83b52f2c0.jpg?v=1738333083&width=3000,-,Organic Quarter Zip - Hunter Green,https://colorfulstandard.com/fr-fr/products/organic-quarter-zip-quarter-zip-hunter-green-female,Pull,F,"[19.607843137254903, -4.0, 4.0]"
1254,https://colorfulstandard.com/cdn/shop/files/CS1014_Female_OrganicQuarterZip-HeatherGrey_2.jpg?v=1738154372&width=3000,-,Organic Quarter Zip - Heather Grey,https://colorfulstandard.com/fr-fr/products/organic-quarter-zip-quarter-zip-heather-grey-female,Pull,F,"[75.29411764705883, -2.0, 3.0]"
1255,https://colorfulstandard.com/cdn/shop/files/CS1014_Female_OrganicQuarterZip-HeatherGrey_2.jpg?v=1738154372&width=3000,-,Organic Quarter Zip - Heather Grey,https://colorfulstandard.com/fr-fr/products/organic-quarter-zip-quarter-zip-heather-grey-female,Pull,F,"[81.56862745098039, -2.0, 3.0]"
1256,https://colorfulstandard.com/cdn/shop/files/CS1014_Female_OrganicQuarterZip-FadedPink_2.jpg?v=1738154291&width=3000,-,Organic Quarter Zip - Faded Pink,https://colorfulstandard.com/fr-fr/products/organic-quarter-zip-quarter-zip-faded-pink-female,Pull,F,"[86.66666666666667, 11.0, 7.0]"
1257,https://colorfulstandard.com/cdn/shop/files/CS1014_Female_OrganicQuarterZip-DustyOlive_2.jpg?v=1738154170&width=3000,-,Organic Quarter Zip - Dusty Olive,https://colorfulstandard.com/fr-fr/products/organic-quarter-zip-quarter-zip-dusty-olive-female,Pull,F,"[44.70588235294118, -1.0, 13.0]"
1258,https://colorfulstandard.com/cdn/shop/files/CS5081_Female_MerinoWoolBeanie-WarmTaupe_2.jpg?v=1738154602&width=3000,-,Merino Wool Beanie - Warm Taupe,https://colorfulstandard.com/fr-fr/products/merino-wool-beanie-beanie-warm-taupe-female,Bonnet,F,"[50.98039215686274, 5.0, 11.0]"
1259,https://colorfulstandard.com/cdn/shop/files/CS5081_Female_MerinoWoolBeanie-WarmTaupe_2.jpg?v=1738154602&width=3000,-,Merino Wool Beanie - Warm Taupe,https://colorfulstandard.com/fr-fr/products/merino-wool-beanie-beanie-warm-taupe-female,Bonnet,F,"[35.294117647058826, 4.0, 11.0]"
1260,https://colorfulstandard.com/cdn/shop/files/CS5085_Male_MerinoWoolHat-IvoryWhite_2.jpg?v=1738183891&width=3000,-,Merino Wool Hat - Ivory White,https://colorfulstandard.com/fr-fr/products/merino-wool-hat-beanie-ivory-white-female,Chapeau,F,"[89.01960784313725, 2.0, 12.0]"
1261,https://colorfulstandard.com/cdn/shop/files/CS5085_Male_MerinoWoolHat-IvoryWhite_2.jpg?v=1738183891&width=3000,-,Merino Wool Hat - Ivory White,https://colorfulstandard.com/fr-fr/products/merino-wool-hat-beanie-ivory-white-female,Chapeau,F,"[83.13725490196079, 2.0, 14.0]"
1262,https://colorfulstandard.com/cdn/shop/files/CS1011_Female_OrganicSweatpants-LimestoneGrey_2.jpg?v=1738227704&width=3000,-,Organic Sweatpants - Limestone Grey,https://colorfulstandard.com/fr-fr/products/organic-sweatpants-pants-limestone-grey-female,Jogging,F,"[83.52941176470588, -1.0, 2.0]"
1263,https://colorfulstandard.com/cdn/shop/files/CS1011_Female_OrganicSweatpants-LimestoneGrey_2.jpg?v=1738227704&width=3000,-,Organic Sweatpants - Limestone Grey,https://colorfulstandard.com/fr-fr/products/organic-sweatpants-pants-limestone-grey-female,Jogging,F,"[78.43137254901961, -1.0, 2.0]"
1264,https://colorfulstandard.com/cdn/shop/files/CS1011_Female_OrganicSweatpants-FadedPink_2.jpg?v=1738227565&width=3000,-,Organic Sweatpants - Faded Pink,https://colorfulstandard.com/fr-fr/products/organic-sweatpants-pants-faded-pink-female,Jogging,F,"[84.70588235294117, 12.0, 8.0]"
1265,https://colorfulstandard.com/cdn/shop/files/CS1011_Female_OrganicSweatpants-FadedPink_2.jpg?v=1738227565&width=3000,-,Organic Sweatpants - Faded Pink,https://colorfulstandard.com/fr-fr/products/organic-sweatpants-pants-faded-pink-female,Jogging,F,"[80.0, 13.0, 8.0]"
1266,https://colorfulstandard.com/cdn/shop/files/CS1012_Female_OrganicOversizedCrew-LavaGrey_2.jpg?v=1738230384&width=3000,-,Organic Oversized Crew - Lava Grey,https://colorfulstandard.com/fr-fr/products/organic-oversized-crew-lava-grey-female,Pull,F,"[31.372549019607842, 3.0, 0.0]"
1267,https://colorfulstandard.com/cdn/shop/files/CS1012_Female_OrganicOversizedCrew-LavaGrey_2.jpg?v=1738230384&width=3000,-,Organic Oversized Crew - Lava Grey,https://colorfulstandard.com/fr-fr/products/organic-oversized-crew-lava-grey-female,Pull,F,"[22.35294117647059, 3.0, -1.0]"
1268,https://colorfulstandard.com/cdn/shop/files/CS1012_Female_OrganicOversizedCrew-DustyOlive_2.jpg?v=1738230265&width=3000,-,Organic Oversized Crew - Dusty Olive,https://colorfulstandard.com/fr-fr/products/organic-oversized-crew-dusty-olive-female,Pull,F,"[43.92156862745098, -1.0, 13.0]"
1269,https://colorfulstandard.com/cdn/shop/files/CS1012_Female_OrganicOversizedCrew-DustyOlive_2.jpg?v=1738230265&width=3000,-,Organic Oversized Crew - Dusty Olive,https://colorfulstandard.com/fr-fr/products/organic-oversized-crew-dusty-olive-female,Pull,F,"[38.82352941176471, -1.0, 12.0]"
1270,https://colorfulstandard.com/cdn/shop/products/Women_Light_Organic_Tee-Women_T-shirt-CS2051-Pacific_Blue.jpg?v=1635698159&width=1560,-,Women Light Organic Tee - Pacific Blue,https://colorfulstandard.com/fr-fr/products/women-light-organic-tee-women-t-shirt-pacific-blue-female,T-shirt,F,"[48.23529411764706, 11.0, -58.0]"
1271,https://colorfulstandard.com/cdn/shop/files/Women_Light_Organic_Tee-Women_T-shirt-CS2051-Bubblegum_Pink.jpg?v=1692955938&width=1600,-,Women Light Organic Tee - Bubblegum Pink,https://colorfulstandard.com/fr-fr/products/women-light-organic-tee-women-t-shirt-bubblegum-pink-female,T-shirt,F,"[54.509803921568626, 54.0, -1.0]"
1272,https://colorfulstandard.com/cdn/shop/files/Women_Light_Organic_Tee-Women_T-shirt-CS2051-Bubblegum_Pink.jpg?v=1692955938&width=1600,-,Women Light Organic Tee - Bubblegum Pink,https://colorfulstandard.com/fr-fr/products/women-light-organic-tee-women-t-shirt-bubblegum-pink-female,T-shirt,F,"[51.37254901960784, 58.0, 1.0]"
1273,https://colorfulstandard.com/cdn/shop/files/CS5081_Female_MerinoWoolBeanie-StoneBlue_2.jpg?v=1738154574&width=3000,-,Merino Wool Beanie - Stone Blue,https://colorfulstandard.com/fr-fr/products/merino-wool-beanie-beanie-stone-blue-female,Bonnet,F,"[62.745098039215684, -6.0, -6.0]"
1274,https://colorfulstandard.com/cdn/shop/files/CS5081_Female_MerinoWoolBeanie-StoneBlue_2.jpg?v=1738154574&width=3000,-,Merino Wool Beanie - Stone Blue,https://colorfulstandard.com/fr-fr/products/merino-wool-beanie-beanie-stone-blue-female,Bonnet,F,"[71.37254901960785, -5.0, -5.0]"
1275,https://colorfulstandard.com/cdn/shop/files/CS5081_Female_MerinoWoolBeanie-LavaGrey_2.jpg?v=1738154010&width=3000,-,Merino Wool Beanie - Lava Grey,https://colorfulstandard.com/fr-fr/products/merino-wool-beanie-beanie-lava-grey-female,Bonnet,F,"[30.19607843137255, 1.0, 0.0]"
1276,https://colorfulstandard.com/cdn/shop/files/CS5081_Female_MerinoWoolBeanie-LavaGrey_2.jpg?v=1738154010&width=3000,-,Merino Wool Beanie - Lava Grey,https://colorfulstandard.com/fr-fr/products/merino-wool-beanie-beanie-lava-grey-female,Bonnet,F,"[17.647058823529413, 2.0, 0.0]"
1277,https://colorfulstandard.com/cdn/shop/files/CS5081_Female_MerinoWoolBeanie-HeatherGrey_2.jpg?v=1738153920&width=3000,-,Merino Wool Beanie - Heather Grey,https://colorfulstandard.com/fr-fr/products/merino-wool-beanie-beanie-heather-grey-female,Bonnet,F,"[78.03921568627452, 0.0, -1.0]"
1278,https://colorfulstandard.com/cdn/shop/files/CS5081_Female_MerinoWoolBeanie-HeatherGrey_2.jpg?v=1738153920&width=3000,-,Merino Wool Beanie - Heather Grey,https://colorfulstandard.com/fr-fr/products/merino-wool-beanie-beanie-heather-grey-female,Bonnet,F,"[68.23529411764706, 1.0, -2.0]"
1279,https://colorfulstandard.com/cdn/shop/files/CS5081_Female_MerinoWoolBeanie-FadedPink_2.jpg?v=1738153895&width=3000,-,Merino Wool Beanie - Faded Pink,https://colorfulstandard.com/fr-fr/products/merino-wool-beanie-beanie-faded-pink-female,Bonnet,F,"[87.45098039215686, 11.0, 3.0]"
1280,https://colorfulstandard.com/cdn/shop/files/CS5081_Female_MerinoWoolBeanie-FadedPink_2.jpg?v=1738153895&width=3000,-,Merino Wool Beanie - Faded Pink,https://colorfulstandard.com/fr-fr/products/merino-wool-beanie-beanie-faded-pink-female,Bonnet,F,"[80.0, 15.0, 4.0]"
1281,https://colorfulstandard.com/cdn/shop/files/CS1006_Female_ClassicOrganicHood-SoftLavender_2.jpg?v=1738226954&width=3000,-,Classic Organic Hood - Soft Lavender,https://colorfulstandard.com/fr-fr/products/classic-organic-hood-hoodie-soft-lavender-female,Hoodie,F,"[86.27450980392157, 4.0, -9.0]"
1282,https://colorfulstandard.com/cdn/shop/files/CS1006_Female_ClassicOrganicHood-SoftLavender_2.jpg?v=1738226954&width=3000,-,Classic Organic Hood - Soft Lavender,https://colorfulstandard.com/fr-fr/products/classic-organic-hood-hoodie-soft-lavender-female,Hoodie,F,"[81.17647058823529, 5.0, -10.0]"
1283,https://colorfulstandard.com/cdn/shop/files/CS1006_Female_ClassicOrganicHood-OxbloodRed_2_291c7d3d-421d-4f7f-8dac-d6e7291ee7f2.jpg?v=1738329653&width=3000,-,Classic Organic Hood - Oxblood Red,https://colorfulstandard.com/fr-fr/products/classic-organic-hood-hoodie-oxblood-red-female,Hoodie,F,"[23.137254901960784, 10.0, 2.0]"
1284,https://colorfulstandard.com/cdn/shop/files/CS2052_Female_WomenClassicOrganicCrew-PetrolBlue_2.jpg?v=1738229302&width=3000,-,Women Classic Organic Crew - Petrol Blue,https://colorfulstandard.com/fr-fr/products/women-classic-organic-crew-women-crewneck-petrol-blue-female,Pull,F,"[28.235294117647058, 1.0, -13.0]"
1285,https://colorfulstandard.com/cdn/shop/files/CS2052_Female_WomenClassicOrganicCrew-PetrolBlue_2.jpg?v=1738229302&width=3000,-,Women Classic Organic Crew - Petrol Blue,https://colorfulstandard.com/fr-fr/products/women-classic-organic-crew-women-crewneck-petrol-blue-female,Pull,F,"[23.52941176470588, 1.0, -12.0]"
1286,https://colorfulstandard.com/cdn/shop/files/CS2052_Female_WomenClassicOrganicCrew-OxbloodRed_2_4c5795f2-1b78-46d6-a6f1-bb5d574b7677.jpg?v=1738334235&width=3000,-,Women Classic Organic Crew - Oxblood Red,https://colorfulstandard.com/fr-fr/products/women-classic-organic-crew-women-crewneck-oxblood-red-female,Pull,F,"[16.07843137254902, 14.0, 1.0]"
1287,https://colorfulstandard.com/cdn/shop/files/CS2052_Female_WomenClassicOrganicCrew-HunterGreen_2_dadc3fe7-7588-4835-8c3e-0509476be91b.jpg?v=1738334212&width=3000,-,Women Classic Organic Crew - Hunter Green,https://colorfulstandard.com/fr-fr/products/women-classic-organic-crew-women-crewneck-hunter-green-female,Pull,F,"[22.745098039215687, -5.0, 5.0]"
1288,https://colorfulstandard.com/cdn/shop/files/CS2052_Female_WomenClassicOrganicCrew-HunterGreen_2_dadc3fe7-7588-4835-8c3e-0509476be91b.jpg?v=1738334212&width=3000,-,Women Classic Organic Crew - Hunter Green,https://colorfulstandard.com/fr-fr/products/women-classic-organic-crew-women-crewneck-hunter-green-female,Pull,F,"[20.0, -5.0, 5.0]"
1289,https://colorfulstandard.com/cdn/shop/files/CS2052_Female_WomenClassicOrganicCrew-HeatherGrey_2_9203155e-265f-4030-bc4a-253feecaf8f9.jpg?v=1738233335&width=3000,-,Women Classic Organic Crew - Heather Grey,https://colorfulstandard.com/fr-fr/products/women-classic-organic-crew-women-crewneck-heather-grey-female,Pull,F,"[75.29411764705883, -1.0, 2.0]"
1290,https://colorfulstandard.com/cdn/shop/files/CS2052_Female_WomenClassicOrganicCrew-HeatherGrey_2_9203155e-265f-4030-bc4a-253feecaf8f9.jpg?v=1738233335&width=3000,-,Women Classic Organic Crew - Heather Grey,https://colorfulstandard.com/fr-fr/products/women-classic-organic-crew-women-crewneck-heather-grey-female,Pull,F,"[82.35294117647058, -1.0, 1.0]"
1291,https://colorfulstandard.com/cdn/shop/files/CS2052_Female_WomenClassicOrganicCrew-DeepBlack_2_9eccb445-35d8-402d-be54-6d6e01dee144.jpg?v=1738334204&width=3000,-,Women Classic Organic Crew - Deep Black,https://colorfulstandard.com/fr-fr/products/women-classic-organic-crew-women-crewneck-deep-black-female,Pull,F,"[13.725490196078432, 0.0, 0.0]"
1292,https://colorfulstandard.com/cdn/shop/files/CS2052_Female_WomenClassicOrganicCrew-DeepBlack_2_9eccb445-35d8-402d-be54-6d6e01dee144.jpg?v=1738334204&width=3000,-,Women Classic Organic Crew - Deep Black,https://colorfulstandard.com/fr-fr/products/women-classic-organic-crew-women-crewneck-deep-black-female,Pull,F,"[10.588235294117647, 0.0, 0.0]"
1293,https://colorfulstandard.com/cdn/shop/products/Women_Light_Organic_Tee-Women_T-shirt-CS2051-Heather_Grey_bf3f4f4c-e10b-41f1-bdf8-077537541792.jpg?v=1635698011&width=1560,-,Women Light Organic Tee - Heather Grey,https://colorfulstandard.com/fr-fr/products/women-light-organic-tee-women-t-shirt-heather-grey-female,T-shirt,F,"[72.54901960784314, 0.0, 0.0]"
1294,https://colorfulstandard.com/cdn/shop/products/Women_Light_Organic_Tee-Women_T-shirt-CS2051-Heather_Grey_bf3f4f4c-e10b-41f1-bdf8-077537541792.jpg?v=1635698011&width=1560,-,Women Light Organic Tee - Heather Grey,https://colorfulstandard.com/fr-fr/products/women-light-organic-tee-women-t-shirt-heather-grey-female,T-shirt,F,"[67.05882352941175, 0.0, 0.0]"
1295,https://colorfulstandard.com/cdn/shop/products/Women_Light_Organic_Tee-Women_T-shirt-CS2051-Emerald_Green.jpg?v=1664771706&width=1560,-,Women Light Organic Tee - Emerald Green,https://colorfulstandard.com/fr-fr/products/women-light-organic-tee-women-t-shirt-emerald-green-female,T-shirt,F,"[27.84313725490196, -10.0, 2.0]"
1296,https://colorfulstandard.com/cdn/shop/products/Women_Light_Organic_Tee-Women_T-shirt-CS2051-Coffee_Brown.jpg?v=1664771679&width=1560,-,Women Light Organic Tee - Coffee Brown,https://colorfulstandard.com/fr-fr/products/women-light-organic-tee-women-t-shirt-coffee-brown-female,T-shirt,F,"[27.058823529411764, 8.0, 7.0]"
1297,https://colorfulstandard.com/cdn/shop/files/CS1007_Female_ClassicOrganicZipHood-PetrolBlue_2.jpg?v=1738229174&width=3000,-,Classic Organic Zip Hood - Petrol Blue,https://colorfulstandard.com/fr-fr/products/classic-organic-zip-hood-zip-hoodie-petrol-blue-female,Hoodie,F,"[33.33333333333333, -1.0, -12.0]"
1298,https://colorfulstandard.com/cdn/shop/files/CS1007_Female_ClassicOrganicZipHood-PetrolBlue_2.jpg?v=1738229174&width=3000,-,Classic Organic Zip Hood - Petrol Blue,https://colorfulstandard.com/fr-fr/products/classic-organic-zip-hood-zip-hoodie-petrol-blue-female,Hoodie,F,"[27.450980392156865, -1.0, -12.0]"
1299,https://colorfulstandard.com/cdn/shop/files/CS2057_OrganicBoxyCropTee-OxbloodRed_2.jpg?v=1738245356&width=3000,-,Organic Boxy Crop Tee - Oxblood Red,https://colorfulstandard.com/fr-fr/products/organic-boxy-crop-tee-oxblood-red,T-shirt,F,"[13.725490196078432, 14.0, 1.0]"
1300,https://colorfulstandard.com/cdn/shop/files/CS2057_OrganicBoxyCropTee-FadedGrey_2.jpg?v=1738245229&width=3000,-,Organic Boxy Crop Tee - Faded Grey,https://colorfulstandard.com/fr-fr/products/organic-boxy-crop-tee-faded-grey,T-shirt,F,"[80.3921568627451, -1.0, -1.0]"
1301,https://colorfulstandard.com/cdn/shop/files/CS2057_OrganicBoxyCropTee-FadedGrey_2.jpg?v=1738245229&width=3000,-,Organic Boxy Crop Tee - Faded Grey,https://colorfulstandard.com/fr-fr/products/organic-boxy-crop-tee-faded-grey,T-shirt,F,"[75.29411764705883, -1.0, -1.0]"
1302,https://colorfulstandard.com/cdn/shop/files/CS2057_OrganicBoxyCropTee-SteelBlue_2.jpg?v=1738245519&width=3000,-,Organic Boxy Crop Tee - Steel Blue,https://colorfulstandard.com/fr-fr/products/organic-boxy-crop-tee-steel-blue,T-shirt,F,"[66.66666666666666, -3.0, -2.0]"
1303,https://colorfulstandard.com/cdn/shop/files/CS2057_OrganicBoxyCropTee-NeptuneBlue_2.jpg?v=1738245338&width=3000,-,Organic Boxy Crop Tee - Neptune Blue,https://colorfulstandard.com/fr-fr/products/organic-boxy-crop-tee-neptune-blue,T-shirt,F,"[34.11764705882353, 0.0, -11.0]"
1304,https://colorfulstandard.com/cdn/shop/files/CS2057_OrganicBoxyCropTee-NeptuneBlue_2.jpg?v=1738245338&width=3000,-,Organic Boxy Crop Tee - Neptune Blue,https://colorfulstandard.com/fr-fr/products/organic-boxy-crop-tee-neptune-blue,T-shirt,F,"[30.58823529411765, 1.0, -10.0]"
1305,https://colorfulstandard.com/cdn/shop/files/CS2057_OrganicBoxyCropTee-OceanGreen_2.jpg?v=1738245344&width=3000,-,Organic Boxy Crop Tee - Ocean Green,https://colorfulstandard.com/fr-fr/products/organic-boxy-crop-tee-ocean-green,T-shirt,F,"[26.666666666666668, -11.0, -9.0]"
1306,https://colorfulstandard.com/cdn/shop/files/CS1015_Female_OrganicOversizedHood-UltraViolet_2.jpg?v=1738158414&width=3000,-,Organic Oversized Hood - Ultra Violet,https://colorfulstandard.com/fr-fr/products/organic-oversized-hood-ultra-violet-female,Hoodie,F,"[54.509803921568626, 31.0, -41.0]"
1307,https://colorfulstandard.com/cdn/shop/files/CS1015_Female_OrganicOversizedHood-UltraViolet_2.jpg?v=1738158414&width=3000,-,Organic Oversized Hood - Ultra Violet,https://colorfulstandard.com/fr-fr/products/organic-oversized-hood-ultra-violet-female,Hoodie,F,"[49.01960784313725, 31.0, -41.0]"
1308,https://colorfulstandard.com/cdn/shop/files/CS1014_Female_OrganicQuarterZip-EmeraldGreen_2.jpg?v=1738154206&width=3000,-,Organic Quarter Zip - Emerald Green,https://colorfulstandard.com/fr-fr/products/organic-quarter-zip-quarter-zip-emerald-green-female,Pull,F,"[23.52941176470588, -12.0, 3.0]"
1309,https://colorfulstandard.com/cdn/shop/files/CS5085_Male_MerinoWoolHat-MagentaBlaze_2.jpg?v=1738183996&width=3000,-,Merino Wool Hat - Magenta Blaze,https://colorfulstandard.com/fr-fr/products/merino-wool-hat-beanie-magenta-blaze-female,Chapeau,F,"[42.745098039215684, 54.0, -21.0]"
1310,https://colorfulstandard.com/cdn/shop/files/CS5085_Male_MerinoWoolHat-MagentaBlaze_2.jpg?v=1738183996&width=3000,-,Merino Wool Hat - Magenta Blaze,https://colorfulstandard.com/fr-fr/products/merino-wool-hat-beanie-magenta-blaze-female,Chapeau,F,"[30.19607843137255, 46.0, -17.0]"
1311,https://colorfulstandard.com/cdn/shop/files/CS2057_OrganicBoxyCropTee-NavyBlue_2.jpg?v=1738245332&width=3000,-,Organic Boxy Crop Tee - Navy Blue,https://colorfulstandard.com/fr-fr/products/organic-boxy-crop-tee-navy-blue,T-shirt,F,"[12.549019607843137, 1.0, -11.0]"
1312,https://colorfulstandard.com/cdn/shop/files/CS2057_OrganicBoxyCropTee-CoffeeBrown_2.jpg?v=1738245192&width=3000,-,Organic Boxy Crop Tee - Coffee Brown,https://colorfulstandard.com/fr-fr/products/organic-boxy-crop-tee-coffee-brown,T-shirt,F,"[16.07843137254902, 6.0, 4.0]"
1313,https://colorfulstandard.com/cdn/shop/files/CS4008_Female_WorkwearJacket-NavyBlue_2.jpg?v=1738229879&width=3000,-,Organic Workwear Jacket - Navy Blue,https://colorfulstandard.com/fr-fr/products/organic-workwear-jacket-navy-blue-1,Veste,F,"[18.03921568627451, -1.0, -9.0]"
1314,https://colorfulstandard.com/cdn/shop/files/CS2052_Female_WomenClassicOrganicCrew-CherryBlossom_2.jpg?v=1738229485&width=3000,-,Women Classic Organic Crew - Cherry Blossom,https://colorfulstandard.com/fr-fr/products/women-classic-organic-crew-cherry-blossom,Pull,F,"[75.68627450980392, 23.0, -3.0]"
1315,https://colorfulstandard.com/cdn/shop/files/CS2052_Female_WomenClassicOrganicCrew-CherryBlossom_2.jpg?v=1738229485&width=3000,-,Women Classic Organic Crew - Cherry Blossom,https://colorfulstandard.com/fr-fr/products/women-classic-organic-crew-cherry-blossom,Pull,F,"[81.96078431372548, 20.0, -3.0]"
1316,https://colorfulstandard.com/cdn/shop/files/CS2051_Female_WomenLightOrganicTee-CherryBlossom_1.jpg?v=1702559948&width=1600,-,Women Light Organic Tee - Cherry Blossom,https://colorfulstandard.com/fr-fr/products/women-light-organic-tee-cherry-blossom,T-shirt,F,"[78.03921568627452, 22.0, -12.0]"
1317,https://colorfulstandard.com/cdn/shop/files/CS1012_Female_OrganicOversizedCrew-TropicalSea_2.jpg?v=1738230895&width=3000,-,Organic Oversized Crew - Tropical Sea,https://colorfulstandard.com/fr-fr/products/organic-oversized-crew-tropical-sea-1,Pull,F,"[66.66666666666666, -41.0, -4.0]"
1318,https://colorfulstandard.com/cdn/shop/files/CS1011_Female_OrganicSweatpants-RedTangerine_2.jpg?v=1738228029&width=3000,-,Organic Sweatpants - Red Tangerine,https://colorfulstandard.com/fr-fr/products/organic-sweatpants-red-tangerine-1,Jogging,F,"[52.94117647058824, 63.0, 37.0]"
1319,https://colorfulstandard.com/cdn/shop/files/CS1012_Female_OrganicOversizedCrew-PurpleJade_2.jpg?v=1738230662&width=3000,-,Organic Oversized Crew - Purple Jade,https://colorfulstandard.com/fr-fr/products/organic-oversized-crew-purple-jade-female,Pull,F,"[62.745098039215684, 10.0, -12.0]"
1320,https://colorfulstandard.com/cdn/shop/files/CS1012_Female_OrganicOversizedCrew-PurpleJade_2.jpg?v=1738230662&width=3000,-,Organic Oversized Crew - Purple Jade,https://colorfulstandard.com/fr-fr/products/organic-oversized-crew-purple-jade-female,Pull,F,"[55.294117647058826, 10.0, -12.0]"
1321,https://colorfulstandard.com/cdn/shop/files/CS1015_Female_OrganicOversizedHood-SeasideBlue_2.jpg?v=1738158251&width=3000,-,Organic Oversized Hood - Seaside Blue,https://colorfulstandard.com/fr-fr/products/organic-oversized-hood-seaside-blue-female,Hoodie,F,"[71.37254901960785, -5.0, -18.0]"
1322,https://colorfulstandard.com/cdn/shop/files/CS1015_Female_OrganicOversizedHood-SeasideBlue_2.jpg?v=1738158251&width=3000,-,Organic Oversized Hood - Seaside Blue,https://colorfulstandard.com/fr-fr/products/organic-oversized-hood-seaside-blue-female,Hoodie,F,"[67.45098039215686, -5.0, -18.0]"
1323,https://colorfulstandard.com/cdn/shop/files/CS5088_Female_OversizedMerinoWoolCrew-LavaGrey_2.jpg?v=1738226871&width=3000,-,Oversized Merino Wool Crew - Lava Grey,https://colorfulstandard.com/fr-fr/products/oversized-merino-wool-crew-lava-grey-female,Pull,F,"[32.94117647058823, 1.0, 0.0]"
1324,https://colorfulstandard.com/cdn/shop/files/CS5088_Female_OversizedMerinoWoolCrew-LavaGrey_2.jpg?v=1738226871&width=3000,-,Oversized Merino Wool Crew - Lava Grey,https://colorfulstandard.com/fr-fr/products/oversized-merino-wool-crew-lava-grey-female,Pull,F,"[21.568627450980394, 2.0, 0.0]"
1325,https://colorfulstandard.com/cdn/shop/files/CS5088_Female_OversizedMerinoWoolCrew-IvoryWhite_2.jpg?v=1738226862&width=3000,-,Oversized Merino Wool Crew - Ivory White,https://colorfulstandard.com/fr-fr/products/oversized-merino-wool-crew-ivory-white-female,Pull,F,"[75.68627450980392, 5.0, 12.0]"
1326,https://colorfulstandard.com/cdn/shop/files/CS5088_Female_OversizedMerinoWoolCrew-IvoryWhite_2.jpg?v=1738226862&width=3000,-,Oversized Merino Wool Crew - Ivory White,https://colorfulstandard.com/fr-fr/products/oversized-merino-wool-crew-ivory-white-female,Pull,F,"[83.13725490196079, 4.0, 12.0]"
1327,https://colorfulstandard.com/cdn/shop/files/CS5088_Female_OversizedMerinoWoolCrew-DustyOlive_2.jpg?v=1738226838&width=3000,-,Oversized Merino Wool Crew - Dusty Olive,https://colorfulstandard.com/fr-fr/products/oversized-merino-wool-crew-dusty-olive-female,Pull,F,"[45.09803921568628, -5.0, 7.0]"
1328,https://colorfulstandard.com/cdn/shop/files/CS5088_Female_OversizedMerinoWoolCrew-DustyOlive_2.jpg?v=1738226838&width=3000,-,Oversized Merino Wool Crew - Dusty Olive,https://colorfulstandard.com/fr-fr/products/oversized-merino-wool-crew-dusty-olive-female,Pull,F,"[32.15686274509804, -4.0, 6.0]"
1329,https://colorfulstandard.com/cdn/shop/files/CS1011_Female_OrganicSweatpants-PineGreen_2.jpg?v=1738227936&width=3000,-,Organic Sweatpants - Pine Green,https://colorfulstandard.com/fr-fr/products/organic-sweatpants-pants-pine-green-female,Jogging,F,"[40.78431372549019, -19.0, -2.0]"
1330,https://colorfulstandard.com/cdn/shop/files/CS1015_Female_OrganicOversizedHood-SteelBlue_2.jpg?v=1738158343&width=3000,-,Organic Oversized Hood - Steel Blue,https://colorfulstandard.com/fr-fr/products/organic-oversized-hood-steel-blue-female,Hoodie,F,"[69.80392156862744, -3.0, 7.0]"
1331,https://colorfulstandard.com/cdn/shop/files/CS1015_Female_OrganicOversizedHood-SteelBlue_2.jpg?v=1738158343&width=3000,-,Organic Oversized Hood - Steel Blue,https://colorfulstandard.com/fr-fr/products/organic-oversized-hood-steel-blue-female,Hoodie,F,"[65.09803921568627, -3.0, 7.0]"
1332,https://colorfulstandard.com/cdn/shop/files/CS1015_Female_OrganicOversizedHood-SpringGreen_2.jpg?v=1738158325&width=3000,-,Organic Oversized Hood - Spring Green,https://colorfulstandard.com/fr-fr/products/organic-oversized-hood-spring-green-female,Hoodie,F,"[80.0, -35.0, 13.0]"
1333,https://colorfulstandard.com/cdn/shop/files/CS1015_Female_OrganicOversizedHood-SpringGreen_2.jpg?v=1738158325&width=3000,-,Organic Oversized Hood - Spring Green,https://colorfulstandard.com/fr-fr/products/organic-oversized-hood-spring-green-female,Hoodie,F,"[74.50980392156863, -35.0, 13.0]"
1334,https://colorfulstandard.com/cdn/shop/files/CS1015_Female_OrganicOversizedHood-SaharaCamel_2.jpg?v=1738158110&width=3000,-,Organic Oversized Hood - Sahara Camel,https://colorfulstandard.com/fr-fr/products/organic-oversized-hood-sahara-camel-female,Hoodie,F,"[45.88235294117647, 13.0, 24.0]"
1335,https://colorfulstandard.com/cdn/shop/files/CS1015_Female_OrganicOversizedHood-SaharaCamel_2.jpg?v=1738158110&width=3000,-,Organic Oversized Hood - Sahara Camel,https://colorfulstandard.com/fr-fr/products/organic-oversized-hood-sahara-camel-female,Hoodie,F,"[42.35294117647059, 14.0, 24.0]"
1336,https://colorfulstandard.com/cdn/shop/files/CS1015_Female_OrganicOversizedHood-PurpleHaze_2.jpg?v=1738157804&width=3000,-,Organic Oversized Hood - Purple Haze,https://colorfulstandard.com/fr-fr/products/organic-oversized-hood-purple-haze-female,Hoodie,F,"[61.96078431372549, 8.0, -5.0]"
1337,https://colorfulstandard.com/cdn/shop/files/CS1015_Female_OrganicOversizedHood-PurpleHaze_2.jpg?v=1738157804&width=3000,-,Organic Oversized Hood - Purple Haze,https://colorfulstandard.com/fr-fr/products/organic-oversized-hood-purple-haze-female,Hoodie,F,"[56.86274509803921, 8.0, -5.0]"
1338,https://colorfulstandard.com/cdn/shop/files/CS1015_Female_OrganicOversizedHood-OpticalWhite_2.jpg?v=1738157652&width=3000,-,Organic Oversized Hood - Optical White,https://colorfulstandard.com/fr-fr/products/organic-oversized-hood-optical-white-female,Hoodie,F,"[95.68627450980392, 1.0, -1.0]"
1339,https://colorfulstandard.com/cdn/shop/files/CS1015_Female_OrganicOversizedHood-NavyBlue_2.jpg?v=1738157595&width=3000,-,Organic Oversized Hood - Navy Blue,https://colorfulstandard.com/fr-fr/products/organic-oversized-hood-navy-blue-female,Hoodie,F,"[12.549019607843137, 1.0, -11.0]"
1340,https://colorfulstandard.com/cdn/shop/files/CS1015_Female_OrganicOversizedHood-KellyGreen_2.jpg?v=1738157462&width=3000,-,Organic Oversized Hood - Kelly Green,https://colorfulstandard.com/fr-fr/products/organic-oversized-hood-kelly-green-female,Hoodie,F,"[52.156862745098046, -46.0, 24.0]"
1341,https://colorfulstandard.com/cdn/shop/files/CS1015_Female_OrganicOversizedHood-KellyGreen_2.jpg?v=1738157462&width=3000,-,Organic Oversized Hood - Kelly Green,https://colorfulstandard.com/fr-fr/products/organic-oversized-hood-kelly-green-female,Hoodie,F,"[48.627450980392155, -44.0, 24.0]"
1342,https://colorfulstandard.com/cdn/shop/files/CS1015_Female_OrganicOversizedHood-FadedPink_2.jpg?v=1738157364&width=3000,-,Organic Oversized Hood - Faded Pink,https://colorfulstandard.com/fr-fr/products/organic-oversized-hood-faded-pink-female,Hoodie,F,"[85.49019607843137, 12.0, 8.0]"
1343,https://colorfulstandard.com/cdn/shop/files/CS1003_Female_OversizedOrganicLST-shirt-SteelBlue_2.jpg?v=1738163142&width=3000,-,Oversized Organic LS T-Shirt - Steel Blue,https://colorfulstandard.com/fr-fr/products/oversized-organic-ls-t-shirt-long-sleeve-t-shirt-steel-blue-female,T-shirt,F,"[66.27450980392156, -3.0, -2.0]"
1344,https://colorfulstandard.com/cdn/shop/files/CS1012_Female_OrganicOversizedCrew-CedarBrown_2.jpg?v=1738230209&width=3000,-,Organic Oversized Crew - Cedar Brown,https://colorfulstandard.com/fr-fr/products/organic-oversized-crew-cedar-brown-female,Pull,F,"[45.490196078431374, 7.0, 12.0]"
1345,https://colorfulstandard.com/cdn/shop/files/CS1012_Female_OrganicOversizedCrew-CedarBrown_2.jpg?v=1738230209&width=3000,-,Organic Oversized Crew - Cedar Brown,https://colorfulstandard.com/fr-fr/products/organic-oversized-crew-cedar-brown-female,Pull,F,"[36.86274509803922, 7.0, 12.0]"
1346,https://colorfulstandard.com/cdn/shop/files/CS1014_Female_OrganicQuarterZip-SoftLavender_2.jpg?v=1738155239&width=3000,-,Organic Quarter Zip - Soft Lavender,https://colorfulstandard.com/fr-fr/products/organic-quarter-zip-quarter-zip-soft-lavender-female,Pull,F,"[85.88235294117646, 5.0, -13.0]"
1347,https://colorfulstandard.com/cdn/shop/files/CS1014_Female_OrganicQuarterZip-PolarBlue_2.jpg?v=1738154909&width=3000,-,Organic Quarter Zip - Polar Blue,https://colorfulstandard.com/fr-fr/products/organic-quarter-zip-quarter-zip-polar-blue-female,Pull,F,"[89.80392156862746, -2.0, -8.0]"
1348,https://colorfulstandard.com/cdn/shop/files/CS1014_Female_OrganicQuarterZip-PacificBlue_2.jpg?v=1738154851&width=3000,-,Organic Quarter Zip - Pacific Blue,https://colorfulstandard.com/fr-fr/products/organic-quarter-zip-quarter-zip-pacific-blue-female,Pull,F,"[58.03921568627452, -2.0, -49.0]"
1349,https://colorfulstandard.com/cdn/shop/files/CS1014_Female_OrganicQuarterZip-KellyGreen_2.jpg?v=1738154454&width=3000,-,Organic Quarter Zip - Kelly Green,https://colorfulstandard.com/fr-fr/products/organic-quarter-zip-quarter-zip-kelly-green-female,Pull,F,"[50.588235294117645, -45.0, 24.0]"
1350,https://colorfulstandard.com/cdn/shop/files/CS1014_Female_OrganicQuarterZip-IvoryWhite_2.jpg?v=1738154434&width=3000,-,Organic Quarter Zip - Ivory White,https://colorfulstandard.com/fr-fr/products/organic-quarter-zip-quarter-zip-ivory-white-female,Pull,F,"[90.98039215686275, 2.0, 11.0]"
1351,https://colorfulstandard.com/cdn/shop/files/CS1014_Female_OrganicQuarterZip-IvoryWhite_2.jpg?v=1738154434&width=3000,-,Organic Quarter Zip - Ivory White,https://colorfulstandard.com/fr-fr/products/organic-quarter-zip-quarter-zip-ivory-white-female,Pull,F,"[86.66666666666667, 2.0, 11.0]"
1352,https://colorfulstandard.com/cdn/shop/files/CS5085_Male_MerinoWoolHat-SoftLavender_2.jpg?v=1738184327&width=3000,-,Merino Wool Hat - Soft Lavender,https://colorfulstandard.com/fr-fr/products/merino-wool-hat-beanie-soft-lavender-female,Chapeau,F,"[87.05882352941177, 13.0, -13.0]"
1353,https://colorfulstandard.com/cdn/shop/files/CS5085_Male_MerinoWoolHat-SoftLavender_2.jpg?v=1738184327&width=3000,-,Merino Wool Hat - Soft Lavender,https://colorfulstandard.com/fr-fr/products/merino-wool-hat-beanie-soft-lavender-female,Chapeau,F,"[78.03921568627452, 15.0, -15.0]"
1354,https://colorfulstandard.com/cdn/shop/files/CS5087_Female_WomenClassicMerinoWoolCrew-SoftLavender_2.jpg?v=1738227459&width=3000,-,Women Classic Merino Wool Crew - Soft Lavender,https://colorfulstandard.com/fr-fr/products/women-classic-merino-wool-crew-women-merino-crewneck-soft-lavender-female,Pull,F,"[85.09803921568627, 11.0, -12.0]"
1355,https://colorfulstandard.com/cdn/shop/files/CS5087_Female_WomenClassicMerinoWoolCrew-SoftLavender_2.jpg?v=1738227459&width=3000,-,Women Classic Merino Wool Crew - Soft Lavender,https://colorfulstandard.com/fr-fr/products/women-classic-merino-wool-crew-women-merino-crewneck-soft-lavender-female,Pull,F,"[73.72549019607844, 13.0, -14.0]"
1356,https://colorfulstandard.com/cdn/shop/files/CS5087_Female_WomenClassicMerinoWoolCrew-ScarletRed_2.jpg?v=1738227452&width=3000,-,Women Classic Merino Wool Crew - Scarlet Red,https://colorfulstandard.com/fr-fr/products/women-classic-merino-wool-crew-women-merino-crewneck-scarlet-red-female,Pull,F,"[48.23529411764706, 68.0, 39.0]"
1357,https://colorfulstandard.com/cdn/shop/files/CS5087_Female_WomenClassicMerinoWoolCrew-ScarletRed_2.jpg?v=1738227452&width=3000,-,Women Classic Merino Wool Crew - Scarlet Red,https://colorfulstandard.com/fr-fr/products/women-classic-merino-wool-crew-women-merino-crewneck-scarlet-red-female,Pull,F,"[38.03921568627451, 60.0, 40.0]"
1358,https://colorfulstandard.com/cdn/shop/files/CS5087_Female_WomenClassicMerinoWoolCrew-NavyBlue_2.jpg?v=1738227376&width=3000,-,Women Classic Merino Wool Crew - Navy Blue,https://colorfulstandard.com/fr-fr/products/women-classic-merino-wool-crew-women-merino-crewneck-navy-blue-female,Pull,F,"[10.196078431372548, 3.0, -9.0]"
1359,https://colorfulstandard.com/cdn/shop/files/CS5087_Female_WomenClassicMerinoWoolCrew-HeatherGrey_2.jpg?v=1738227345&width=3000,-,Women Classic Merino Wool Crew - Heather Grey,https://colorfulstandard.com/fr-fr/products/women-classic-merino-wool-crew-women-merino-crewneck-heather-grey-female,Pull,F,"[63.52941176470588, 1.0, -2.0]"
1360,https://colorfulstandard.com/cdn/shop/files/CS5087_Female_WomenClassicMerinoWoolCrew-HeatherGrey_2.jpg?v=1738227345&width=3000,-,Women Classic Merino Wool Crew - Heather Grey,https://colorfulstandard.com/fr-fr/products/women-classic-merino-wool-crew-women-merino-crewneck-heather-grey-female,Pull,F,"[46.27450980392157, 1.0, -2.0]"
1361,https://colorfulstandard.com/cdn/shop/files/CS5087_Female_WomenClassicMerinoWoolCrew-HeatherGrey_2.jpg?v=1738227345&width=3000,-,Women Classic Merino Wool Crew - Heather Grey,https://colorfulstandard.com/fr-fr/products/women-classic-merino-wool-crew-women-merino-crewneck-heather-grey-female,Pull,F,"[80.3921568627451, 1.0, -2.0]"
1362,https://colorfulstandard.com/cdn/shop/files/CS5087_Female_WomenClassicMerinoWoolCrew-DeepBlack_2.jpg?v=1738227322&width=3000,-,Women Classic Merino Wool Crew - Deep Black,https://colorfulstandard.com/fr-fr/products/women-classic-merino-wool-crew-women-merino-crewneck-deep-black-female,Pull,F,"[6.2745098039215685, 0.0, 0.0]"
1363,https://colorfulstandard.com/cdn/shop/files/CS5087_Female_WomenClassicMerinoWoolCrew-DeepBlack_2.jpg?v=1738227322&width=3000,-,Women Classic Merino Wool Crew - Deep Black,https://colorfulstandard.com/fr-fr/products/women-classic-merino-wool-crew-women-merino-crewneck-deep-black-female,Pull,F,"[11.76470588235294, 0.0, 0.0]"
1364,https://colorfulstandard.com/cdn/shop/files/CS1011_Female_OrganicSweatpants-SteelBlue_2.jpg?v=1738228187&width=3000,-,Organic Sweatpants - Steel Blue,https://colorfulstandard.com/fr-fr/products/organic-sweatpants-pants-steel-blue-female,Jogging,F,"[67.84313725490196, -3.0, 6.0]"
1365,https://colorfulstandard.com/cdn/shop/files/CS1011_Female_OrganicSweatpants-SteelBlue_2.jpg?v=1738228187&width=3000,-,Organic Sweatpants - Steel Blue,https://colorfulstandard.com/fr-fr/products/organic-sweatpants-pants-steel-blue-female,Jogging,F,"[63.13725490196078, -3.0, 7.0]"
1366,https://colorfulstandard.com/cdn/shop/files/CS1011_Female_OrganicSweatpants-OpticalWhite_2.jpg?v=1738227818&width=3000,-,Organic Sweatpants - Optical White,https://colorfulstandard.com/fr-fr/products/organic-sweatpants-pants-optical-white-female,Jogging,F,"[95.29411764705881, 1.0, -1.0]"
1367,https://colorfulstandard.com/cdn/shop/files/CS1012_Female_OrganicOversizedCrew-FadedPink_2.jpg?v=1738230307&width=3000,-,Organic Oversized Crew - Faded Pink,https://colorfulstandard.com/fr-fr/products/organic-oversized-crew-faded-pink-female,Pull,F,"[87.05882352941177, 11.0, 7.0]"
1368,https://colorfulstandard.com/cdn/shop/files/CS1012_Female_OrganicOversizedCrew-FadedPink_2.jpg?v=1738230307&width=3000,-,Organic Oversized Crew - Faded Pink,https://colorfulstandard.com/fr-fr/products/organic-oversized-crew-faded-pink-female,Pull,F,"[81.96078431372548, 12.0, 8.0]"
1369,https://colorfulstandard.com/cdn/shop/files/CS2052_Female_WomenClassicOrganicCrew-PurpleHaze_2.jpg?v=1738229277&width=3000,-,Women Classic Organic Crew - Purple Haze,https://colorfulstandard.com/fr-fr/products/women-classic-organic-crew-women-crewneck-purple-haze-female,Pull,F,"[61.568627450980394, 8.0, -5.0]"
1370,https://colorfulstandard.com/cdn/shop/files/CS2052_Female_WomenClassicOrganicCrew-PacificBlue_2.jpg?v=1738229308&width=3000,-,Women Classic Organic Crew - Pacific Blue,https://colorfulstandard.com/fr-fr/products/women-classic-organic-crew-women-crewneck-pacific-blue-female,Pull,F,"[58.43137254901961, -2.0, -49.0]"
1371,https://colorfulstandard.com/cdn/shop/files/CS5084_Female_WomenLightMerinoWoolCrew-StoneBlue_2.jpg?v=1738185552&width=3000,-,Women Light Merino Wool Crew - Stone Blue,https://colorfulstandard.com/fr-fr/products/women-merino-wool-crew-crewneck-stone-blue-female,Pull,F,"[70.19607843137254, -5.0, -6.0]"
1372,https://colorfulstandard.com/cdn/shop/files/CS5084_Female_WomenLightMerinoWoolCrew-StoneBlue_2.jpg?v=1738185552&width=3000,-,Women Light Merino Wool Crew - Stone Blue,https://colorfulstandard.com/fr-fr/products/women-merino-wool-crew-crewneck-stone-blue-female,Pull,F,"[54.509803921568626, -5.0, -6.0]"
1373,https://colorfulstandard.com/cdn/shop/files/CS5084_Female_WomenLightMerinoWoolCrew-NavyBlue_2.jpg?v=1738185416&width=3000,-,Women Light Merino Wool Crew - Navy Blue,https://colorfulstandard.com/fr-fr/products/women-merino-wool-crew-crewneck-navy-blue-female,Pull,F,"[12.549019607843137, 3.0, -9.0]"
1374,https://colorfulstandard.com/cdn/shop/files/CS5084_Female_WomenLightMerinoWoolCrew-NavyBlue_2.jpg?v=1738185416&width=3000,-,Women Light Merino Wool Crew - Navy Blue,https://colorfulstandard.com/fr-fr/products/women-merino-wool-crew-crewneck-navy-blue-female,Pull,F,"[7.0588235294117645, 4.0, -10.0]"
1375,https://colorfulstandard.com/cdn/shop/files/CS5084_Female_WomenLightMerinoWoolCrew-LavaGrey_2.jpg?v=1738185382&width=3000,-,Women Light Merino Wool Crew - Lava Grey,https://colorfulstandard.com/fr-fr/products/women-merino-wool-crew-crewneck-lava-grey-female,Pull,F,"[34.11764705882353, 1.0, 0.0]"
1376,https://colorfulstandard.com/cdn/shop/files/CS5084_Female_WomenLightMerinoWoolCrew-LavaGrey_2.jpg?v=1738185382&width=3000,-,Women Light Merino Wool Crew - Lava Grey,https://colorfulstandard.com/fr-fr/products/women-merino-wool-crew-crewneck-lava-grey-female,Pull,F,"[22.35294117647059, 1.0, 0.0]"
1377,https://colorfulstandard.com/cdn/shop/files/CS5084_Female_WomenLightMerinoWoolCrew-IvoryWhite_2.jpg?v=1738185371&width=3000,-,Women Light Merino Wool Crew - Ivory White,https://colorfulstandard.com/fr-fr/products/women-merino-wool-crew-crewneck-ivory-white-female,Pull,F,"[78.03921568627452, 5.0, 12.0]"
1378,https://colorfulstandard.com/cdn/shop/files/CS5084_Female_WomenLightMerinoWoolCrew-IvoryWhite_2.jpg?v=1738185371&width=3000,-,Women Light Merino Wool Crew - Ivory White,https://colorfulstandard.com/fr-fr/products/women-merino-wool-crew-crewneck-ivory-white-female,Pull,F,"[68.23529411764706, 5.0, 12.0]"
1379,https://colorfulstandard.com/cdn/shop/files/CS5084_Female_WomenLightMerinoWoolCrew-IvoryWhite_2.jpg?v=1738185371&width=3000,-,Women Light Merino Wool Crew - Ivory White,https://colorfulstandard.com/fr-fr/products/women-merino-wool-crew-crewneck-ivory-white-female,Pull,F,"[86.66666666666667, 4.0, 10.0]"
1380,https://colorfulstandard.com/cdn/shop/files/CS5084_Female_WomenLightMerinoWoolCrew-HeatherGrey_2.jpg?v=1738185344&width=3000,-,Women Light Merino Wool Crew - Heather Grey,https://colorfulstandard.com/fr-fr/products/women-merino-wool-crew-crewneck-heather-grey-female,Pull,F,"[65.49019607843137, 1.0, -2.0]"
1381,https://colorfulstandard.com/cdn/shop/files/CS5084_Female_WomenLightMerinoWoolCrew-HeatherGrey_2.jpg?v=1738185344&width=3000,-,Women Light Merino Wool Crew - Heather Grey,https://colorfulstandard.com/fr-fr/products/women-merino-wool-crew-crewneck-heather-grey-female,Pull,F,"[48.627450980392155, 1.0, -2.0]"
1382,https://colorfulstandard.com/cdn/shop/files/CS5084_Female_WomenLightMerinoWoolCrew-HeatherGrey_2.jpg?v=1738185344&width=3000,-,Women Light Merino Wool Crew - Heather Grey,https://colorfulstandard.com/fr-fr/products/women-merino-wool-crew-crewneck-heather-grey-female,Pull,F,"[82.35294117647058, 1.0, -1.0]"
1383,https://colorfulstandard.com/cdn/shop/files/CS5081_Female_MerinoWoolBeanie-LimestoneGrey_2.jpg?v=1738154037&width=3000,-,Merino Wool Beanie - Limestone Grey,https://colorfulstandard.com/fr-fr/products/merino-wool-beanie-beanie-limestone-grey-female,Bonnet,F,"[85.49019607843137, 0.0, 4.0]"
1384,https://colorfulstandard.com/cdn/shop/files/CS5081_Female_MerinoWoolBeanie-LimestoneGrey_2.jpg?v=1738154037&width=3000,-,Merino Wool Beanie - Limestone Grey,https://colorfulstandard.com/fr-fr/products/merino-wool-beanie-beanie-limestone-grey-female,Bonnet,F,"[78.43137254901961, 0.0, 4.0]"
1385,https://colorfulstandard.com/cdn/shop/files/CS5081_Female_MerinoWoolBeanie-HunterGreen_2.jpg?v=1738153949&width=3000,-,Merino Wool Beanie - Hunter Green,https://colorfulstandard.com/fr-fr/products/merino-wool-beanie-beanie-hunter-green-female,Bonnet,F,"[18.03921568627451, -3.0, 4.0]"
1386,https://colorfulstandard.com/cdn/shop/files/CS5081_Female_MerinoWoolBeanie-HunterGreen_2.jpg?v=1738153949&width=3000,-,Merino Wool Beanie - Hunter Green,https://colorfulstandard.com/fr-fr/products/merino-wool-beanie-beanie-hunter-green-female,Bonnet,F,"[11.372549019607844, -3.0, 3.0]"
1387,https://colorfulstandard.com/cdn/shop/files/CS5081_Female_MerinoWoolBeanie-DustyOlive_2.jpg?v=1738153866&width=3000,-,Merino Wool Beanie - Dusty Olive,https://colorfulstandard.com/fr-fr/products/merino-wool-beanie-beanie-dusty-olive-female,Bonnet,F,"[40.3921568627451, -1.0, 10.0]"
1388,https://colorfulstandard.com/cdn/shop/files/CS5081_Female_MerinoWoolBeanie-DustyOlive_2.jpg?v=1738153866&width=3000,-,Merino Wool Beanie - Dusty Olive,https://colorfulstandard.com/fr-fr/products/merino-wool-beanie-beanie-dusty-olive-female,Bonnet,F,"[30.58823529411765, -1.0, 9.0]"
1389,https://colorfulstandard.com/cdn/shop/files/CS5081_Female_MerinoWoolBeanie-BurnedYellow_2.jpg?v=1738153173&width=3000,-,Merino Wool Beanie - Burned Yellow,https://colorfulstandard.com/fr-fr/products/merino-wool-beanie-beanie-burned-yellow-female,Bonnet,F,"[67.84313725490196, 23.0, 63.0]"
1390,https://colorfulstandard.com/cdn/shop/files/CS1006_Female_ClassicOrganicHood-HeatherGrey_2.jpg?v=1738226353&width=3000,-,Classic Organic Hood - Heather Grey,https://colorfulstandard.com/fr-fr/products/classic-organic-hood-hoodie-heather-grey-female,Hoodie,F,"[73.72549019607844, 0.0, -1.0]"
1391,https://colorfulstandard.com/cdn/shop/files/CS1006_Female_ClassicOrganicHood-HeatherGrey_2.jpg?v=1738226353&width=3000,-,Classic Organic Hood - Heather Grey,https://colorfulstandard.com/fr-fr/products/classic-organic-hood-hoodie-heather-grey-female,Hoodie,F,"[63.52941176470588, 0.0, -1.0]"
1392,https://colorfulstandard.com/cdn/shop/files/CS2052_Female_WomenClassicOrganicCrew-RaspberryPink_2.jpg?v=1738229263&width=3000,-,Women Classic Organic Crew - Raspberry Pink,https://colorfulstandard.com/fr-fr/products/women-classic-organic-crew-women-crewneck-raspberry-pink-female,Pull,F,"[59.21568627450981, 40.0, 12.0]"
1393,https://colorfulstandard.com/cdn/shop/files/CS2052_Female_WomenClassicOrganicCrew-LimestoneGrey_2.jpg?v=1738229381&width=3000,-,Women Classic Organic Crew - Limestone Grey,https://colorfulstandard.com/fr-fr/products/women-classic-organic-crew-women-crewneck-limestone-grey-female,Pull,F,"[87.45098039215686, -1.0, 2.0]"
1394,https://colorfulstandard.com/cdn/shop/files/CS2052_Female_WomenClassicOrganicCrew-LimestoneGrey_2.jpg?v=1738229381&width=3000,-,Women Classic Organic Crew - Limestone Grey,https://colorfulstandard.com/fr-fr/products/women-classic-organic-crew-women-crewneck-limestone-grey-female,Pull,F,"[81.96078431372548, -1.0, 2.0]"
1395,https://colorfulstandard.com/cdn/shop/files/CS2052_Female_WomenClassicOrganicCrew-FadedPink_2.jpg?v=1738229420&width=3000,-,Women Classic Organic Crew - Faded Pink,https://colorfulstandard.com/fr-fr/products/women-classic-organic-crew-women-crewneck-faded-pink-female,Pull,F,"[88.23529411764706, 10.0, 6.0]"
1396,https://colorfulstandard.com/cdn/shop/files/CS2052_Female_WomenClassicOrganicCrew-FadedPink_2.jpg?v=1738229420&width=3000,-,Women Classic Organic Crew - Faded Pink,https://colorfulstandard.com/fr-fr/products/women-classic-organic-crew-women-crewneck-faded-pink-female,Pull,F,"[82.35294117647058, 12.0, 8.0]"
1397,https://colorfulstandard.com/cdn/shop/files/CS2052_Female_WomenClassicOrganicCrew-EmeraldGreen_2.jpg?v=1738229448&width=3000,-,Women Classic Organic Crew - Emerald Green,https://colorfulstandard.com/fr-fr/products/women-classic-organic-crew-women-crewneck-emerald-green-female,Pull,F,"[25.098039215686274, -13.0, 3.0]"
1398,https://colorfulstandard.com/cdn/shop/files/CS2052_Female_WomenClassicOrganicCrew-EmeraldGreen_2.jpg?v=1738229448&width=3000,-,Women Classic Organic Crew - Emerald Green,https://colorfulstandard.com/fr-fr/products/women-classic-organic-crew-women-crewneck-emerald-green-female,Pull,F,"[20.392156862745097, -12.0, 4.0]"
1399,https://colorfulstandard.com/cdn/shop/products/Women_Light_Organic_Tee-Women_T-shirt-CS2051-Soft_Lavender.jpg?v=1664771879&width=1560,-,Women Light Organic Tee - Soft Lavender,https://colorfulstandard.com/fr-fr/products/women-light-organic-tee-women-t-shirt-soft-lavender-female,T-shirt,F,"[78.43137254901961, 10.0, -14.0]"
1400,https://colorfulstandard.com/cdn/shop/products/Women_Light_Organic_Tee-Women_T-shirt-CS2051-Scarlet_Red.jpg?v=1664771863&width=1560,-,Women Light Organic Tee - Scarlet Red,https://colorfulstandard.com/fr-fr/products/women-light-organic-tee-women-t-shirt-scarlet-red-female,T-shirt,F,"[43.13725490196079, 58.0, 23.0]"
1401,https://colorfulstandard.com/cdn/shop/products/Women_Light_Organic_Tee-Women_T-shirt-CS2051-Lava_Grey.jpg?v=1664771760&width=1560,-,Women Light Organic Tee - Lava Grey,https://colorfulstandard.com/fr-fr/products/women-light-organic-tee-women-t-shirt-lava-grey-female,T-shirt,F,"[23.52941176470588, 2.0, -3.0]"
1402,https://colorfulstandard.com/cdn/shop/files/CS1007_Female_ClassicOrganicZipHood-OxbloodRed_2_37a60f1a-0ce0-46c9-be06-b2c903811487.jpg?v=1738330018&width=3000,-,Classic Organic Zip Hood - Oxblood Red,https://colorfulstandard.com/fr-fr/products/classic-organic-zip-hood-zip-hoodie-oxblood-red-female,Hoodie,F,"[17.647058823529413, 12.0, 1.0]"
1403,https://colorfulstandard.com/cdn/shop/files/CS1007_Female_ClassicOrganicZipHood-DeepBlack_2_81ddce86-7b52-43fd-96ad-df59d3fe30a9.jpg?v=1738329990&width=3000,-,Classic Organic Zip Hood - Deep Black,https://colorfulstandard.com/fr-fr/products/classic-organic-zip-hood-zip-hoodie-deep-black-female,Hoodie,F,"[8.235294117647058, 0.0, -1.0]"
1404,https://colorfulstandard.com/cdn/shop/files/CS1007_Female_ClassicOrganicZipHood-DeepBlack_2_81ddce86-7b52-43fd-96ad-df59d3fe30a9.jpg?v=1738329990&width=3000,-,Classic Organic Zip Hood - Deep Black,https://colorfulstandard.com/fr-fr/products/classic-organic-zip-hood-zip-hoodie-deep-black-female,Hoodie,F,"[10.980392156862745, 1.0, -2.0]"
1405,https://colorfulstandard.com/cdn/shop/files/CS4008_Female_WorkwearJacket-Ultraviolet_2.jpg?v=1738231240&width=3000,-,Organic Workwear Jacket - Ultra Violet,https://colorfulstandard.com/fr-fr/products/organic-workwear-jacket-ultra-violet,Veste,F,"[27.058823529411764, 48.0, -55.0]"
1406,https://colorfulstandard.com/cdn/shop/files/CS1015_Female_OrganicOversizedHood-OceanGreen_2.jpg?v=1738157632&width=3000,-,Organic Oversized Hood - Ocean Green,https://colorfulstandard.com/fr-fr/products/organic-oversized-hood-ocean-green-female,Hoodie,F,"[24.313725490196077, -10.0, -9.0]"
1407,https://colorfulstandard.com/cdn/shop/files/CS1015_Female_OrganicOversizedHood-OceanGreen_2.jpg?v=1738157632&width=3000,-,Organic Oversized Hood - Ocean Green,https://colorfulstandard.com/fr-fr/products/organic-oversized-hood-ocean-green-female,Hoodie,F,"[27.058823529411764, -11.0, -9.0]"
1408,https://colorfulstandard.com/cdn/shop/files/CS1015_Female_OrganicOversizedHood-EmeraldGreen_2.jpg?v=1738157302&width=3000,-,Organic Oversized Hood - Emerald Green,https://colorfulstandard.com/fr-fr/products/organic-oversized-hood-emerald-green-female,Hoodie,F,"[25.098039215686274, -13.0, 3.0]"
1409,https://colorfulstandard.com/cdn/shop/files/CS1015_Female_OrganicOversizedHood-EmeraldGreen_2.jpg?v=1738157302&width=3000,-,Organic Oversized Hood - Emerald Green,https://colorfulstandard.com/fr-fr/products/organic-oversized-hood-emerald-green-female,Hoodie,F,"[22.35294117647059, -11.0, 3.0]"
1410,https://colorfulstandard.com/cdn/shop/files/CS5084_Female_WomenLightMerinoWoolCrew-MarineBlue_2.jpg?v=1738185405&width=3000,-,Women Light Merino Wool Crew - Marine Blue,https://colorfulstandard.com/fr-fr/products/women-merino-wool-crew-crewneck-marine-blue-female,Pull,F,"[14.901960784313726, 5.0, -15.0]"
1411,https://colorfulstandard.com/cdn/shop/files/CS5084_Female_WomenLightMerinoWoolCrew-MarineBlue_2.jpg?v=1738185405&width=3000,-,Women Light Merino Wool Crew - Marine Blue,https://colorfulstandard.com/fr-fr/products/women-merino-wool-crew-crewneck-marine-blue-female,Pull,F,"[7.450980392156863, 6.0, -15.0]"
1412,https://colorfulstandard.com/cdn/shop/files/CS5091_Female_MerinoQuarterZip-LavaGrey_2.jpg?v=1738163173&width=3000,-,Merino Quarter Zip - Lava Grey,https://colorfulstandard.com/fr-fr/products/merino-wool-quarter-zip-lava-grey-female,Pull,F,"[36.07843137254902, 1.0, 0.0]"
1413,https://colorfulstandard.com/cdn/shop/files/CS5091_Female_MerinoQuarterZip-LavaGrey_2.jpg?v=1738163173&width=3000,-,Merino Quarter Zip - Lava Grey,https://colorfulstandard.com/fr-fr/products/merino-wool-quarter-zip-lava-grey-female,Pull,F,"[24.705882352941178, 1.0, -1.0]"
1414,https://colorfulstandard.com/cdn/shop/files/CS2052_Female_WomenClassicOrganicCrew-MistyBrown_2.jpg?v=1738229353&width=3000,-,Women Classic Organic Crew - Misty Brown,https://colorfulstandard.com/fr-fr/products/women-classic-organic-crew-women-crewneck-misty-brown-female,Pull,F,"[52.94117647058824, 2.0, 5.0]"
1415,https://colorfulstandard.com/cdn/shop/files/CS2052_Female_WomenClassicOrganicCrew-MistyBrown_2.jpg?v=1738229353&width=3000,-,Women Classic Organic Crew - Misty Brown,https://colorfulstandard.com/fr-fr/products/women-classic-organic-crew-women-crewneck-misty-brown-female,Pull,F,"[44.70588235294118, 1.0, 6.0]"
1416,https://colorfulstandard.com/cdn/shop/files/CS1014_Female_OrganicQuarterZip-MistyBrown_2.jpg?v=1738154665&width=3000,-,Organic Quarter Zip - Misty Brown,https://colorfulstandard.com/fr-fr/products/organic-quarter-zip-quarter-zip-misty-brown-female,Pull,F,"[52.54901960784314, 1.0, 6.0]"
1417,https://colorfulstandard.com/cdn/shop/files/CS1014_Female_OrganicQuarterZip-MistyBrown_2.jpg?v=1738154665&width=3000,-,Organic Quarter Zip - Misty Brown,https://colorfulstandard.com/fr-fr/products/organic-quarter-zip-quarter-zip-misty-brown-female,Pull,F,"[45.09803921568628, 1.0, 6.0]"
1418,https://colorfulstandard.com/cdn/shop/files/CS1015_Female_OrganicOversizedHood-MistyBrown_2.jpg?v=1738157575&width=3000,-,Organic Oversized Hood - Misty Brown,https://colorfulstandard.com/fr-fr/products/organic-oversized-hood-misty-brown-female,Hoodie,F,"[52.94117647058824, 1.0, 6.0]"
1419,https://colorfulstandard.com/cdn/shop/files/CS1015_Female_OrganicOversizedHood-MistyBrown_2.jpg?v=1738157575&width=3000,-,Organic Oversized Hood - Misty Brown,https://colorfulstandard.com/fr-fr/products/organic-oversized-hood-misty-brown-female,Hoodie,F,"[47.05882352941176, 1.0, 5.0]"
1420,https://colorfulstandard.com/cdn/shop/files/CS2052_Female_WomenClassicOrganicCrew-MagentaBlaze_2.jpg?v=1738229374&width=3000,-,Women Classic Organic Crew - Magenta Blaze,https://colorfulstandard.com/fr-fr/products/women-classic-organic-crew-women-crewneck-magenta-blaze-female,Pull,F,"[52.94117647058824, 62.0, -9.0]"
1421,https://colorfulstandard.com/cdn/shop/files/CS1006_Female_ClassicOrganicHood-MagentaBlaze_2.jpg?v=1738226461&width=3000,-,Classic Organic Hood - Magenta Blaze,https://colorfulstandard.com/fr-fr/products/classic-organic-hood-hoodie-magenta-blaze-female,Hoodie,F,"[50.98039215686274, 61.0, -8.0]"
1422,https://colorfulstandard.com/cdn/shop/files/CS5084_Female_WomenLightMerinoWoolCrew-MagentaBlaze_2.jpg?v=1738185395&width=3000,-,Women Light Merino Wool Crew - Magenta Blaze,https://colorfulstandard.com/fr-fr/products/women-merino-wool-crew-crewneck-magenta-blaze-female,Pull,F,"[43.529411764705884, 53.0, -21.0]"
1423,https://colorfulstandard.com/cdn/shop/files/CS5084_Female_WomenLightMerinoWoolCrew-MagentaBlaze_2.jpg?v=1738185395&width=3000,-,Women Light Merino Wool Crew - Magenta Blaze,https://colorfulstandard.com/fr-fr/products/women-merino-wool-crew-crewneck-magenta-blaze-female,Pull,F,"[30.58823529411765, 48.0, -18.0]"
1424,https://colorfulstandard.com/cdn/shop/files/CS1011_Female_OrganicSweatpants-MagentaBlaze_2.jpg?v=1738227721&width=3000,-,Organic Sweatpants - Magenta Blaze,https://colorfulstandard.com/fr-fr/products/organic-sweatpants-pants-magenta-blaze-female,Jogging,F,"[51.76470588235295, 61.0, -8.0]"
1425,https://colorfulstandard.com/cdn/shop/files/CS1011_Female_OrganicSweatpants-MagentaBlaze_2.jpg?v=1738227721&width=3000,-,Organic Sweatpants - Magenta Blaze,https://colorfulstandard.com/fr-fr/products/organic-sweatpants-pants-magenta-blaze-female,Jogging,F,"[47.84313725490196, 60.0, -7.0]"
1426,https://colorfulstandard.com/cdn/shop/files/CS2057_OrganicBoxyCropTee-SoftYellow_2.jpg?v=1738245503&width=3000,-,Organic Boxy Crop Tee - Soft Yellow,https://colorfulstandard.com/fr-fr/products/organic-boxy-crop-tee-soft-yellow,T-shirt,F,"[92.94117647058823, 0.0, 18.0]"
1427,https://colorfulstandard.com/cdn/shop/files/CS2057_OrganicBoxyCropTee-SoftYellow_2.jpg?v=1738245503&width=3000,-,Organic Boxy Crop Tee - Soft Yellow,https://colorfulstandard.com/fr-fr/products/organic-boxy-crop-tee-soft-yellow,T-shirt,F,"[90.58823529411765, 1.0, 20.0]"
1428,https://colorfulstandard.com/cdn/shop/files/CS2057_OrganicBoxyCropTee-SeasideBlue_2.jpg?v=1738245479&width=3000,-,Organic Boxy Crop Tee - Seaside Blue,https://colorfulstandard.com/fr-fr/products/organic-boxy-crop-tee-seaside-blue,T-shirt,F,"[70.58823529411765, -5.0, -18.0]"
1429,https://colorfulstandard.com/cdn/shop/files/CS2057_OrganicBoxyCropTee-PacificBlue_2.jpg?v=1738245435&width=3000,-,Organic Boxy Crop Tee - Pacific Blue,https://colorfulstandard.com/fr-fr/products/organic-boxy-crop-tee-pacific-blue,T-shirt,F,"[61.568627450980394, -5.0, -48.0]"
1430,https://colorfulstandard.com/cdn/shop/files/CS2057_OrganicBoxyCropTee-DustyOlive_2.jpg?v=1738245209&width=3000,-,Organic Boxy Crop Tee - Dusty Olive,https://colorfulstandard.com/fr-fr/products/organic-boxy-crop-tee-dusty-olive,T-shirt,F,"[44.70588235294118, -1.0, 13.0]"
1431,https://colorfulstandard.com/cdn/shop/files/CS4008_Female_WorkwearJacket-SandstoneOrange_2.jpg?v=1738231142&width=3000,-,Organic Workwear Jacket - Sandstone Orange,https://colorfulstandard.com/fr-fr/products/organic-workwear-jacket-sandstone-orange-1,Veste,F,"[76.07843137254902, 16.0, 46.0]"
1432,https://colorfulstandard.com/cdn/shop/files/CS4008_Female_WorkwearJacket-SandstoneOrange_2.jpg?v=1738231142&width=3000,-,Organic Workwear Jacket - Sandstone Orange,https://colorfulstandard.com/fr-fr/products/organic-workwear-jacket-sandstone-orange-1,Veste,F,"[69.41176470588235, 19.0, 45.0]"
1433,https://colorfulstandard.com/cdn/shop/files/CS2052_Female_WomenClassicOrganicCrew-RedTangerine_2.jpg?v=1738229256&width=3000,-,Women Classic Organic Crew - Red Tangerine,https://colorfulstandard.com/fr-fr/products/women-classic-organic-crew-red-tangerine,Pull,F,"[54.509803921568626, 63.0, 36.0]"
1434,https://colorfulstandard.com/cdn/shop/files/CS2051_Female_WomenLightOrganicTee-TropicalSea_1.jpg?v=1702563281&width=1600,-,Women Light Organic Tee - Tropical Sea,https://colorfulstandard.com/fr-fr/products/women-light-organic-tee-tropical-sea,T-shirt,F,"[64.70588235294117, -40.0, -4.0]"
1435,https://colorfulstandard.com/cdn/shop/files/CS2051_Female_WomenLightOrganicTee-TropicalSea_1.jpg?v=1702563281&width=1600,-,Women Light Organic Tee - Tropical Sea,https://colorfulstandard.com/fr-fr/products/women-light-organic-tee-tropical-sea,T-shirt,F,"[58.43137254901961, -37.0, -3.0]"
1436,https://colorfulstandard.com/cdn/shop/files/CS1015_Female_OrganicOversizedHood-RedTangerine_2.jpg?v=1738158091&width=3000,-,Organic Oversized Hood - Red Tangerine,https://colorfulstandard.com/fr-fr/products/organic-oversized-hood-red-tangerine-1,Hoodie,F,"[54.509803921568626, 63.0, 36.0]"
1437,https://colorfulstandard.com/cdn/shop/files/CS1015_Female_OrganicOversizedHood-RedTangerine_2.jpg?v=1738158091&width=3000,-,Organic Oversized Hood - Red Tangerine,https://colorfulstandard.com/fr-fr/products/organic-oversized-hood-red-tangerine-1,Hoodie,F,"[52.156862745098046, 62.0, 37.0]"
1438,https://colorfulstandard.com/cdn/shop/files/CS1014_Female_OrganicQuarterZip-RedTangerine_2.jpg?v=1738155057&width=3000,-,Organic Quarter Zip - Red Tangerine,https://colorfulstandard.com/fr-fr/products/organic-quarter-zip-red-tangerine-1,Pull,F,"[54.11764705882353, 63.0, 36.0]"
1439,https://colorfulstandard.com/cdn/shop/files/CS1014_Female_OrganicQuarterZip-CherryBlossom_2.jpg?v=1738153883&width=3000,-,Organic Quarter Zip - Cherry Blossom,https://colorfulstandard.com/fr-fr/products/organic-quarter-zip-cherry-blossom-1,Pull,F,"[79.2156862745098, 22.0, -3.0]"
1440,https://colorfulstandard.com/cdn/shop/files/CS1014_Female_OrganicQuarterZip-CherryBlossom_2.jpg?v=1738153883&width=3000,-,Organic Quarter Zip - Cherry Blossom,https://colorfulstandard.com/fr-fr/products/organic-quarter-zip-cherry-blossom-1,Pull,F,"[72.54901960784314, 24.0, -3.0]"
1441,https://colorfulstandard.com/cdn/shop/files/CS1012_Female_OrganicOversizedCrew-RedTangerine_2.jpg?v=1738230692&width=3000,-,Organic Oversized Crew - Red Tangerine,https://colorfulstandard.com/fr-fr/products/organic-oversized-crew-red-tangerine-1,Pull,F,"[54.11764705882353, 63.0, 37.0]"
1442,https://colorfulstandard.com/cdn/shop/files/CS1012_Female_OrganicOversizedCrew-RedTangerine_2.jpg?v=1738230692&width=3000,-,Organic Oversized Crew - Red Tangerine,https://colorfulstandard.com/fr-fr/products/organic-oversized-crew-red-tangerine-1,Pull,F,"[50.19607843137255, 62.0, 38.0]"
1443,https://colorfulstandard.com/cdn/shop/files/CS1006_Female_ClassicOrganicHood-TropicalSea_2.jpg?v=1738227105&width=3000,-,Classic Organic Hood - Tropical Sea,https://colorfulstandard.com/fr-fr/products/classic-organic-hood-tropical-sea-1,Hoodie,F,"[65.49019607843137, -40.0, -4.0]"
1444,https://colorfulstandard.com/cdn/shop/files/CS1006_Female_ClassicOrganicHood-MarineBlue_2.jpg?v=1738226476&width=3000,-,Classic Organic Hood - Marine Blue,https://colorfulstandard.com/fr-fr/products/classic-organic-hood-marine-blue-1,Hoodie,F,"[29.80392156862745, 5.0, -25.0]"
1445,https://colorfulstandard.com/cdn/shop/files/CS1006_Female_ClassicOrganicHood-CherryBlossom_2.jpg?v=1738226156&width=3000,-,Classic Organic Hood - Cherry Blossom,https://colorfulstandard.com/fr-fr/products/classic-organic-hood-cherry-blossom-1,Hoodie,F,"[79.2156862745098, 22.0, -13.0]"
1446,https://colorfulstandard.com/cdn/shop/files/CS1006_Female_ClassicOrganicHood-CherryBlossom_2.jpg?v=1738226156&width=3000,-,Classic Organic Hood - Cherry Blossom,https://colorfulstandard.com/fr-fr/products/classic-organic-hood-cherry-blossom-1,Hoodie,F,"[73.33333333333333, 24.0, -13.0]"
1447,https://colorfulstandard.com/cdn/shop/files/CS2052_Female_WomenClassicOrganicCrew-MidnightForest_2.jpg?v=1738229361&width=3000,-,Women Classic Organic Crew - Midnight Forest,https://colorfulstandard.com/fr-fr/products/women-classic-organic-crew-women-crewneck-midnight-forest-female,Pull,F,"[21.96078431372549, -5.0, 4.0]"
1448,https://colorfulstandard.com/cdn/shop/files/CS2052_Female_WomenClassicOrganicCrew-MidnightForest_2.jpg?v=1738229361&width=3000,-,Women Classic Organic Crew - Midnight Forest,https://colorfulstandard.com/fr-fr/products/women-classic-organic-crew-women-crewneck-midnight-forest-female,Pull,F,"[28.235294117647058, -6.0, 5.0]"
1449,https://colorfulstandard.com/cdn/shop/files/CS4005_Female_OrganicOversizedShirt-SteelBlue_1.jpg?v=1693235611&width=1600,-,Organic Oversized Shirt - Steel Blue,https://colorfulstandard.com/fr-fr/products/organic-oversized-shirt-steel-blue-female,T-shirt,F,"[74.90196078431373, -5.0, -4.0]"
1450,https://colorfulstandard.com/cdn/shop/files/CS2052_Female_WomenClassicOrganicCrew-SeasideBlue_2.jpg?v=1738229227&width=3000,-,Women Classic Organic Crew - Seaside Blue,https://colorfulstandard.com/fr-fr/products/women-classic-organic-crew-women-crewneck-seaside-blue-female,Pull,F,"[71.37254901960785, -5.0, -18.0]"
1451,https://colorfulstandard.com/cdn/shop/files/CS2051-SeasideBlue_0da3089b-dcd4-4f1b-807c-1d2cb04b58bc.jpg?v=1683806990&width=1560,-,Women Light Organic Tee - Seaside Blue,https://colorfulstandard.com/fr-fr/products/women-light-organic-tee-women-t-shirt-seaside-blue-female,T-shirt,F,"[78.03921568627452, -8.0, -12.0]"
1452,https://colorfulstandard.com/cdn/shop/files/CS1011_Female_OrganicSweatpants-FadedGrey_2.jpg?v=1738227543&width=3000,-,Organic Sweatpants - Faded Grey,https://colorfulstandard.com/fr-fr/products/organic-sweatpants-pants-faded-grey-female,Jogging,F,"[78.03921568627452, 0.0, 2.0]"
1453,https://colorfulstandard.com/cdn/shop/files/CS1011_Female_OrganicSweatpants-FadedGrey_2.jpg?v=1738227543&width=3000,-,Organic Sweatpants - Faded Grey,https://colorfulstandard.com/fr-fr/products/organic-sweatpants-pants-faded-grey-female,Jogging,F,"[72.94117647058823, 0.0, 2.0]"
1454,https://colorfulstandard.com/cdn/shop/files/CS-Wmns-Faded-Grey-CS2051.jpg?v=1683805837&width=1560,-,Women Light Organic Tee - Faded Grey,https://colorfulstandard.com/fr-fr/products/women-light-organic-tee-women-t-shirt-faded-grey,T-shirt,F,"[78.82352941176471, -2.0, -1.0]"
1455,https://colorfulstandard.com/cdn/shop/files/CS5088_Female_OversizedMerinoWoolCrew-WarmTaupe_2.jpg?v=1738226964&width=3000,-,Oversized Merino Wool Crew - Warm Taupe,https://colorfulstandard.com/fr-fr/products/oversized-merino-wool-crew-warm-taupe-female,Pull,F,"[48.627450980392155, 4.0, 11.0]"
1456,https://colorfulstandard.com/cdn/shop/files/CS5088_Female_OversizedMerinoWoolCrew-WarmTaupe_2.jpg?v=1738226964&width=3000,-,Oversized Merino Wool Crew - Warm Taupe,https://colorfulstandard.com/fr-fr/products/oversized-merino-wool-crew-warm-taupe-female,Pull,F,"[61.1764705882353, 4.0, 10.0]"
1457,https://colorfulstandard.com/cdn/shop/files/CS5088_Female_OversizedMerinoWoolCrew-WarmTaupe_2.jpg?v=1738226964&width=3000,-,Oversized Merino Wool Crew - Warm Taupe,https://colorfulstandard.com/fr-fr/products/oversized-merino-wool-crew-warm-taupe-female,Pull,F,"[32.94117647058823, 5.0, 10.0]"
1458,https://colorfulstandard.com/cdn/shop/files/CS1015_Female_OrganicOversizedHood-SunnyOrange_2.jpg?v=1738158362&width=3000,-,Organic Oversized Hood - Sunny Orange,https://colorfulstandard.com/fr-fr/products/organic-oversized-hood-sunny-orange-female,Hoodie,F,"[70.19607843137254, 33.0, 64.0]"
1459,https://colorfulstandard.com/cdn/shop/files/CS1015_Female_OrganicOversizedHood-SunnyOrange_2.jpg?v=1738158362&width=3000,-,Organic Oversized Hood - Sunny Orange,https://colorfulstandard.com/fr-fr/products/organic-oversized-hood-sunny-orange-female,Hoodie,F,"[66.66666666666666, 35.0, 64.0]"
1460,https://colorfulstandard.com/cdn/shop/files/CS1015_Female_OrganicOversizedHood-SoftYellow_2.jpg?v=1738158306&width=3000,-,Organic Oversized Hood - Soft Yellow,https://colorfulstandard.com/fr-fr/products/organic-oversized-hood-soft-yellow-female,Hoodie,F,"[92.15686274509804, 0.0, 19.0]"
1461,https://colorfulstandard.com/cdn/shop/files/CS1015_Female_OrganicOversizedHood-SandstoneOrange_2.jpg?v=1738158129&width=3000,-,Organic Oversized Hood - Sandstone Orange,https://colorfulstandard.com/fr-fr/products/organic-oversized-hood-sandstone-orange-female,Hoodie,F,"[81.17647058823529, 15.0, 38.0]"
1462,https://colorfulstandard.com/cdn/shop/files/CS1015_Female_OrganicOversizedHood-SandstoneOrange_2.jpg?v=1738158129&width=3000,-,Organic Oversized Hood - Sandstone Orange,https://colorfulstandard.com/fr-fr/products/organic-oversized-hood-sandstone-orange-female,Hoodie,F,"[77.25490196078432, 17.0, 39.0]"
1463,https://colorfulstandard.com/cdn/shop/files/CS1015_Female_OrganicOversizedHood-RaspberryPink_2.jpg?v=1738158072&width=3000,-,Organic Oversized Hood - Raspberry Pink,https://colorfulstandard.com/fr-fr/products/organic-oversized-hood-raspberry-pink-female,Hoodie,F,"[59.21568627450981, 40.0, 12.0]"
1464,https://colorfulstandard.com/cdn/shop/files/CS1015_Female_OrganicOversizedHood-RaspberryPink_2.jpg?v=1738158072&width=3000,-,Organic Oversized Hood - Raspberry Pink,https://colorfulstandard.com/fr-fr/products/organic-oversized-hood-raspberry-pink-female,Hoodie,F,"[54.90196078431373, 40.0, 13.0]"
1465,https://colorfulstandard.com/cdn/shop/files/CS1015_Female_OrganicOversizedHood-PearlyPurple_2.jpg?v=1738157731&width=3000,-,Organic Oversized Hood - Pearly Purple,https://colorfulstandard.com/fr-fr/products/organic-oversized-hood-pearly-purple-female,Hoodie,F,"[68.23529411764706, 19.0, -5.0]"
1466,https://colorfulstandard.com/cdn/shop/files/CS1015_Female_OrganicOversizedHood-PearlyPurple_2.jpg?v=1738157731&width=3000,-,Organic Oversized Hood - Pearly Purple,https://colorfulstandard.com/fr-fr/products/organic-oversized-hood-pearly-purple-female,Hoodie,F,"[61.96078431372549, 19.0, -6.0]"
1467,https://colorfulstandard.com/cdn/shop/files/CS1012_Female_OrganicOversizedCrew-TealBlue_2.jpg?v=1738230881&width=3000,-,Organic Oversized Crew - Teal Blue,https://colorfulstandard.com/fr-fr/products/organic-oversized-crew-oversized-crew-teal-blue-female,Pull,F,"[73.33333333333333, -17.0, -8.0]"
1468,https://colorfulstandard.com/cdn/shop/files/CS1012_Female_OrganicOversizedCrew-PearlyPurple_2.jpg?v=1738230584&width=3000,-,Organic Oversized Crew - Pearly Purple,https://colorfulstandard.com/fr-fr/products/organic-oversized-crew-oversized-crew-pearly-purple-female,Pull,F,"[64.31372549019608, 20.0, -5.0]"
1469,https://colorfulstandard.com/cdn/shop/files/CS1012_Female_OrganicOversizedCrew-PearlyPurple_2.jpg?v=1738230584&width=3000,-,Organic Oversized Crew - Pearly Purple,https://colorfulstandard.com/fr-fr/products/organic-oversized-crew-oversized-crew-pearly-purple-female,Pull,F,"[71.37254901960785, 18.0, -5.0]"
1470,https://colorfulstandard.com/cdn/shop/files/CS1006_Female_ClassicOrganicHood-SandstoneOrange_2.jpg?v=1738226835&width=3000,-,Classic Organic Hood - Sandstone Orange,https://colorfulstandard.com/fr-fr/products/classic-organic-hood-hoodie-sandstone-orange-female,Hoodie,F,"[75.68627450980392, 16.0, 46.0]"
1471,https://colorfulstandard.com/cdn/shop/files/CS1007_Female_ClassicOrganicZipHood-HeatherGrey_2.jpg?v=1738228827&width=3000,-,Classic Organic Zip Hood - Heather Grey,https://colorfulstandard.com/fr-fr/products/classic-organic-zip-hood-zip-hoodie-heather-grey-female,Hoodie,F,"[71.76470588235294, -1.0, -1.0]"
1472,https://colorfulstandard.com/cdn/shop/files/CS1007_Female_ClassicOrganicZipHood-HeatherGrey_2.jpg?v=1738228827&width=3000,-,Classic Organic Zip Hood - Heather Grey,https://colorfulstandard.com/fr-fr/products/classic-organic-zip-hood-zip-hoodie-heather-grey-female,Hoodie,F,"[63.52941176470588, -1.0, -1.0]"
1473,https://colorfulstandard.com/cdn/shop/files/CS5085_Male_MerinoWoolHat-KellyGreen_2.jpg?v=1738183912&width=3000,-,Merino Wool Hat - Kelly Green,https://colorfulstandard.com/fr-fr/products/merino-wool-hat-beanie-kelly-green-female,Chapeau,F,"[46.666666666666664, -41.0, 16.0]"
1474,https://colorfulstandard.com/cdn/shop/files/CS5085_Male_MerinoWoolHat-KellyGreen_2.jpg?v=1738183912&width=3000,-,Merino Wool Hat - Kelly Green,https://colorfulstandard.com/fr-fr/products/merino-wool-hat-beanie-kelly-green-female,Chapeau,F,"[34.509803921568626, -33.0, 14.0]"
1475,https://colorfulstandard.com/cdn/shop/files/CS1011_Female_OrganicSweatpants-OysterGrey_2.jpg?v=1738227847&width=3000,-,Organic Sweatpants - Oyster Grey,https://colorfulstandard.com/fr-fr/products/organic-sweatpants-pants-oyster-grey-female,Jogging,F,"[76.07843137254902, 6.0, 14.0]"
1476,https://colorfulstandard.com/cdn/shop/files/CS1011_Female_OrganicSweatpants-OysterGrey_2.jpg?v=1738227847&width=3000,-,Organic Sweatpants - Oyster Grey,https://colorfulstandard.com/fr-fr/products/organic-sweatpants-pants-oyster-grey-female,Jogging,F,"[71.76470588235294, 5.0, 15.0]"
1477,https://colorfulstandard.com/cdn/shop/products/Women_Oversized_Organic_T-Shirt-Women_Oversized_T-shirt-CS2056-Steel_Blue.jpg?v=1638834239&width=1560,-,Oversized Organic T-Shirt - Steel Blue,https://colorfulstandard.com/fr-fr/products/women-oversized-organic-t-shirt-women-oversized-t-shirt-steel-blue-female,T-shirt,F,"[68.62745098039215, -6.0, -3.0]"
1478,https://colorfulstandard.com/cdn/shop/files/CS1014_Female_OrganicQuarterZip-SteelBlue_2.jpg?v=1738155281&width=3000,-,Organic Quarter Zip - Steel Blue,https://colorfulstandard.com/fr-fr/products/organic-quarter-zip-quarter-zip-steel-blue-female,Pull,F,"[69.41176470588235, -3.0, 7.0]"
1479,https://colorfulstandard.com/cdn/shop/files/CS1014_Female_OrganicQuarterZip-SoftYellow_2.jpg?v=1738155260&width=3000,-,Organic Quarter Zip - Soft Yellow,https://colorfulstandard.com/fr-fr/products/organic-quarter-zip-quarter-zip-soft-yellow-female,Pull,F,"[92.94117647058823, 0.0, 18.0]"
1480,https://colorfulstandard.com/cdn/shop/files/CS1014_Female_OrganicQuarterZip-RaspberryPink_2.jpg?v=1738155042&width=3000,-,Organic Quarter Zip - Raspberry Pink,https://colorfulstandard.com/fr-fr/products/organic-quarter-zip-quarter-zip-raspberry-pink-female,Pull,F,"[58.43137254901961, 40.0, 12.0]"
1481,https://colorfulstandard.com/cdn/shop/files/CS1014_Female_OrganicQuarterZip-PurpleHaze_2.jpg?v=1738154927&width=3000,-,Organic Quarter Zip - Purple Haze,https://colorfulstandard.com/fr-fr/products/organic-quarter-zip-quarter-zip-purple-haze-female,Pull,F,"[60.78431372549019, 8.0, -5.0]"
1482,https://colorfulstandard.com/cdn/shop/files/CS1014_Female_OrganicQuarterZip-NavyBlue_2_a58966dd-273d-4248-96e3-34dc93f04686.jpg?v=1738333090&width=3000,-,Organic Quarter Zip - Navy Blue,https://colorfulstandard.com/fr-fr/products/organic-quarter-zip-quarter-zip-navy-blue-female,Pull,F,"[15.686274509803921, 1.0, -11.0]"
1483,https://colorfulstandard.com/cdn/shop/files/CS1014_Female_OrganicQuarterZip-LimestoneGrey_2.jpg?v=1738154514&width=3000,-,Organic Quarter Zip - Limestone Grey,https://colorfulstandard.com/fr-fr/products/organic-quarter-zip-quarter-zip-limestone-grey-female,Pull,F,"[85.09803921568627, -1.0, 2.0]"
1484,https://colorfulstandard.com/cdn/shop/files/CS1014_Female_OrganicQuarterZip-CoffeeBrown_2_6b97697c-4b7c-4a5b-b5e3-6e0843ce83e0.jpg?v=1738333066&width=3000,-,Organic Quarter Zip - Coffee Brown,https://colorfulstandard.com/fr-fr/products/organic-quarter-zip-quarter-zip-coffee-brown-female,Pull,F,"[18.03921568627451, 5.0, 4.0]"
1485,https://colorfulstandard.com/cdn/shop/files/CS5085_Male_MerinoWoolHat-PolarBlue_2_384c1f67-0ca1-4f26-a380-ce37d2c98bdc.jpg?v=1738184148&width=3000,-,Merino Wool Hat - Polar Blue,https://colorfulstandard.com/fr-fr/products/merino-wool-hat-beanie-polar-blue-female,Chapeau,F,"[85.88235294117646, -1.0, -10.0]"
1486,https://colorfulstandard.com/cdn/shop/files/CS5085_Male_MerinoWoolHat-PolarBlue_2_384c1f67-0ca1-4f26-a380-ce37d2c98bdc.jpg?v=1738184148&width=3000,-,Merino Wool Hat - Polar Blue,https://colorfulstandard.com/fr-fr/products/merino-wool-hat-beanie-polar-blue-female,Chapeau,F,"[76.47058823529412, -1.0, -12.0]"
1487,https://colorfulstandard.com/cdn/shop/files/CS5085_Male_MerinoWoolHat-LavaGrey_2_349aac5f-0661-4f1b-8274-3f17714d6d0d.jpg?v=1738183944&width=3000,-,Merino Wool Hat - Lava Grey,https://colorfulstandard.com/fr-fr/products/merino-wool-hat-beanie-lava-grey-female,Chapeau,F,"[32.15686274509804, 1.0, 0.0]"
1488,https://colorfulstandard.com/cdn/shop/files/CS5085_Male_MerinoWoolHat-LavaGrey_2_349aac5f-0661-4f1b-8274-3f17714d6d0d.jpg?v=1738183944&width=3000,-,Merino Wool Hat - Lava Grey,https://colorfulstandard.com/fr-fr/products/merino-wool-hat-beanie-lava-grey-female,Chapeau,F,"[18.823529411764707, 1.0, 0.0]"
1489,https://colorfulstandard.com/cdn/shop/files/CS5085_Male_MerinoWoolHat-HunterGreen_2.jpg?v=1738183866&width=3000,-,Merino Wool Hat - Hunter Green,https://colorfulstandard.com/fr-fr/products/merino-wool-hat-beanie-hunter-green-female,Chapeau,F,"[19.215686274509807, -4.0, 3.0]"
1490,https://colorfulstandard.com/cdn/shop/files/CS5085_Male_MerinoWoolHat-HunterGreen_2.jpg?v=1738183866&width=3000,-,Merino Wool Hat - Hunter Green,https://colorfulstandard.com/fr-fr/products/merino-wool-hat-beanie-hunter-green-female,Chapeau,F,"[12.156862745098039, -3.0, 4.0]"
1491,https://colorfulstandard.com/cdn/shop/files/CS5085_Male_MerinoWoolHat-EmeraldGreen_2_ab01c763-c4ca-49f1-94be-10e0e8dfe156.jpg?v=1738183675&width=3000,-,Merino Wool Hat - Emerald Green,https://colorfulstandard.com/fr-fr/products/merino-wool-hat-beanie-emerald-green-female,Chapeau,F,"[15.686274509803921, -8.0, 0.0]"
1492,https://colorfulstandard.com/cdn/shop/files/CS5085_Male_MerinoWoolHat-EmeraldGreen_2_ab01c763-c4ca-49f1-94be-10e0e8dfe156.jpg?v=1738183675&width=3000,-,Merino Wool Hat - Emerald Green,https://colorfulstandard.com/fr-fr/products/merino-wool-hat-beanie-emerald-green-female,Chapeau,F,"[9.411764705882353, -7.0, 1.0]"
1493,https://colorfulstandard.com/cdn/shop/files/CS5085_Male_MerinoWoolHat-DustyOlive_2.jpg?v=1738183626&width=3000,-,Merino Wool Hat - Dusty Olive,https://colorfulstandard.com/fr-fr/products/merino-wool-hat-beanie-dusty-olive-female,Chapeau,F,"[38.82352941176471, -1.0, 10.0]"
1494,https://colorfulstandard.com/cdn/shop/files/CS5087_Female_WomenClassicMerinoWoolCrew-WarmTaupe_2.jpg?v=1738227474&width=3000,-,Women Classic Merino Wool Crew - Warm Taupe,https://colorfulstandard.com/fr-fr/products/women-classic-merino-wool-crew-women-merino-crewneck-warm-taupe-female,Pull,F,"[56.07843137254902, 4.0, 11.0]"
1495,https://colorfulstandard.com/cdn/shop/files/CS5087_Female_WomenClassicMerinoWoolCrew-WarmTaupe_2.jpg?v=1738227474&width=3000,-,Women Classic Merino Wool Crew - Warm Taupe,https://colorfulstandard.com/fr-fr/products/women-classic-merino-wool-crew-women-merino-crewneck-warm-taupe-female,Pull,F,"[36.470588235294116, 5.0, 11.0]"
1496,https://colorfulstandard.com/cdn/shop/files/CS5087_Female_WomenClassicMerinoWoolCrew-PolarBlue_2.jpg?v=1738227415&width=3000,-,Women Classic Merino Wool Crew - Polar Blue,https://colorfulstandard.com/fr-fr/products/women-classic-merino-wool-crew-women-merino-crewneck-polar-blue-female,Pull,F,"[89.01960784313725, -3.0, -5.0]"
1497,https://colorfulstandard.com/cdn/shop/files/CS5087_Female_WomenClassicMerinoWoolCrew-PolarBlue_2.jpg?v=1738227415&width=3000,-,Women Classic Merino Wool Crew - Polar Blue,https://colorfulstandard.com/fr-fr/products/women-classic-merino-wool-crew-women-merino-crewneck-polar-blue-female,Pull,F,"[77.64705882352942, -4.0, -5.0]"
1498,https://colorfulstandard.com/cdn/shop/files/CS5087_Female_WomenClassicMerinoWoolCrew-PacificBlue_2.jpg?v=1738227399&width=3000,-,Women Classic Merino Wool Crew - Pacific Blue,https://colorfulstandard.com/fr-fr/products/women-classic-merino-wool-crew-women-merino-crewneck-pacific-blue-female,Pull,F,"[62.745098039215684, 11.0, -47.0]"
1499,https://colorfulstandard.com/cdn/shop/files/CS5087_Female_WomenClassicMerinoWoolCrew-PacificBlue_2.jpg?v=1738227399&width=3000,-,Women Classic Merino Wool Crew - Pacific Blue,https://colorfulstandard.com/fr-fr/products/women-classic-merino-wool-crew-women-merino-crewneck-pacific-blue-female,Pull,F,"[47.05882352941176, 14.0, -49.0]"
1500,https://colorfulstandard.com/cdn/shop/files/CS5087_Female_WomenClassicMerinoWoolCrew-LavaGrey_2.jpg?v=1738227369&width=3000,-,Women Classic Merino Wool Crew - Lava Grey,https://colorfulstandard.com/fr-fr/products/women-classic-merino-wool-crew-women-merino-crewneck-lava-grey-female,Pull,F,"[34.11764705882353, 1.0, 0.0]"
1501,https://colorfulstandard.com/cdn/shop/files/CS5087_Female_WomenClassicMerinoWoolCrew-LavaGrey_2.jpg?v=1738227369&width=3000,-,Women Classic Merino Wool Crew - Lava Grey,https://colorfulstandard.com/fr-fr/products/women-classic-merino-wool-crew-women-merino-crewneck-lava-grey-female,Pull,F,"[21.176470588235293, 2.0, -1.0]"
1502,https://colorfulstandard.com/cdn/shop/files/CS5087_Female_WomenClassicMerinoWoolCrew-BurnedYellow_2.jpg?v=1738227297&width=3000,-,Women Classic Merino Wool Crew - Burned Yellow,https://colorfulstandard.com/fr-fr/products/women-classic-merino-wool-crew-women-merino-crewneck-burned-yellow-female,Pull,F,"[75.68627450980392, 16.0, 69.0]"
1503,https://colorfulstandard.com/cdn/shop/files/CS5087_Female_WomenClassicMerinoWoolCrew-BurnedYellow_2.jpg?v=1738227297&width=3000,-,Women Classic Merino Wool Crew - Burned Yellow,https://colorfulstandard.com/fr-fr/products/women-classic-merino-wool-crew-women-merino-crewneck-burned-yellow-female,Pull,F,"[62.35294117647059, 23.0, 63.0]"
1504,https://colorfulstandard.com/cdn/shop/files/CS1012_Female_OrganicOversizedCrew-PolarBlue_2.jpg?v=1738230628&width=3000,-,Organic Oversized Crew - Polar Blue,https://colorfulstandard.com/fr-fr/products/organic-oversized-crew-polar-blue-female,Pull,F,"[90.19607843137256, -3.0, -8.0]"
1505,https://colorfulstandard.com/cdn/shop/files/CS1012_Female_OrganicOversizedCrew-PolarBlue_2.jpg?v=1738230628&width=3000,-,Organic Oversized Crew - Polar Blue,https://colorfulstandard.com/fr-fr/products/organic-oversized-crew-polar-blue-female,Pull,F,"[86.66666666666667, -3.0, -9.0]"
1506,https://colorfulstandard.com/cdn/shop/files/CS1007_Female_ClassicOrganicZipHood-SteelBlue_2.jpg?v=1738229338&width=3000,-,Classic Organic Zip Hood - Steel Blue,https://colorfulstandard.com/fr-fr/products/classic-organic-zip-hood-zip-hoodie-steel-blue-female,Hoodie,F,"[63.921568627450974, -7.0, -2.0]"
1507,https://colorfulstandard.com/cdn/shop/files/CS1007_Female_ClassicOrganicZipHood-SteelBlue_2.jpg?v=1738229338&width=3000,-,Classic Organic Zip Hood - Steel Blue,https://colorfulstandard.com/fr-fr/products/classic-organic-zip-hood-zip-hoodie-steel-blue-female,Hoodie,F,"[69.80392156862744, -7.0, -2.0]"
1508,https://colorfulstandard.com/cdn/shop/files/CS1006_Female_ClassicOrganicHood-SteelBlue_2.jpg?v=1738227015&width=3000,-,Classic Organic Hood - Steel Blue,https://colorfulstandard.com/fr-fr/products/classic-organic-hood-hoodie-steel-blue-female,Hoodie,F,"[70.58823529411765, -7.0, -2.0]"
1509,https://colorfulstandard.com/cdn/shop/files/CS1006_Female_ClassicOrganicHood-SteelBlue_2.jpg?v=1738227015&width=3000,-,Classic Organic Hood - Steel Blue,https://colorfulstandard.com/fr-fr/products/classic-organic-hood-hoodie-steel-blue-female,Hoodie,F,"[61.96078431372549, -7.0, -2.0]"
1510,https://colorfulstandard.com/cdn/shop/files/CS1006_Female_ClassicOrganicHood-PacificBlue_2.jpg?v=1738226642&width=3000,-,Classic Organic Hood - Pacific Blue,https://colorfulstandard.com/fr-fr/products/classic-organic-hood-hoodie-pacific-blue-female,Hoodie,F,"[56.07843137254902, -3.0, -41.0]"
1511,https://colorfulstandard.com/cdn/shop/files/CS1006_Female_ClassicOrganicHood-PacificBlue_2.jpg?v=1738226642&width=3000,-,Classic Organic Hood - Pacific Blue,https://colorfulstandard.com/fr-fr/products/classic-organic-hood-hoodie-pacific-blue-female,Hoodie,F,"[49.01960784313725, -1.0, -40.0]"
1512,https://colorfulstandard.com/cdn/shop/files/CS1006_Female_ClassicOrganicHood-HoneyBeige_2.jpg?v=1738226370&width=3000,-,Classic Organic Hood - Honey Beige,https://colorfulstandard.com/fr-fr/products/classic-organic-hood-hoodie-honey-beige-female,Hoodie,F,"[81.96078431372548, 4.0, 15.0]"
1513,https://colorfulstandard.com/cdn/shop/files/CS1006_Female_ClassicOrganicHood-HoneyBeige_2.jpg?v=1738226370&width=3000,-,Classic Organic Hood - Honey Beige,https://colorfulstandard.com/fr-fr/products/classic-organic-hood-hoodie-honey-beige-female,Hoodie,F,"[72.15686274509804, 5.0, 15.0]"
1514,https://colorfulstandard.com/cdn/shop/files/CS5084_Female_WomenLightMerinoWoolCrew-ScarletRed_2.jpg?v=1738185522&width=3000,-,Women Light Merino Wool Crew - Scarlet Red,https://colorfulstandard.com/fr-fr/products/women-merino-wool-crew-crewneck-scarlet-red-female,Pull,F,"[47.84313725490196, 68.0, 38.0]"
1515,https://colorfulstandard.com/cdn/shop/files/CS5084_Female_WomenLightMerinoWoolCrew-ScarletRed_2.jpg?v=1738185522&width=3000,-,Women Light Merino Wool Crew - Scarlet Red,https://colorfulstandard.com/fr-fr/products/women-merino-wool-crew-crewneck-scarlet-red-female,Pull,F,"[39.21568627450981, 62.0, 40.0]"
1516,https://colorfulstandard.com/cdn/shop/files/CS5084_Female_WomenLightMerinoWoolCrew-SaharaCamel_2_00eb5444-27cc-433e-bf0b-979b5b1430c8.jpg?v=1738185586&width=3000,-,Women Light Merino Wool Crew - Sahara Camel,https://colorfulstandard.com/fr-fr/products/women-merino-wool-crew-crewneck-sahara-camel-female,Pull,F,"[61.568627450980394, 16.0, 26.0]"
1517,https://colorfulstandard.com/cdn/shop/files/CS5084_Female_WomenLightMerinoWoolCrew-SaharaCamel_2_00eb5444-27cc-433e-bf0b-979b5b1430c8.jpg?v=1738185586&width=3000,-,Women Light Merino Wool Crew - Sahara Camel,https://colorfulstandard.com/fr-fr/products/women-merino-wool-crew-crewneck-sahara-camel-female,Pull,F,"[45.09803921568628, 17.0, 26.0]"
1518,https://colorfulstandard.com/cdn/shop/files/CS5084_Female_WomenLightMerinoWoolCrew-PolarBlue_2.jpg?v=1738185475&width=3000,-,Women Light Merino Wool Crew - Polar Blue,https://colorfulstandard.com/fr-fr/products/women-merino-wool-crew-crewneck-polar-blue-female,Pull,F,"[89.01960784313725, -3.0, -5.0]"
1519,https://colorfulstandard.com/cdn/shop/files/CS5084_Female_WomenLightMerinoWoolCrew-PolarBlue_2.jpg?v=1738185475&width=3000,-,Women Light Merino Wool Crew - Polar Blue,https://colorfulstandard.com/fr-fr/products/women-merino-wool-crew-crewneck-polar-blue-female,Pull,F,"[78.82352941176471, -4.0, -5.0]"
1520,https://colorfulstandard.com/cdn/shop/files/CS5084_Female_WomenLightMerinoWoolCrew-OxbloodRed_2.jpg?v=1738185441&width=3000,-,Women Light Merino Wool Crew - Oxblood Red,https://colorfulstandard.com/fr-fr/products/women-merino-wool-crew-crewneck-oxblood-red-female,Pull,F,"[17.254901960784313, 21.0, 3.0]"
1521,https://colorfulstandard.com/cdn/shop/files/CS5084_Female_WomenLightMerinoWoolCrew-OxbloodRed_2.jpg?v=1738185441&width=3000,-,Women Light Merino Wool Crew - Oxblood Red,https://colorfulstandard.com/fr-fr/products/women-merino-wool-crew-crewneck-oxblood-red-female,Pull,F,"[10.588235294117647, 20.0, 3.0]"
1522,https://colorfulstandard.com/cdn/shop/files/CS5084_Female_WomenLightMerinoWoolCrew-DustyOlive_2.jpg?v=1738185295&width=3000,-,Women Light Merino Wool Crew - Dusty Olive,https://colorfulstandard.com/fr-fr/products/women-merino-wool-crew-crewneck-dusty-olive-female,Pull,F,"[46.27450980392157, -5.0, 7.0]"
1523,https://colorfulstandard.com/cdn/shop/files/CS5084_Female_WomenLightMerinoWoolCrew-DustyOlive_2.jpg?v=1738185295&width=3000,-,Women Light Merino Wool Crew - Dusty Olive,https://colorfulstandard.com/fr-fr/products/women-merino-wool-crew-crewneck-dusty-olive-female,Pull,F,"[32.549019607843135, -5.0, 7.0]"
1524,https://colorfulstandard.com/cdn/shop/files/CS5084_Female_WomenLightMerinoWoolCrew-DeepBlack_2.jpg?v=1738185284&width=3000,-,Women Light Merino Wool Crew - Deep Black,https://colorfulstandard.com/fr-fr/products/women-merino-wool-crew-crewneck-deep-black-female,Pull,F,"[6.2745098039215685, 0.0, 0.0]"
1525,https://colorfulstandard.com/cdn/shop/files/CS5084_Female_WomenLightMerinoWoolCrew-DeepBlack_2.jpg?v=1738185284&width=3000,-,Women Light Merino Wool Crew - Deep Black,https://colorfulstandard.com/fr-fr/products/women-merino-wool-crew-crewneck-deep-black-female,Pull,F,"[11.76470588235294, 0.0, 0.0]"
1526,https://colorfulstandard.com/cdn/shop/files/CS5081_Female_MerinoWoolBeanie-SaharaCamel_2.jpg?v=1738154457&width=3000,-,Merino Wool Beanie - Sahara Camel,https://colorfulstandard.com/fr-fr/products/merino-wool-beanie-beanie-sahara-camel-female,Bonnet,F,"[57.647058823529406, 17.0, 27.0]"
1527,https://colorfulstandard.com/cdn/shop/files/CS5081_Female_MerinoWoolBeanie-SaharaCamel_2.jpg?v=1738154457&width=3000,-,Merino Wool Beanie - Sahara Camel,https://colorfulstandard.com/fr-fr/products/merino-wool-beanie-beanie-sahara-camel-female,Bonnet,F,"[42.745098039215684, 16.0, 25.0]"
1528,https://colorfulstandard.com/cdn/shop/files/CS1006_Female_ClassicOrganicHood-PolarBlue_2.jpg?v=1738226689&width=3000,-,Classic Organic Hood - Polar Blue,https://colorfulstandard.com/fr-fr/products/classic-organic-hood-hoodie-polar-blue-female,Hoodie,F,"[92.15686274509804, -4.0, -5.0]"
1529,https://colorfulstandard.com/cdn/shop/files/CS1006_Female_ClassicOrganicHood-PolarBlue_2.jpg?v=1738226689&width=3000,-,Classic Organic Hood - Polar Blue,https://colorfulstandard.com/fr-fr/products/classic-organic-hood-hoodie-polar-blue-female,Hoodie,F,"[86.66666666666667, -4.0, -6.0]"
1530,https://colorfulstandard.com/cdn/shop/files/CS1006_Female_ClassicOrganicHood-NavyBlue_2_81e60486-7fc6-4e20-8800-d4ae0a1462cc.jpg?v=1738329647&width=3000,-,Classic Organic Hood - Navy Blue,https://colorfulstandard.com/fr-fr/products/classic-organic-hood-hoodie-navy-blue-female,Hoodie,F,"[21.176470588235293, -1.0, -8.0]"
1531,https://colorfulstandard.com/cdn/shop/files/CS1006_Female_ClassicOrganicHood-NavyBlue_2_81e60486-7fc6-4e20-8800-d4ae0a1462cc.jpg?v=1738329647&width=3000,-,Classic Organic Hood - Navy Blue,https://colorfulstandard.com/fr-fr/products/classic-organic-hood-hoodie-navy-blue-female,Hoodie,F,"[17.647058823529413, -1.0, -7.0]"
1532,https://colorfulstandard.com/cdn/shop/files/CS1006_Female_ClassicOrganicHood-LavaGrey_2.jpg?v=1738226442&width=3000,-,Classic Organic Hood - Lava Grey,https://colorfulstandard.com/fr-fr/products/classic-organic-hood-hoodie-lava-grey-female,Hoodie,F,"[40.3921568627451, 0.0, -1.0]"
1533,https://colorfulstandard.com/cdn/shop/files/CS1006_Female_ClassicOrganicHood-LavaGrey_2.jpg?v=1738226442&width=3000,-,Classic Organic Hood - Lava Grey,https://colorfulstandard.com/fr-fr/products/classic-organic-hood-hoodie-lava-grey-female,Hoodie,F,"[33.33333333333333, 0.0, -1.0]"
1534,https://colorfulstandard.com/cdn/shop/files/CS1006_Female_ClassicOrganicHood-IvoryWhite_2.jpg?v=1738226404&width=3000,-,Classic Organic Hood - Ivory White,https://colorfulstandard.com/fr-fr/products/classic-organic-hood-hoodie-ivory-white-female,Hoodie,F,"[92.54901960784314, 0.0, 8.0]"
1535,https://colorfulstandard.com/cdn/shop/files/CS1006_Female_ClassicOrganicHood-IvoryWhite_2.jpg?v=1738226404&width=3000,-,Classic Organic Hood - Ivory White,https://colorfulstandard.com/fr-fr/products/classic-organic-hood-hoodie-ivory-white-female,Hoodie,F,"[87.05882352941177, -1.0, 8.0]"
1536,https://colorfulstandard.com/cdn/shop/files/CS1006_Female_ClassicOrganicHood-DustyOlive_2.jpg?v=1738226214&width=3000,-,Classic Organic Hood - Dusty Olive,https://colorfulstandard.com/fr-fr/products/classic-organic-hood-hoodie-dusty-olive-female,Hoodie,F,"[49.01960784313725, -6.0, 13.0]"
1537,https://colorfulstandard.com/cdn/shop/files/CS1006_Female_ClassicOrganicHood-DustyOlive_2.jpg?v=1738226214&width=3000,-,Classic Organic Hood - Dusty Olive,https://colorfulstandard.com/fr-fr/products/classic-organic-hood-hoodie-dusty-olive-female,Hoodie,F,"[41.96078431372549, -7.0, 13.0]"
1538,https://colorfulstandard.com/cdn/shop/files/CS2052_Female_WomenClassicOrganicCrew-SoftYellow_2.jpg?v=1738229204&width=3000,-,Women Classic Organic Crew - Soft Yellow,https://colorfulstandard.com/fr-fr/products/women-classic-organic-crew-women-crewneck-soft-yellow-female,Pull,F,"[93.33333333333333, 0.0, 17.0]"
1539,https://colorfulstandard.com/cdn/shop/files/CS2052_Female_WomenClassicOrganicCrew-SoftYellow_2.jpg?v=1738229204&width=3000,-,Women Classic Organic Crew - Soft Yellow,https://colorfulstandard.com/fr-fr/products/women-classic-organic-crew-women-crewneck-soft-yellow-female,Pull,F,"[90.19607843137256, 0.0, 20.0]"
1540,https://colorfulstandard.com/cdn/shop/files/CS2052_Female_WomenClassicOrganicCrew-SoftLavender_2.jpg?v=1738229211&width=3000,-,Women Classic Organic Crew - Soft Lavender,https://colorfulstandard.com/fr-fr/products/women-classic-organic-crew-women-crewneck-soft-lavender-female,Pull,F,"[87.45098039215686, 5.0, -13.0]"
1541,https://colorfulstandard.com/cdn/shop/files/CS2052_Female_WomenClassicOrganicCrew-SoftLavender_2.jpg?v=1738229211&width=3000,-,Women Classic Organic Crew - Soft Lavender,https://colorfulstandard.com/fr-fr/products/women-classic-organic-crew-women-crewneck-soft-lavender-female,Pull,F,"[81.56862745098039, 6.0, -14.0]"
1542,https://colorfulstandard.com/cdn/shop/files/CS2052_Female_WomenClassicOrganicCrew-ScarletRed_2.jpg?v=1738229235&width=3000,-,Women Classic Organic Crew - Scarlet Red,https://colorfulstandard.com/fr-fr/products/women-classic-organic-crew-women-crewneck-scarlet-red-female,Pull,F,"[46.27450980392157, 65.0, 33.0]"
1543,https://colorfulstandard.com/cdn/shop/files/CS2052_Female_WomenClassicOrganicCrew-ScarletRed_2.jpg?v=1738229235&width=3000,-,Women Classic Organic Crew - Scarlet Red,https://colorfulstandard.com/fr-fr/products/women-classic-organic-crew-women-crewneck-scarlet-red-female,Pull,F,"[41.17647058823529, 60.0, 32.0]"
1544,https://colorfulstandard.com/cdn/shop/files/CS2052_Female_WomenClassicOrganicCrew-PolarBlue_2.jpg?v=1738229289&width=3000,-,Women Classic Organic Crew - Polar Blue,https://colorfulstandard.com/fr-fr/products/women-classic-organic-crew-women-crewneck-polar-blue-female,Pull,F,"[91.37254901960785, -3.0, -8.0]"
1545,https://colorfulstandard.com/cdn/shop/files/CS2052_Female_WomenClassicOrganicCrew-PolarBlue_2.jpg?v=1738229289&width=3000,-,Women Classic Organic Crew - Polar Blue,https://colorfulstandard.com/fr-fr/products/women-classic-organic-crew-women-crewneck-polar-blue-female,Pull,F,"[87.84313725490196, -3.0, -8.0]"
1546,https://colorfulstandard.com/cdn/shop/files/CS2052_Female_WomenClassicOrganicCrew-OpticalWhite_2.jpg?v=1738229323&width=3000,-,Women Classic Organic Crew - Optical White,https://colorfulstandard.com/fr-fr/products/women-classic-organic-crew-women-crewneck-optical-white-female,Pull,F,"[96.47058823529412, 1.0, -1.0]"
1547,https://colorfulstandard.com/cdn/shop/files/CS2052_Female_WomenClassicOrganicCrew-NavyBlue_2_d38524c0-ca8a-4821-9d6c-aefa48c55e3b.jpg?v=1738334229&width=3000,-,Women Classic Organic Crew - Navy Blue,https://colorfulstandard.com/fr-fr/products/women-classic-organic-crew-women-crewneck-navy-blue-female,Pull,F,"[22.745098039215687, -1.0, -9.0]"
1548,https://colorfulstandard.com/cdn/shop/files/CS2052_Female_WomenClassicOrganicCrew-NavyBlue_2_d38524c0-ca8a-4821-9d6c-aefa48c55e3b.jpg?v=1738334229&width=3000,-,Women Classic Organic Crew - Navy Blue,https://colorfulstandard.com/fr-fr/products/women-classic-organic-crew-women-crewneck-navy-blue-female,Pull,F,"[18.823529411764707, -2.0, -7.0]"
1549,https://colorfulstandard.com/cdn/shop/files/CS2052_Female_WomenClassicOrganicCrew-KellyGreen_2.jpg?v=1738229394&width=3000,-,Women Classic Organic Crew - Kelly Green,https://colorfulstandard.com/fr-fr/products/women-classic-organic-crew-women-crewneck-kelly-green-female,Pull,F,"[52.54901960784314, -47.0, 25.0]"
1550,https://colorfulstandard.com/cdn/shop/files/CS2052_Female_WomenClassicOrganicCrew-KellyGreen_2.jpg?v=1738229394&width=3000,-,Women Classic Organic Crew - Kelly Green,https://colorfulstandard.com/fr-fr/products/women-classic-organic-crew-women-crewneck-kelly-green-female,Pull,F,"[45.88235294117647, -42.0, 23.0]"
1551,https://colorfulstandard.com/cdn/shop/files/CS2052_Female_WomenClassicOrganicCrew-DustyOlive_2.jpg?v=1738229456&width=3000,-,Women Classic Organic Crew - Dusty Olive,https://colorfulstandard.com/fr-fr/products/women-classic-organic-crew-women-crewneck-dusty-olive-female,Pull,F,"[45.490196078431374, -1.0, 13.0]"
1552,https://colorfulstandard.com/cdn/shop/files/CS2052_Female_WomenClassicOrganicCrew-DustyOlive_2.jpg?v=1738229456&width=3000,-,Women Classic Organic Crew - Dusty Olive,https://colorfulstandard.com/fr-fr/products/women-classic-organic-crew-women-crewneck-dusty-olive-female,Pull,F,"[39.6078431372549, -1.0, 13.0]"
1553,https://colorfulstandard.com/cdn/shop/files/CS2052_Female_WomenClassicOrganicCrew-BubblegumPink_2.jpg?v=1738229506&width=3000,-,Women Classic Organic Crew - Bubblegum Pink,https://colorfulstandard.com/fr-fr/products/women-classic-organic-crew-women-crewneck-bubblegum-pink-female,Pull,F,"[60.78431372549019, 63.0, 8.0]"
1554,https://colorfulstandard.com/cdn/shop/products/Women_Light_Organic_Tee-Women_T-shirt-CS2051-Oxblood_Red_c4640aad-4a53-4878-9d66-8dced5ca2353.jpg?v=1639446314&width=1560,-,Women Light Organic Tee - Oxblood Red,https://colorfulstandard.com/fr-fr/products/women-light-organic-tee-women-t-shirt-oxblood-red-female,T-shirt,F,"[12.549019607843137, 18.0, 1.0]"
1555,https://colorfulstandard.com/cdn/shop/files/CS1007_Female_ClassicOrganicZipHood-FadedPink_2.jpg?v=1738228802&width=3000,-,Classic Organic Zip Hood - Faded Pink,https://colorfulstandard.com/fr-fr/products/classic-organic-zip-hood-zip-hoodie-faded-pink-female,Hoodie,F,"[80.7843137254902, 6.0, 2.0]"
1556,https://colorfulstandard.com/cdn/shop/files/CS1007_Female_ClassicOrganicZipHood-FadedPink_2.jpg?v=1738228802&width=3000,-,Classic Organic Zip Hood - Faded Pink,https://colorfulstandard.com/fr-fr/products/classic-organic-zip-hood-zip-hoodie-faded-pink-female,Hoodie,F,"[75.29411764705883, 7.0, 2.0]"
1557,https://colorfulstandard.com/cdn/shop/files/CS1007_Female_ClassicOrganicZipHood-LavaGrey_2.jpg?v=1738228946&width=3000,-,Classic Organic Zip Hood - Lava Grey,https://colorfulstandard.com/fr-fr/products/classic-organic-zip-hood-zip-hoodie-lava-grey-female,Hoodie,F,"[34.509803921568626, 0.0, -1.0]"
1558,https://colorfulstandard.com/cdn/shop/files/CS1007_Female_ClassicOrganicZipHood-LavaGrey_2.jpg?v=1738228946&width=3000,-,Classic Organic Zip Hood - Lava Grey,https://colorfulstandard.com/fr-fr/products/classic-organic-zip-hood-zip-hoodie-lava-grey-female,Hoodie,F,"[39.6078431372549, 0.0, -1.0]"
1559,https://colorfulstandard.com/cdn/shop/files/CS1007_Female_ClassicOrganicZipHood-LavaGrey_2.jpg?v=1738228946&width=3000,-,Classic Organic Zip Hood - Lava Grey,https://colorfulstandard.com/fr-fr/products/classic-organic-zip-hood-zip-hoodie-lava-grey-female,Hoodie,F,"[27.84313725490196, 0.0, -1.0]"
1560,https://colorfulstandard.com/cdn/shop/files/CS1007_Female_ClassicOrganicZipHood-DustyOlive_2.jpg?v=1738228741&width=3000,-,Classic Organic Zip Hood - Dusty Olive,https://colorfulstandard.com/fr-fr/products/classic-organic-zip-hood-zip-hoodie-dusty-olive-female,Hoodie,F,"[47.45098039215686, -6.0, 12.0]"
1561,https://colorfulstandard.com/cdn/shop/files/CS1007_Female_ClassicOrganicZipHood-DustyOlive_2.jpg?v=1738228741&width=3000,-,Classic Organic Zip Hood - Dusty Olive,https://colorfulstandard.com/fr-fr/products/classic-organic-zip-hood-zip-hoodie-dusty-olive-female,Hoodie,F,"[42.35294117647059, -6.0, 12.0]"
1562,https://colorfulstandard.com/cdn/shop/files/CS4008_Female_WorkwearJacket-SeasideBlue_2.jpg?v=1738231157&width=3000,-,Organic Workwear Jacket - Seaside Blue,https://colorfulstandard.com/fr-fr/products/organic-workwear-jacket-seaside-blue,Veste,F,"[72.15686274509804, -7.0, -11.0]"
1563,https://colorfulstandard.com/cdn/shop/files/CS4008_Female_WorkwearJacket-SeasideBlue_2.jpg?v=1738231157&width=3000,-,Organic Workwear Jacket - Seaside Blue,https://colorfulstandard.com/fr-fr/products/organic-workwear-jacket-seaside-blue,Veste,F,"[63.921568627450974, -7.0, -12.0]"
1564,https://colorfulstandard.com/cdn/shop/files/CS4008_Female_WorkwearJacket-OceanGreen_2.jpg?v=1738229908&width=3000,-,Organic Workwear Jacket - Ocean Green,https://colorfulstandard.com/fr-fr/products/organic-workwear-jacket-ocean-green,Veste,F,"[34.90196078431372, -13.0, -3.0]"
1565,https://colorfulstandard.com/cdn/shop/files/CS4008_Female_WorkwearJacket-OceanGreen_2.jpg?v=1738229908&width=3000,-,Organic Workwear Jacket - Ocean Green,https://colorfulstandard.com/fr-fr/products/organic-workwear-jacket-ocean-green,Veste,F,"[29.01960784313726, -11.0, -2.0]"
1566,https://colorfulstandard.com/cdn/shop/files/CS4008_Female_WorkwearJacket-FadedPink_2.jpg?v=1738229765&width=3000,-,Organic Workwear Jacket - Faded Pink,https://colorfulstandard.com/fr-fr/products/organic-workwear-jacket-faded-pink,Veste,F,"[80.3921568627451, 9.0, -1.0]"
1567,https://colorfulstandard.com/cdn/shop/files/CS4008_Female_WorkwearJacket-FadedPink_2.jpg?v=1738229765&width=3000,-,Organic Workwear Jacket - Faded Pink,https://colorfulstandard.com/fr-fr/products/organic-workwear-jacket-faded-pink,Veste,F,"[71.76470588235294, 9.0, -1.0]"
1568,https://colorfulstandard.com/cdn/shop/files/CS4008_Female_WorkwearJacket-RedTangerine_2.jpg?v=1738231127&width=3000,-,Organic Workwear Jacket - Red Tangerine,https://colorfulstandard.com/fr-fr/products/organic-workwear-jacket-red-tangerine,Veste,F,"[58.43137254901961, 58.0, 32.0]"
1569,https://colorfulstandard.com/cdn/shop/files/CS4008_Female_WorkwearJacket-RedTangerine_2.jpg?v=1738231127&width=3000,-,Organic Workwear Jacket - Red Tangerine,https://colorfulstandard.com/fr-fr/products/organic-workwear-jacket-red-tangerine,Veste,F,"[53.72549019607843, 58.0, 33.0]"
1570,https://colorfulstandard.com/cdn/shop/files/CS4008_Female_WorkwearJacket-OxbloodRed_2.jpg?v=1738231052&width=3000,-,Organic Workwear Jacket - Oxblood Red,https://colorfulstandard.com/fr-fr/products/organic-workwear-jacket-oxblood-red,Veste,F,"[10.980392156862745, 13.0, 5.0]"
1571,https://colorfulstandard.com/cdn/shop/files/CS4008_Female_WorkwearJacket-CherryBlossom_2.jpg?v=1738229495&width=3000,-,Organic Workwear Jacket - Cherry Blossom,https://colorfulstandard.com/fr-fr/products/organic-workwear-jacket-cherry-blossom,Veste,F,"[78.82352941176471, 25.0, -19.0]"
1572,https://colorfulstandard.com/cdn/shop/files/CS4008_Female_WorkwearJacket-CherryBlossom_2.jpg?v=1738229495&width=3000,-,Organic Workwear Jacket - Cherry Blossom,https://colorfulstandard.com/fr-fr/products/organic-workwear-jacket-cherry-blossom,Veste,F,"[72.94117647058823, 27.0, -20.0]"
1573,https://colorfulstandard.com/cdn/shop/files/CS4008_Female_WorkwearJacket-MarineBlue_2.jpg?v=1738229857&width=3000,-,Organic Workwear Jacket - Marine Blue,https://colorfulstandard.com/fr-fr/products/organic-workwear-jacket-marine-blue,Veste,F,"[25.49019607843137, 6.0, -23.0]"
1574,https://colorfulstandard.com/cdn/shop/files/CS4008_Female_WorkwearJacket-SoftYellow_2.jpg?v=1738231202&width=3000,-,Organic Workwear Jacket - Soft Yellow,https://colorfulstandard.com/fr-fr/products/organic-workwear-jacket-soft-yellow,Veste,F,"[92.15686274509804, -3.0, 27.0]"
1575,https://colorfulstandard.com/cdn/shop/files/CS4008_Female_WorkwearJacket-SoftYellow_2.jpg?v=1738231202&width=3000,-,Organic Workwear Jacket - Soft Yellow,https://colorfulstandard.com/fr-fr/products/organic-workwear-jacket-soft-yellow,Veste,F,"[85.88235294117646, -1.0, 29.0]"
1576,https://colorfulstandard.com/cdn/shop/files/CS4008_Female_WorkwearJacket-OpticalWhite_2.jpg?v=1738231023&width=3000,-,Organic Workwear Jacket - Optical White,https://colorfulstandard.com/fr-fr/products/organic-workwear-jacket-optical-white,Veste,F,"[89.01960784313725, 0.0, 0.0]"
1577,https://colorfulstandard.com/cdn/shop/files/CS4008_Female_WorkwearJacket-OpticalWhite_2.jpg?v=1738231023&width=3000,-,Organic Workwear Jacket - Optical White,https://colorfulstandard.com/fr-fr/products/organic-workwear-jacket-optical-white,Veste,F,"[92.54901960784314, 0.0, 0.0]"
1578,https://colorfulstandard.com/cdn/shop/files/CS4008_Female_WorkwearJacket-BubblegumPink_2.jpg?v=1738229460&width=3000,-,Organic Workwear Jacket - Bubblegum Pink,https://colorfulstandard.com/fr-fr/products/organic-workwear-jacket-bubblegum-pink,Veste,F,"[66.27450980392156, 58.0, -11.0]"
1579,https://colorfulstandard.com/cdn/shop/files/CS4008_Female_WorkwearJacket-BubblegumPink_2.jpg?v=1738229460&width=3000,-,Organic Workwear Jacket - Bubblegum Pink,https://colorfulstandard.com/fr-fr/products/organic-workwear-jacket-bubblegum-pink,Veste,F,"[60.0, 59.0, -7.0]"
1580,https://colorfulstandard.com/cdn/shop/files/CS1015_Female_OrganicOversizedHood-ScarletRed_2.jpg?v=1738158229&width=3000,-,Organic Oversized Hood - Scarlet Red,https://colorfulstandard.com/fr-fr/products/organic-oversized-hood-scarlet-red-female,Hoodie,F,"[46.27450980392157, 65.0, 33.0]"
1581,https://colorfulstandard.com/cdn/shop/files/CS1015_Female_OrganicOversizedHood-ScarletRed_2.jpg?v=1738158229&width=3000,-,Organic Oversized Hood - Scarlet Red,https://colorfulstandard.com/fr-fr/products/organic-oversized-hood-scarlet-red-female,Hoodie,F,"[43.13725490196079, 62.0, 33.0]"
1582,https://colorfulstandard.com/cdn/shop/files/CS5091_Female_MerinoQuarterZip-MagentaBlaze_2.jpg?v=1738163192&width=3000,-,Merino Quarter Zip - Magenta Blaze,https://colorfulstandard.com/fr-fr/products/merino-wool-quarter-zip-magenta-blaze-female,Pull,F,"[45.88235294117647, 57.0, -22.0]"
1583,https://colorfulstandard.com/cdn/shop/files/CS5091_Female_MerinoQuarterZip-MagentaBlaze_2.jpg?v=1738163192&width=3000,-,Merino Quarter Zip - Magenta Blaze,https://colorfulstandard.com/fr-fr/products/merino-wool-quarter-zip-magenta-blaze-female,Pull,F,"[33.72549019607843, 49.0, -18.0]"
1584,https://colorfulstandard.com/cdn/shop/files/CS5088_Female_OversizedMerinoWoolCrew-MarineBlue_2.jpg?v=1738226879&width=3000,-,Oversized Merino Wool Crew - Marine Blue,https://colorfulstandard.com/fr-fr/products/oversized-merino-wool-crew-marine-blue-female,Pull,F,"[14.50980392156863, 6.0, -16.0]"
1585,https://colorfulstandard.com/cdn/shop/files/CS5088_Female_OversizedMerinoWoolCrew-MarineBlue_2.jpg?v=1738226879&width=3000,-,Oversized Merino Wool Crew - Marine Blue,https://colorfulstandard.com/fr-fr/products/oversized-merino-wool-crew-marine-blue-female,Pull,F,"[7.450980392156863, 6.0, -15.0]"
1586,https://colorfulstandard.com/cdn/shop/files/CS5091_Female_MerinoQuarterZip-NavyBlue_2.jpg?v=1738163246&width=3000,-,Merino Quarter Zip - Navy Blue,https://colorfulstandard.com/fr-fr/products/merino-wool-quarter-zip-navy-blue-female,Pull,F,"[12.941176470588237, 4.0, -11.0]"
1587,https://colorfulstandard.com/cdn/shop/files/CS5091_Female_MerinoQuarterZip-NavyBlue_2.jpg?v=1738163246&width=3000,-,Merino Quarter Zip - Navy Blue,https://colorfulstandard.com/fr-fr/products/merino-wool-quarter-zip-navy-blue-female,Pull,F,"[7.8431372549019605, 4.0, -10.0]"
1588,https://colorfulstandard.com/cdn/shop/files/CS5091_Female_MerinoQuarterZip-MarineBlue_2.jpg?v=1738163208&width=3000,-,Merino Quarter Zip - Marine Blue,https://colorfulstandard.com/fr-fr/products/merino-wool-quarter-zip-marine-blue-female,Pull,F,"[12.941176470588237, 6.0, -17.0]"
1589,https://colorfulstandard.com/cdn/shop/files/CS5091_Female_MerinoQuarterZip-IvoryWhite_2.jpg?v=1738163157&width=3000,-,Merino Quarter Zip - Ivory White,https://colorfulstandard.com/fr-fr/products/merino-wool-quarter-zip-ivory-white-female,Pull,F,"[85.88235294117646, 3.0, 10.0]"
1590,https://colorfulstandard.com/cdn/shop/files/CS5091_Female_MerinoQuarterZip-IvoryWhite_2.jpg?v=1738163157&width=3000,-,Merino Quarter Zip - Ivory White,https://colorfulstandard.com/fr-fr/products/merino-wool-quarter-zip-ivory-white-female,Pull,F,"[79.6078431372549, 4.0, 10.0]"
1591,https://colorfulstandard.com/cdn/shop/files/CS5091_Female_MerinoQuarterZip-HeatherGrey_2.jpg?v=1738163138&width=3000,-,Merino Quarter Zip - Heather Grey,https://colorfulstandard.com/fr-fr/products/merino-wool-quarter-zip-heather-grey-female,Pull,F,"[65.88235294117646, 0.0, -1.0]"
1592,https://colorfulstandard.com/cdn/shop/files/CS5091_Female_MerinoQuarterZip-HeatherGrey_2.jpg?v=1738163138&width=3000,-,Merino Quarter Zip - Heather Grey,https://colorfulstandard.com/fr-fr/products/merino-wool-quarter-zip-heather-grey-female,Pull,F,"[78.82352941176471, 0.0, -1.0]"
1593,https://colorfulstandard.com/cdn/shop/files/CS5091_Female_MerinoQuarterZip-HeatherGrey_2.jpg?v=1738163138&width=3000,-,Merino Quarter Zip - Heather Grey,https://colorfulstandard.com/fr-fr/products/merino-wool-quarter-zip-heather-grey-female,Pull,F,"[51.76470588235295, 0.0, -1.0]"
1594,https://colorfulstandard.com/cdn/shop/files/CS5091_Female_MerinoQuarterZip-DustyOlive_2.jpg?v=1738162976&width=3000,-,Merino Quarter Zip - Dusty Olive,https://colorfulstandard.com/fr-fr/products/merino-wool-quarter-zip-dusty-olive-female,Pull,F,"[47.45098039215686, -5.0, 6.0]"
1595,https://colorfulstandard.com/cdn/shop/files/CS5091_Female_MerinoQuarterZip-DustyOlive_2.jpg?v=1738162976&width=3000,-,Merino Quarter Zip - Dusty Olive,https://colorfulstandard.com/fr-fr/products/merino-wool-quarter-zip-dusty-olive-female,Pull,F,"[35.68627450980392, -5.0, 7.0]"
1596,https://colorfulstandard.com/cdn/shop/files/CS5091_Female_MerinoQuarterZip-DeepBlack_2.jpg?v=1738162955&width=3000,-,Merino Quarter Zip - Deep Black,https://colorfulstandard.com/fr-fr/products/merino-wool-quarter-zip-deep-black-female,Pull,F,"[12.156862745098039, 0.0, 0.0]"
1597,https://colorfulstandard.com/cdn/shop/files/CS5091_Female_MerinoQuarterZip-DeepBlack_2.jpg?v=1738162955&width=3000,-,Merino Quarter Zip - Deep Black,https://colorfulstandard.com/fr-fr/products/merino-wool-quarter-zip-deep-black-female,Pull,F,"[7.450980392156863, 0.0, 0.0]"
1598,https://colorfulstandard.com/cdn/shop/files/CS5091_Female_MerinoQuarterZip-CoffeeBrown_2.jpg?v=1738162935&width=3000,-,Merino Quarter Zip - Coffee Brown,https://colorfulstandard.com/fr-fr/products/merino-wool-quarter-zip-coffee-brown-female,Pull,F,"[30.58823529411765, 5.0, 7.0]"
1599,https://colorfulstandard.com/cdn/shop/files/CS5091_Female_MerinoQuarterZip-CoffeeBrown_2.jpg?v=1738162935&width=3000,-,Merino Quarter Zip - Coffee Brown,https://colorfulstandard.com/fr-fr/products/merino-wool-quarter-zip-coffee-brown-female,Pull,F,"[21.96078431372549, 4.0, 6.0]"
1600,https://colorfulstandard.com/cdn/shop/files/CS1006_Female_ClassicOrganicHood-SapphireBlue_2.jpg?v=1738226850&width=3000,-,Classic Organic Hood - Sapphire Blue,https://colorfulstandard.com/fr-fr/products/classic-organic-hood-hoodie-sapphire-blue-female,Hoodie,F,"[42.745098039215684, 25.0, -62.0]"
1601,https://colorfulstandard.com/cdn/shop/files/CS1006_Female_ClassicOrganicHood-SapphireBlue_2.jpg?v=1738226850&width=3000,-,Classic Organic Hood - Sapphire Blue,https://colorfulstandard.com/fr-fr/products/classic-organic-hood-hoodie-sapphire-blue-female,Hoodie,F,"[36.86274509803922, 26.0, -60.0]"
1602,https://colorfulstandard.com/cdn/shop/files/CS1006_Female_ClassicOrganicHood-MistyBrown_2.jpg?v=1738226513&width=3000,-,Classic Organic Hood - Misty Brown,https://colorfulstandard.com/fr-fr/products/classic-organic-hood-hoodie-misty-brown-female,Hoodie,F,"[50.588235294117645, 1.0, 5.0]"
1603,https://colorfulstandard.com/cdn/shop/files/CS1006_Female_ClassicOrganicHood-MistyBrown_2.jpg?v=1738226513&width=3000,-,Classic Organic Hood - Misty Brown,https://colorfulstandard.com/fr-fr/products/classic-organic-hood-hoodie-misty-brown-female,Hoodie,F,"[41.96078431372549, 1.0, 5.0]"
1604,https://colorfulstandard.com/cdn/shop/files/CS2051_Female_WomenLightOrganicTee-MagentaBlaze_1.jpg?v=1716906310&width=3000,-,Women Light Organic Tee - Magenta Blaze,https://colorfulstandard.com/fr-fr/products/women-light-organic-tee-women-t-shirt-magenta-blaze-female,T-shirt,F,"[51.37254901960784, 59.0, -9.0]"
1605,https://colorfulstandard.com/cdn/shop/files/CS2051_Female_WomenLightOrganicTee-MagentaBlaze_1.jpg?v=1716906310&width=3000,-,Women Light Organic Tee - Magenta Blaze,https://colorfulstandard.com/fr-fr/products/women-light-organic-tee-women-t-shirt-magenta-blaze-female,T-shirt,F,"[45.09803921568628, 56.0, -7.0]"
1606,https://colorfulstandard.com/cdn/shop/files/CS5088_Female_OversizedMerinoWoolCrew-MagentaBlaze_2.jpg?v=1738226983&width=3000,-,Oversized Merino Wool Crew - Magenta Blaze,https://colorfulstandard.com/fr-fr/products/oversized-merino-wool-crew-magenta-blaze-female,Pull,F,"[43.13725490196079, 54.0, -21.0]"
1607,https://colorfulstandard.com/cdn/shop/files/CS5088_Female_OversizedMerinoWoolCrew-MagentaBlaze_2.jpg?v=1738226983&width=3000,-,Oversized Merino Wool Crew - Magenta Blaze,https://colorfulstandard.com/fr-fr/products/oversized-merino-wool-crew-magenta-blaze-female,Pull,F,"[30.19607843137255, 47.0, -17.0]"
1608,https://colorfulstandard.com/cdn/shop/files/CS2057_OrganicBoxyCropTee-FadedPink_2.jpg?v=1738245237&width=3000,-,Organic Boxy Crop Tee - Faded Pink,https://colorfulstandard.com/fr-fr/products/organic-boxy-crop-tee-faded-pink,T-shirt,F,"[87.05882352941177, 11.0, 5.0]"
1609,https://colorfulstandard.com/cdn/shop/files/CS2057_OrganicBoxyCropTee-FadedPink_2.jpg?v=1738245237&width=3000,-,Organic Boxy Crop Tee - Faded Pink,https://colorfulstandard.com/fr-fr/products/organic-boxy-crop-tee-faded-pink,T-shirt,F,"[82.74509803921568, 13.0, 6.0]"
1610,https://colorfulstandard.com/cdn/shop/files/CS4008_Female_WorkwearJacket-StoneBlue_2.jpg?v=1738231220&width=3000,-,Organic Workwear Jacket - Stone Blue,https://colorfulstandard.com/fr-fr/products/organic-workwear-jacket-stone-blue-1,Veste,F,"[65.88235294117646, -7.0, -8.0]"
1611,https://colorfulstandard.com/cdn/shop/files/CS4008_Female_WorkwearJacket-StoneBlue_2.jpg?v=1738231220&width=3000,-,Organic Workwear Jacket - Stone Blue,https://colorfulstandard.com/fr-fr/products/organic-workwear-jacket-stone-blue-1,Veste,F,"[57.647058823529406, -7.0, -8.0]"
1612,https://colorfulstandard.com/cdn/shop/files/CS4008_Female_WorkwearJacket-SoftLavender_2.jpg?v=1738231174&width=3000,-,Organic Workwear Jacket - Soft Lavender,https://colorfulstandard.com/fr-fr/products/organic-workwear-jacket-soft-lavender-1,Veste,F,"[89.41176470588236, 6.0, -7.0]"
1613,https://colorfulstandard.com/cdn/shop/files/CS4008_Female_WorkwearJacket-SoftLavender_2.jpg?v=1738231174&width=3000,-,Organic Workwear Jacket - Soft Lavender,https://colorfulstandard.com/fr-fr/products/organic-workwear-jacket-soft-lavender-1,Veste,F,"[85.49019607843137, 6.0, -7.0]"
1614,https://colorfulstandard.com/cdn/shop/files/CS4008_Female_WorkwearJacket-PetrolBlue_2.jpg?v=1738231111&width=3000,-,Organic Workwear Jacket - Petrol Blue,https://colorfulstandard.com/fr-fr/products/organic-workwear-jacket-petrol-blue-1,Veste,F,"[30.980392156862745, 2.0, -16.0]"
1615,https://colorfulstandard.com/cdn/shop/files/CS4008_Female_WorkwearJacket-LavaGrey_2.jpg?v=1738229841&width=3000,-,Organic Workwear Jacket - Lava Grey,https://colorfulstandard.com/fr-fr/products/organic-workwear-jacket-lava-grey-1,Veste,F,"[30.980392156862745, 0.0, 0.0]"
1616,https://colorfulstandard.com/cdn/shop/files/CS4008_Female_WorkwearJacket-LavaGrey_2.jpg?v=1738229841&width=3000,-,Organic Workwear Jacket - Lava Grey,https://colorfulstandard.com/fr-fr/products/organic-workwear-jacket-lava-grey-1,Veste,F,"[24.705882352941178, 0.0, 0.0]"
1617,https://colorfulstandard.com/cdn/shop/files/CS4008_Female_WorkwearJacket-KellyGreen_2.jpg?v=1738229825&width=3000,-,Organic Workwear Jacket - Kelly Green,https://colorfulstandard.com/fr-fr/products/organic-workwear-jacket-kelly-green,Veste,F,"[50.98039215686274, -42.0, 15.0]"
1618,https://colorfulstandard.com/cdn/shop/files/CS4008_Female_WorkwearJacket-IvoryWhite_2.jpg?v=1738229809&width=3000,-,Organic Workwear Jacket - Ivory White,https://colorfulstandard.com/fr-fr/products/organic-workwear-jacket-ivory-white-1,Veste,F,"[92.15686274509804, 1.0, 7.0]"
1619,https://colorfulstandard.com/cdn/shop/files/CS4008_Female_WorkwearJacket-IvoryWhite_2.jpg?v=1738229809&width=3000,-,Organic Workwear Jacket - Ivory White,https://colorfulstandard.com/fr-fr/products/organic-workwear-jacket-ivory-white-1,Veste,F,"[88.62745098039215, 2.0, 8.0]"
1620,https://colorfulstandard.com/cdn/shop/files/CS4008_Female_WorkwearJacket-HunterGreen_2.jpg?v=1738229789&width=3000,-,Organic Workwear Jacket - Hunter Green,https://colorfulstandard.com/fr-fr/products/organic-workwear-jacket-hunter-green-1,Veste,F,"[17.254901960784313, -4.0, 4.0]"
1621,https://colorfulstandard.com/cdn/shop/files/CS4008_Female_WorkwearJacket-HunterGreen_2.jpg?v=1738229789&width=3000,-,Organic Workwear Jacket - Hunter Green,https://colorfulstandard.com/fr-fr/products/organic-workwear-jacket-hunter-green-1,Veste,F,"[13.725490196078432, -5.0, 4.0]"
1622,https://colorfulstandard.com/cdn/shop/files/CS4008_Female_WorkwearJacket-DustyOlive_2.jpg?v=1738229747&width=3000,-,Organic Workwear Jacket - Dusty Olive,https://colorfulstandard.com/fr-fr/products/copy-of-organic-workwear-jacket-dusty-olive,Veste,F,"[39.21568627450981, -5.0, 11.0]"
1623,https://colorfulstandard.com/cdn/shop/files/CS4008_Female_WorkwearJacket-DustyOlive_2.jpg?v=1738229747&width=3000,-,Organic Workwear Jacket - Dusty Olive,https://colorfulstandard.com/fr-fr/products/copy-of-organic-workwear-jacket-dusty-olive,Veste,F,"[32.15686274509804, -5.0, 10.0]"
1624,https://colorfulstandard.com/cdn/shop/files/CS4008_Female_WorkwearJacket-DesertKhaki_2_9f015069-234a-4f5a-9507-310c0a3cb854.jpg?v=1738229665&width=3000,-,Organic Workwear Jacket - Desert Khaki,https://colorfulstandard.com/fr-fr/products/organic-workwear-jacket-desert-khaki-1,Veste,F,"[74.50980392156863, 6.0, 25.0]"
1625,https://colorfulstandard.com/cdn/shop/files/CS4008_Female_WorkwearJacket-DesertKhaki_2_9f015069-234a-4f5a-9507-310c0a3cb854.jpg?v=1738229665&width=3000,-,Organic Workwear Jacket - Desert Khaki,https://colorfulstandard.com/fr-fr/products/organic-workwear-jacket-desert-khaki-1,Veste,F,"[65.09803921568627, 7.0, 24.0]"
1626,https://colorfulstandard.com/cdn/shop/files/CS4008_Female_WorkwearJacket-DeepBlack_2.jpg?v=1738229511&width=3000,-,Organic Workwear Jacket - Deep Black,https://colorfulstandard.com/fr-fr/products/organic-workwear-jacket-deep-black-1,Veste,F,"[12.156862745098039, 0.0, 0.0]"
1627,https://colorfulstandard.com/cdn/shop/files/CS4008_Female_WorkwearJacket-CedarBrown_2.jpg?v=1738229480&width=3000,-,Organic Workwear Jacket - Cedar Brown,https://colorfulstandard.com/fr-fr/products/organic-workwear-jacket-cedar-brown-1,Veste,F,"[37.64705882352941, 3.0, 11.0]"
1628,https://colorfulstandard.com/cdn/shop/files/CS4008_Female_WorkwearJacket-CedarBrown_2.jpg?v=1738229480&width=3000,-,Organic Workwear Jacket - Cedar Brown,https://colorfulstandard.com/fr-fr/products/organic-workwear-jacket-cedar-brown-1,Veste,F,"[29.80392156862745, 4.0, 10.0]"
1629,https://colorfulstandard.com/cdn/shop/files/CS2052_Female_WomenClassicOrganicCrew-TropicalSea_2.jpg?v=1738229180&width=3000,-,Women Classic Organic Crew - Tropical Sea,https://colorfulstandard.com/fr-fr/products/women-classic-organic-crew-tropical-sea,Pull,F,"[67.84313725490196, -42.0, -4.0]"
1630,https://colorfulstandard.com/cdn/shop/files/CS2052_Female_WomenClassicOrganicCrew-TropicalSea_2.jpg?v=1738229180&width=3000,-,Women Classic Organic Crew - Tropical Sea,https://colorfulstandard.com/fr-fr/products/women-classic-organic-crew-tropical-sea,Pull,F,"[58.82352941176471, -38.0, -3.0]"
1631,https://colorfulstandard.com/cdn/shop/files/CS1015_Female_OrganicOversizedHood-TropicalSea_2.jpg?v=1738158397&width=3000,-,Organic Oversized Hood - Tropical Sea,https://colorfulstandard.com/fr-fr/products/organic-oversized-hood-tropical-sea-1,Hoodie,F,"[67.05882352941175, -41.0, -4.0]"
1632,https://colorfulstandard.com/cdn/shop/files/CS1015_Female_OrganicOversizedHood-TropicalSea_2.jpg?v=1738158397&width=3000,-,Organic Oversized Hood - Tropical Sea,https://colorfulstandard.com/fr-fr/products/organic-oversized-hood-tropical-sea-1,Hoodie,F,"[61.96078431372549, -39.0, -4.0]"
1633,https://colorfulstandard.com/cdn/shop/files/CS1014_Female_OrganicQuarterZip-TropicalSea_2.jpg?v=1738155303&width=3000,-,Organic Quarter Zip - Tropical Sea,https://colorfulstandard.com/fr-fr/products/organic-quarter-zip-tropical-sea-1,Pull,F,"[67.05882352941175, -42.0, -4.0]"
1634,https://colorfulstandard.com/cdn/shop/files/CS1011_Female_OrganicSweatpants-TropicalSea_2.jpg?v=1738228259&width=3000,-,Organic Sweatpants - Tropical Sea,https://colorfulstandard.com/fr-fr/products/organic-sweatpants-tropical-sea-1,Jogging,F,"[66.27450980392156, -41.0, -4.0]"
1635,https://colorfulstandard.com/cdn/shop/files/CS1011_Female_OrganicSweatpants-TropicalSea_2.jpg?v=1738228259&width=3000,-,Organic Sweatpants - Tropical Sea,https://colorfulstandard.com/fr-fr/products/organic-sweatpants-tropical-sea-1,Jogging,F,"[61.1764705882353, -39.0, -3.0]"
1636,https://colorfulstandard.com/cdn/shop/files/CS1007_Female_ClassicOrganicZipHood-RedTangerine_2.jpg?v=1738229241&width=3000,-,Classic Organic Zip Hood - Red Tangerine,https://colorfulstandard.com/fr-fr/products/classic-organic-zip-hood-red-tangerine-1,Hoodie,F,"[54.90196078431373, 64.0, 31.0]"
1637,https://colorfulstandard.com/cdn/shop/files/CS1007_Female_ClassicOrganicZipHood-RedTangerine_2.jpg?v=1738229241&width=3000,-,Classic Organic Zip Hood - Red Tangerine,https://colorfulstandard.com/fr-fr/products/classic-organic-zip-hood-red-tangerine-1,Hoodie,F,"[49.80392156862745, 62.0, 33.0]"
1638,https://colorfulstandard.com/cdn/shop/files/CS1006_Female_ClassicOrganicHood-RedTangerine_2.jpg?v=1738226815&width=3000,-,Classic Organic Hood - Red Tangerine,https://colorfulstandard.com/fr-fr/products/classic-organic-hood-red-tangerine-1,Hoodie,F,"[56.07843137254902, 64.0, 31.0]"
1639,https://colorfulstandard.com/cdn/shop/files/CS1011_Female_OrganicSweatpants-StoneBlue_2.jpg?v=1738228205&width=3000,-,Organic Sweatpants - Stone Blue,https://colorfulstandard.com/fr-fr/products/organic-sweatpants-pants-stone-blue-female,Jogging,F,"[58.82352941176471, -9.0, -9.0]"
1640,https://colorfulstandard.com/cdn/shop/files/CS1011_Female_OrganicSweatpants-StoneBlue_2.jpg?v=1738228205&width=3000,-,Organic Sweatpants - Stone Blue,https://colorfulstandard.com/fr-fr/products/organic-sweatpants-pants-stone-blue-female,Jogging,F,"[54.90196078431373, -9.0, -9.0]"
1641,https://colorfulstandard.com/cdn/shop/files/CS1014_Female_OrganicQuarterZip-GingerBrown_2.jpg?v=1738154335&width=3000,-,Organic Quarter Zip - Ginger Brown,https://colorfulstandard.com/fr-fr/products/organic-quarter-zip-quarter-zip-ginger-brown-female,Pull,F,"[52.156862745098046, 22.0, 37.0]"
1642,https://colorfulstandard.com/cdn/shop/files/CS1014_Female_OrganicQuarterZip-GingerBrown_2.jpg?v=1738154335&width=3000,-,Organic Quarter Zip - Ginger Brown,https://colorfulstandard.com/fr-fr/products/organic-quarter-zip-quarter-zip-ginger-brown-female,Pull,F,"[46.666666666666664, 23.0, 36.0]"
1643,https://colorfulstandard.com/cdn/shop/files/CS1006_Female_ClassicOrganicHood-MidnightForest_2.jpg?v=1738226490&width=3000,-,Classic Organic Hood - Midnight Forest,https://colorfulstandard.com/fr-fr/products/classic-organic-hood-hoodie-midnight-forest-female,Hoodie,F,"[36.86274509803922, -7.0, 4.0]"
1644,https://colorfulstandard.com/cdn/shop/files/CS1006_Female_ClassicOrganicHood-MidnightForest_2.jpg?v=1738226490&width=3000,-,Classic Organic Hood - Midnight Forest,https://colorfulstandard.com/fr-fr/products/classic-organic-hood-hoodie-midnight-forest-female,Hoodie,F,"[32.15686274509804, -6.0, 4.0]"
1645,https://colorfulstandard.com/cdn/shop/files/CS1006_Female_ClassicOrganicHood-GingerBrown_2.jpg?v=1738226336&width=3000,-,Classic Organic Hood - Ginger Brown,https://colorfulstandard.com/fr-fr/products/classic-organic-hood-hoodie-ginger-brown-female,Hoodie,F,"[50.98039215686274, 23.0, 37.0]"
1646,https://colorfulstandard.com/cdn/shop/files/CS1006_Female_ClassicOrganicHood-GingerBrown_2.jpg?v=1738226336&width=3000,-,Classic Organic Hood - Ginger Brown,https://colorfulstandard.com/fr-fr/products/classic-organic-hood-hoodie-ginger-brown-female,Hoodie,F,"[44.31372549019608, 22.0, 35.0]"
1647,https://colorfulstandard.com/cdn/shop/files/CS4007_Female_OrganicTwillPants-SteelBlue_1_3a422356-8bb8-4450-b001-e1a455f693e5.jpg?v=1692628587&width=1600,-,Organic Twill Pants - Steel Blue,https://colorfulstandard.com/fr-fr/products/organic-twill-pants-steel-blue-female,T-shirt,F,"[53.333333333333336, -8.0, -2.0]"
1648,https://colorfulstandard.com/cdn/shop/files/CS4007_Female_OrganicTwillPants-SteelBlue_1_3a422356-8bb8-4450-b001-e1a455f693e5.jpg?v=1692628587&width=1600,-,Organic Twill Pants - Steel Blue,https://colorfulstandard.com/fr-fr/products/organic-twill-pants-steel-blue-female,T-shirt,F,"[59.6078431372549, -8.0, -1.0]"
1649,https://colorfulstandard.com/cdn/shop/files/CS1011_Female_OrganicSweatpants-SeafoamGreen_2.jpg?v=1738228082&width=3000,-,Organic Sweatpants - Seafoam Green,https://colorfulstandard.com/fr-fr/products/organic-sweatpants-pants-seafoam-green-female,Jogging,F,"[74.90196078431373, -18.0, 0.0]"
1650,https://colorfulstandard.com/cdn/shop/files/CS1011_Female_OrganicSweatpants-SeafoamGreen_2.jpg?v=1738228082&width=3000,-,Organic Sweatpants - Seafoam Green,https://colorfulstandard.com/fr-fr/products/organic-sweatpants-pants-seafoam-green-female,Jogging,F,"[70.19607843137254, -18.0, 0.0]"
1651,https://colorfulstandard.com/cdn/shop/files/CS1006_Female_ClassicOrganicHood-SeafoamGreen_2.jpg?v=1738226885&width=3000,-,Classic Organic Hood - Seafoam Green,https://colorfulstandard.com/fr-fr/products/classic-organic-hood-hoodie-seafoam-green-female,Hoodie,F,"[74.50980392156863, -18.0, 0.0]"
1652,https://colorfulstandard.com/cdn/shop/files/CS1006_Female_ClassicOrganicHood-SeafoamGreen_2.jpg?v=1738226885&width=3000,-,Classic Organic Hood - Seafoam Green,https://colorfulstandard.com/fr-fr/products/classic-organic-hood-hoodie-seafoam-green-female,Hoodie,F,"[66.27450980392156, -18.0, 0.0]"
1653,https://colorfulstandard.com/cdn/shop/files/CS1015_Female_OrganicOversizedHood-PurpleJade_2.jpg?v=1738157832&width=3000,-,Organic Oversized Hood - Purple Jade,https://colorfulstandard.com/fr-fr/products/organic-oversized-hood-purple-jade-female,Hoodie,F,"[63.52941176470588, 10.0, -12.0]"
1654,https://colorfulstandard.com/cdn/shop/files/CS1015_Female_OrganicOversizedHood-PurpleJade_2.jpg?v=1738157832&width=3000,-,Organic Oversized Hood - Purple Jade,https://colorfulstandard.com/fr-fr/products/organic-oversized-hood-purple-jade-female,Hoodie,F,"[58.43137254901961, 10.0, -12.0]"
1655,https://colorfulstandard.com/cdn/shop/files/CS1012_Female_OrganicOversizedCrew-SeasideBlue_2.jpg?v=1738230773&width=3000,-,Organic Oversized Crew - Seaside Blue,https://colorfulstandard.com/fr-fr/products/organic-oversized-crew-seaside-blue-female,Pull,F,"[70.19607843137254, -5.0, -18.0]"
1656,https://colorfulstandard.com/cdn/shop/files/CS1012_Female_OrganicOversizedCrew-SeasideBlue_2.jpg?v=1738230773&width=3000,-,Organic Oversized Crew - Seaside Blue,https://colorfulstandard.com/fr-fr/products/organic-oversized-crew-seaside-blue-female,Pull,F,"[64.31372549019608, -4.0, -18.0]"
1657,https://colorfulstandard.com/cdn/shop/files/CS1011_Female_OrganicSweatpants-SeasideBlue_2.jpg?v=1738228096&width=3000,-,Organic Sweatpants - Seaside Blue,https://colorfulstandard.com/fr-fr/products/organic-sweatpants-pants-seaside-blue-female,Jogging,F,"[69.80392156862744, -5.0, -18.0]"
1658,https://colorfulstandard.com/cdn/shop/files/CS1011_Female_OrganicSweatpants-SeasideBlue_2.jpg?v=1738228096&width=3000,-,Organic Sweatpants - Seaside Blue,https://colorfulstandard.com/fr-fr/products/organic-sweatpants-pants-seaside-blue-female,Jogging,F,"[65.49019607843137, -4.0, -18.0]"
1659,https://colorfulstandard.com/cdn/shop/files/CS1006_Female_ClassicOrganicHood-SeasideBlue_2.jpg?v=1738226903&width=3000,-,Classic Organic Hood - Seaside Blue,https://colorfulstandard.com/fr-fr/products/classic-organic-hood-hoodie-seaside-blue-female,Hoodie,F,"[66.66666666666666, -5.0, -21.0]"
1660,https://colorfulstandard.com/cdn/shop/files/CS1006_Female_ClassicOrganicHood-SeasideBlue_2.jpg?v=1738226903&width=3000,-,Classic Organic Hood - Seaside Blue,https://colorfulstandard.com/fr-fr/products/classic-organic-hood-hoodie-seaside-blue-female,Hoodie,F,"[58.43137254901961, -5.0, -20.0]"
1661,https://colorfulstandard.com/cdn/shop/files/CS2051_Female_WomenLightOrganicTee-MidnightForest_1.jpg?v=1696507306&width=1600,-,Women Light Organic Tee - Neptune Blue,https://colorfulstandard.com/fr-fr/products/women-light-organic-tee-women-t-shirt-neptune-blue-female,T-shirt,F,"[32.549019607843135, 2.0, -12.0]"
1662,https://colorfulstandard.com/cdn/shop/files/CS2051_Female_WomenLightOrganicTee-MidnightForest_1.jpg?v=1696507306&width=1600,-,Women Light Organic Tee - Neptune Blue,https://colorfulstandard.com/fr-fr/products/women-light-organic-tee-women-t-shirt-neptune-blue-female,T-shirt,F,"[29.411764705882355, 1.0, -10.0]"
1663,https://colorfulstandard.com/cdn/shop/files/CS1007_Female_ClassicOrganicZipHood-NeptuneBlue_2.jpg?v=1738229069&width=3000,-,Classic Organic Zip Hood - Neptune Blue,https://colorfulstandard.com/fr-fr/products/classic-organic-zip-hood-zip-hoodie-neptune-blue-female,Hoodie,F,"[31.76470588235294, 1.0, -11.0]"
1664,https://colorfulstandard.com/cdn/shop/files/CS1007_Female_ClassicOrganicZipHood-NeptuneBlue_2.jpg?v=1738229069&width=3000,-,Classic Organic Zip Hood - Neptune Blue,https://colorfulstandard.com/fr-fr/products/classic-organic-zip-hood-zip-hoodie-neptune-blue-female,Hoodie,F,"[35.68627450980392, 1.0, -11.0]"
1665,https://colorfulstandard.com/cdn/shop/files/CS1007_Female_ClassicOrganicZipHood-NeptuneBlue_2.jpg?v=1738229069&width=3000,-,Classic Organic Zip Hood - Neptune Blue,https://colorfulstandard.com/fr-fr/products/classic-organic-zip-hood-zip-hoodie-neptune-blue-female,Hoodie,F,"[27.450980392156865, 1.0, -11.0]"
1666,https://colorfulstandard.com/cdn/shop/files/CS1006_Female_ClassicOrganicHood-NeptuneBlue_2.jpg?v=1738226575&width=3000,-,Classic Organic Hood - Neptune Blue,https://colorfulstandard.com/fr-fr/products/classic-organic-hood-hoodie-neptune-blue-female,Hoodie,F,"[31.372549019607842, 1.0, -12.0]"
1667,https://colorfulstandard.com/cdn/shop/files/CS1006_Female_ClassicOrganicHood-NeptuneBlue_2.jpg?v=1738226575&width=3000,-,Classic Organic Hood - Neptune Blue,https://colorfulstandard.com/fr-fr/products/classic-organic-hood-hoodie-neptune-blue-female,Hoodie,F,"[35.68627450980392, 1.0, -11.0]"
1668,https://colorfulstandard.com/cdn/shop/files/CS1015_Female_OrganicOversizedHood-FadedGrey_2.jpg?v=1738157341&width=3000,-,Organic Oversized Hood - Faded Grey,https://colorfulstandard.com/fr-fr/products/organic-oversized-hood-faded-grey-female,Hoodie,F,"[80.0, 0.0, 2.0]"
1669,https://colorfulstandard.com/cdn/shop/files/CS1015_Female_OrganicOversizedHood-FadedGrey_2.jpg?v=1738157341&width=3000,-,Organic Oversized Hood - Faded Grey,https://colorfulstandard.com/fr-fr/products/organic-oversized-hood-faded-grey-female,Hoodie,F,"[74.50980392156863, 0.0, 2.0]"
1670,https://colorfulstandard.com/cdn/shop/files/CS1014_Female_OrganicQuarterZip-FadedGrey_2.jpg?v=1738154267&width=3000,-,Organic Quarter Zip - Faded Grey,https://colorfulstandard.com/fr-fr/products/organic-quarter-zip-quarter-zip-faded-grey-female,Pull,F,"[80.7843137254902, 0.0, 2.0]"
1671,https://colorfulstandard.com/cdn/shop/files/CS1014_Female_OrganicQuarterZip-FadedGrey_2.jpg?v=1738154267&width=3000,-,Organic Quarter Zip - Faded Grey,https://colorfulstandard.com/fr-fr/products/organic-quarter-zip-quarter-zip-faded-grey-female,Pull,F,"[74.50980392156863, 0.0, 2.0]"
1672,https://colorfulstandard.com/cdn/shop/files/CS1007_Female_ClassicOrganicZipHood-FadedGrey_2.jpg?v=1738228782&width=3000,-,Classic Organic Zip Hood - Faded Grey,https://colorfulstandard.com/fr-fr/products/classic-organic-zip-hood-zip-hoodie-faded-grey-female,Hoodie,F,"[83.52941176470588, 0.0, -2.0]"
1673,https://colorfulstandard.com/cdn/shop/files/CS1007_Female_ClassicOrganicZipHood-FadedGrey_2.jpg?v=1738228782&width=3000,-,Classic Organic Zip Hood - Faded Grey,https://colorfulstandard.com/fr-fr/products/classic-organic-zip-hood-zip-hoodie-faded-grey-female,Hoodie,F,"[77.25490196078432, 0.0, -2.0]"
1674,https://colorfulstandard.com/cdn/shop/files/CS1006_Female_ClassicOrganicHood-FadedGrey_2.jpg?v=1738226299&width=3000,-,Classic Organic Hood - Faded Grey,https://colorfulstandard.com/fr-fr/products/classic-organic-hood-hoodie-faded-grey-female,Hoodie,F,"[85.49019607843137, 0.0, -2.0]"
1675,https://colorfulstandard.com/cdn/shop/files/CS1006_Female_ClassicOrganicHood-FadedGrey_2.jpg?v=1738226299&width=3000,-,Classic Organic Hood - Faded Grey,https://colorfulstandard.com/fr-fr/products/classic-organic-hood-hoodie-faded-grey-female,Hoodie,F,"[80.0, 0.0, -2.0]"
1676,https://colorfulstandard.com/cdn/shop/files/CS5087_Female_WomenClassicMerinoWoolCrew-PurpleHaze_2.jpg?v=1738227423&width=3000,-,Women Classic Merino Wool Crew - Purple Haze,https://colorfulstandard.com/fr-fr/products/women-classic-merino-wool-crew-women-merino-crewneck-purple-haze-female,Pull,F,"[62.35294117647059, 15.0, -16.0]"
1677,https://colorfulstandard.com/cdn/shop/files/CS5087_Female_WomenClassicMerinoWoolCrew-PurpleHaze_2.jpg?v=1738227423&width=3000,-,Women Classic Merino Wool Crew - Purple Haze,https://colorfulstandard.com/fr-fr/products/women-classic-merino-wool-crew-women-merino-crewneck-purple-haze-female,Pull,F,"[75.68627450980392, 14.0, -14.0]"
1678,https://colorfulstandard.com/cdn/shop/files/CS5087_Female_WomenClassicMerinoWoolCrew-PurpleHaze_2.jpg?v=1738227423&width=3000,-,Women Classic Merino Wool Crew - Purple Haze,https://colorfulstandard.com/fr-fr/products/women-classic-merino-wool-crew-women-merino-crewneck-purple-haze-female,Pull,F,"[47.05882352941176, 15.0, -16.0]"
1679,https://colorfulstandard.com/cdn/shop/files/CS2052_Female_WomenClassicOrganicCrew-FadedGrey_2.jpg?v=1738229429&width=3000,-,Women Classic Organic Crew - Faded Grey,https://colorfulstandard.com/fr-fr/products/women-classic-organic-crew-women-crewneck-faded-grey,Pull,F,"[80.0, 0.0, 2.0]"
1680,https://colorfulstandard.com/cdn/shop/files/CS2052_Female_WomenClassicOrganicCrew-FadedGrey_2.jpg?v=1738229429&width=3000,-,Women Classic Organic Crew - Faded Grey,https://colorfulstandard.com/fr-fr/products/women-classic-organic-crew-women-crewneck-faded-grey,Pull,F,"[70.58823529411765, 0.0, 2.0]"
1681,https://colorfulstandard.com/cdn/shop/files/CS5088_Female_OversizedMerinoWoolCrew-EmeraldGreen_1_1e5e121a-e526-498f-b409-c6aa26607fc4.jpg?v=1696604345&width=1600,-,Oversized Merino Wool Crew - Emerald Green,https://colorfulstandard.com/fr-fr/products/oversized-merino-wool-crew-emerald-green-female,Pull,F,"[21.96078431372549, -10.0, -1.0]"
1682,https://colorfulstandard.com/cdn/shop/files/CS5088_Female_OversizedMerinoWoolCrew-EmeraldGreen_1_1e5e121a-e526-498f-b409-c6aa26607fc4.jpg?v=1696604345&width=1600,-,Oversized Merino Wool Crew - Emerald Green,https://colorfulstandard.com/fr-fr/products/oversized-merino-wool-crew-emerald-green-female,Pull,F,"[15.686274509803921, -9.0, -1.0]"
1683,https://colorfulstandard.com/cdn/shop/files/CS2052_Female_WomenClassicOrganicCrew-PineGreen_2.jpg?v=1738229296&width=3000,-,Women Classic Organic Crew - Pine Green,https://colorfulstandard.com/fr-fr/products/women-classic-organic-crew-women-crewneck-pine-green-female,Pull,F,"[43.13725490196079, -19.0, -2.0]"
1684,https://colorfulstandard.com/cdn/shop/files/CS2052_Female_WomenClassicOrganicCrew-PineGreen_2.jpg?v=1738229296&width=3000,-,Women Classic Organic Crew - Pine Green,https://colorfulstandard.com/fr-fr/products/women-classic-organic-crew-women-crewneck-pine-green-female,Pull,F,"[37.64705882352941, -19.0, -2.0]"
1685,https://colorfulstandard.com/cdn/shop/files/CS1015_Female_OrganicOversizedHood-PineGreen_2.jpg?v=1738157764&width=3000,-,Organic Oversized Hood - Pine Green,https://colorfulstandard.com/fr-fr/products/organic-oversized-hood-oversized-hoodie-pine-green-female,Hoodie,F,"[43.13725490196079, -19.0, -2.0]"
1686,https://colorfulstandard.com/cdn/shop/files/CS1015_Female_OrganicOversizedHood-PineGreen_2.jpg?v=1738157764&width=3000,-,Organic Oversized Hood - Pine Green,https://colorfulstandard.com/fr-fr/products/organic-oversized-hood-oversized-hoodie-pine-green-female,Hoodie,F,"[39.6078431372549, -19.0, -2.0]"
1687,https://colorfulstandard.com/cdn/shop/files/CS1006_Female_ClassicOrganicHood-PineGreen_2.jpg?v=1738226672&width=3000,-,Classic Organic Hood - Pine Green,https://colorfulstandard.com/fr-fr/products/classic-organic-hood-hoodie-pine-green-female,Hoodie,F,"[54.11764705882353, -22.0, -1.0]"
1688,https://colorfulstandard.com/cdn/shop/files/CS1006_Female_ClassicOrganicHood-PineGreen_2.jpg?v=1738226672&width=3000,-,Classic Organic Hood - Pine Green,https://colorfulstandard.com/fr-fr/products/classic-organic-hood-hoodie-pine-green-female,Hoodie,F,"[47.05882352941176, -20.0, -1.0]"
1689,https://colorfulstandard.com/cdn/shop/files/CS5084_Female_WomenLightMerinoWoolCrew-PacificBlue_2.jpg?v=1738185452&width=3000,-,Women Light Merino Wool Crew - Pacific Blue,https://colorfulstandard.com/fr-fr/products/women-light-merino-wool-crew-women-merino-crew-light-pacific-blue-female,Pull,F,"[62.35294117647059, 11.0, -47.0]"
1690,https://colorfulstandard.com/cdn/shop/files/CS5084_Female_WomenLightMerinoWoolCrew-PacificBlue_2.jpg?v=1738185452&width=3000,-,Women Light Merino Wool Crew - Pacific Blue,https://colorfulstandard.com/fr-fr/products/women-light-merino-wool-crew-women-merino-crew-light-pacific-blue-female,Pull,F,"[48.23529411764706, 14.0, -49.0]"
1691,https://colorfulstandard.com/cdn/shop/files/CS1007_Female_ClassicOrganicZipHood-HoneyBeige_2.jpg?v=1738228854&width=3000,-,Classic Organic Zip Hood - Honey Beige,https://colorfulstandard.com/fr-fr/products/classic-organic-zip-hood-zip-hoodie-honey-beige-female,Hoodie,F,"[80.7843137254902, 5.0, 15.0]"
1692,https://colorfulstandard.com/cdn/shop/files/CS1007_Female_ClassicOrganicZipHood-HoneyBeige_2.jpg?v=1738228854&width=3000,-,Classic Organic Zip Hood - Honey Beige,https://colorfulstandard.com/fr-fr/products/classic-organic-zip-hood-zip-hoodie-honey-beige-female,Hoodie,F,"[74.50980392156863, 5.0, 15.0]"
1693,https://colorfulstandard.com/cdn/shop/files/CS1015_Female_OrganicOversizedHood-TealBlue_2.jpg?v=1738158379&width=3000,-,Organic Oversized Hood - Teal Blue,https://colorfulstandard.com/fr-fr/products/organic-oversized-hood-teal-blue-female,Hoodie,F,"[74.90196078431373, -18.0, -8.0]"
1694,https://colorfulstandard.com/cdn/shop/files/CS1015_Female_OrganicOversizedHood-TealBlue_2.jpg?v=1738158379&width=3000,-,Organic Oversized Hood - Teal Blue,https://colorfulstandard.com/fr-fr/products/organic-oversized-hood-teal-blue-female,Hoodie,F,"[70.19607843137254, -18.0, -7.0]"
1695,https://colorfulstandard.com/cdn/shop/files/CS1015_Female_OrganicOversizedHood-CedarBrown_2.jpg?v=1738157046&width=3000,-,Organic Oversized Hood - Cedar Brown,https://colorfulstandard.com/fr-fr/products/organic-oversized-hood-cedar-brown-female,Hoodie,F,"[47.05882352941176, 6.0, 12.0]"
1696,https://colorfulstandard.com/cdn/shop/files/CS1015_Female_OrganicOversizedHood-CedarBrown_2.jpg?v=1738157046&width=3000,-,Organic Oversized Hood - Cedar Brown,https://colorfulstandard.com/fr-fr/products/organic-oversized-hood-cedar-brown-female,Hoodie,F,"[41.568627450980394, 7.0, 13.0]"
1697,https://colorfulstandard.com/cdn/shop/files/CS1015_Female_OrganicOversizedHood-BurnedYellow_2.jpg?v=1738157031&width=3000,-,Organic Oversized Hood - Burned Yellow,https://colorfulstandard.com/fr-fr/products/organic-oversized-hood-burned-yellow-female,Hoodie,F,"[75.68627450980392, 14.0, 59.0]"
1698,https://colorfulstandard.com/cdn/shop/files/CS1015_Female_OrganicOversizedHood-BurnedYellow_2.jpg?v=1738157031&width=3000,-,Organic Oversized Hood - Burned Yellow,https://colorfulstandard.com/fr-fr/products/organic-oversized-hood-burned-yellow-female,Hoodie,F,"[69.01960784313725, 16.0, 57.0]"
1699,https://colorfulstandard.com/cdn/shop/files/CS1015_Female_OrganicOversizedHood-BubblegumPink_2.jpg?v=1738157015&width=3000,-,Organic Oversized Hood - Bubblegum Pink,https://colorfulstandard.com/fr-fr/products/organic-oversized-hood-bubblegum-pink-female,Hoodie,F,"[60.78431372549019, 64.0, 8.0]"
1700,https://colorfulstandard.com/cdn/shop/files/CS1015_Female_OrganicOversizedHood-BubblegumPink_2.jpg?v=1738157015&width=3000,-,Organic Oversized Hood - Bubblegum Pink,https://colorfulstandard.com/fr-fr/products/organic-oversized-hood-bubblegum-pink-female,Hoodie,F,"[56.86274509803921, 64.0, 10.0]"
1701,https://colorfulstandard.com/cdn/shop/files/CS1011_Female_OrganicSweatpants-TealBlue_2.jpg?v=1738228245&width=3000,-,Organic Sweatpants - Teal Blue,https://colorfulstandard.com/fr-fr/products/organic-sweatpants-pants-teal-blue-female,Jogging,F,"[72.94117647058823, -17.0, -8.0]"
1702,https://colorfulstandard.com/cdn/shop/files/CS1011_Female_OrganicSweatpants-TealBlue_2.jpg?v=1738228245&width=3000,-,Organic Sweatpants - Teal Blue,https://colorfulstandard.com/fr-fr/products/organic-sweatpants-pants-teal-blue-female,Jogging,F,"[68.23529411764706, -17.0, -7.0]"
1703,https://colorfulstandard.com/cdn/shop/files/CS1011_Female_OrganicSweatpants-PearlyPurple_2.jpg?v=1738227877&width=3000,-,Organic Sweatpants - Pearly Purple,https://colorfulstandard.com/fr-fr/products/organic-sweatpants-pants-pearly-purple-female,Jogging,F,"[67.05882352941175, 19.0, -5.0]"
1704,https://colorfulstandard.com/cdn/shop/files/CS1011_Female_OrganicSweatpants-PearlyPurple_2.jpg?v=1738227877&width=3000,-,Organic Sweatpants - Pearly Purple,https://colorfulstandard.com/fr-fr/products/organic-sweatpants-pants-pearly-purple-female,Jogging,F,"[61.96078431372549, 19.0, -6.0]"
1705,https://colorfulstandard.com/cdn/shop/files/CS1007_Female_ClassicOrganicZipHood-TealBlue_2.jpg?v=1738229359&width=3000,-,Classic Organic Zip Hood - Teal Blue,https://colorfulstandard.com/fr-fr/products/classic-organic-zip-hood-zip-hoodie-teal-blue-female,Hoodie,F,"[78.82352941176471, -18.0, -4.0]"
1706,https://colorfulstandard.com/cdn/shop/files/CS1007_Female_ClassicOrganicZipHood-TealBlue_2.jpg?v=1738229359&width=3000,-,Classic Organic Zip Hood - Teal Blue,https://colorfulstandard.com/fr-fr/products/classic-organic-zip-hood-zip-hoodie-teal-blue-female,Hoodie,F,"[72.94117647058823, -18.0, -4.0]"
1707,https://colorfulstandard.com/cdn/shop/files/CS1011_Female_OrganicSweatpants-CloudyGrey_2.jpg?v=1738227421&width=3000,-,Organic Sweatpants - Cloudy Grey,https://colorfulstandard.com/fr-fr/products/organic-sweatpants-pants-cloudy-grey-female,Jogging,F,"[83.52941176470588, -2.0, -2.0]"
1708,https://colorfulstandard.com/cdn/shop/files/CS1011_Female_OrganicSweatpants-CloudyGrey_2.jpg?v=1738227421&width=3000,-,Organic Sweatpants - Cloudy Grey,https://colorfulstandard.com/fr-fr/products/organic-sweatpants-pants-cloudy-grey-female,Jogging,F,"[79.2156862745098, -2.0, -2.0]"
1709,https://colorfulstandard.com/cdn/shop/files/CS1006_Female_ClassicOrganicHood-TealBlue_2.jpg?v=1738227085&width=3000,-,Classic Organic Hood - Teal Blue,https://colorfulstandard.com/fr-fr/products/classic-organic-hood-hoodie-teal-blue-female,Hoodie,F,"[80.0, -18.0, -4.0]"
1710,https://colorfulstandard.com/cdn/shop/files/CS1007_Female_ClassicOrganicZipHood-SandstoneOrange_2.jpg?v=1738229280&width=3000,-,Classic Organic Zip Hood - Sandstone Orange,https://colorfulstandard.com/fr-fr/products/classic-organic-zip-hood-zip-hoodie-sandstone-orange-female,Hoodie,F,"[73.72549019607844, 18.0, 45.0]"
1711,https://colorfulstandard.com/cdn/shop/files/CS1007_Female_ClassicOrganicZipHood-SandstoneOrange_2.jpg?v=1738229280&width=3000,-,Classic Organic Zip Hood - Sandstone Orange,https://colorfulstandard.com/fr-fr/products/classic-organic-zip-hood-zip-hoodie-sandstone-orange-female,Hoodie,F,"[66.27450980392156, 19.0, 44.0]"
1712,https://colorfulstandard.com/cdn/shop/files/CS2052_Female_WomenClassicOrganicCrew-SandstoneOrange_2.jpg?v=1738229249&width=3000,-,Women Classic Organic Crew - Sandstone Orange,https://colorfulstandard.com/fr-fr/products/women-classic-organic-crew-women-crewneck-sandstone-orange-female,Pull,F,"[81.17647058823529, 15.0, 38.0]"
1713,https://colorfulstandard.com/cdn/shop/files/CS1006_Female_ClassicOrganicHood-SoftYellow_2.jpg?v=1738226972&width=3000,-,Classic Organic Hood - Soft Yellow,https://colorfulstandard.com/fr-fr/products/classic-organic-hood-hoodie-soft-yellow-female,Hoodie,F,"[92.15686274509804, -4.0, 19.0]"
1714,https://colorfulstandard.com/cdn/shop/files/CS1006_Female_ClassicOrganicHood-SoftYellow_2.jpg?v=1738226972&width=3000,-,Classic Organic Hood - Soft Yellow,https://colorfulstandard.com/fr-fr/products/classic-organic-hood-hoodie-soft-yellow-female,Hoodie,F,"[88.23529411764706, -4.0, 20.0]"
1715,https://colorfulstandard.com/cdn/shop/files/CS1006_Female_ClassicOrganicHood-BurnedYellow_2.jpg?v=1738226137&width=3000,-,Classic Organic Hood - Burned Yellow,https://colorfulstandard.com/fr-fr/products/classic-organic-hood-hoodie-burned-yellow-female,Hoodie,F,"[74.90196078431373, 8.0, 53.0]"
1716,https://colorfulstandard.com/cdn/shop/files/CS1006_Female_ClassicOrganicHood-BurnedYellow_2.jpg?v=1738226137&width=3000,-,Classic Organic Hood - Burned Yellow,https://colorfulstandard.com/fr-fr/products/classic-organic-hood-hoodie-burned-yellow-female,Hoodie,F,"[67.05882352941175, 10.0, 51.0]"
1717,https://colorfulstandard.com/cdn/shop/files/CS1011_Female_OrganicSweatpants-SpringGreen_2.jpg?v=1738228172&width=3000,-,Organic Sweatpants - Spring Green,https://colorfulstandard.com/fr-fr/products/organic-sweatpants-pants-spring-green-female,Jogging,F,"[78.82352941176471, -35.0, 13.0]"
1718,https://colorfulstandard.com/cdn/shop/files/CS1011_Female_OrganicSweatpants-SpringGreen_2.jpg?v=1738228172&width=3000,-,Organic Sweatpants - Spring Green,https://colorfulstandard.com/fr-fr/products/organic-sweatpants-pants-spring-green-female,Jogging,F,"[74.50980392156863, -35.0, 13.0]"
1719,https://colorfulstandard.com/cdn/shop/files/CS1007_Female_ClassicOrganicZipHood-SpringGreen_2.jpg?v=1738229319&width=3000,-,Classic Organic Zip Hood - Spring Green,https://colorfulstandard.com/fr-fr/products/classic-organic-zip-hood-zip-hoodie-spring-green-female,Hoodie,F,"[76.07843137254902, -48.0, 28.0]"
1720,https://colorfulstandard.com/cdn/shop/files/CS1007_Female_ClassicOrganicZipHood-SpringGreen_2.jpg?v=1738229319&width=3000,-,Classic Organic Zip Hood - Spring Green,https://colorfulstandard.com/fr-fr/products/classic-organic-zip-hood-zip-hoodie-spring-green-female,Hoodie,F,"[71.37254901960785, -48.0, 29.0]"
1721,https://colorfulstandard.com/cdn/shop/files/CS1007_Female_ClassicOrganicZipHood-LemonYellow_2.jpg?v=1738228968&width=3000,-,Classic Organic Zip Hood - Lemon Yellow,https://colorfulstandard.com/fr-fr/products/classic-organic-zip-hood-zip-hoodie-lemon-yellow-female,Hoodie,F,"[81.17647058823529, 3.0, 43.0]"
1722,https://colorfulstandard.com/cdn/shop/files/CS1007_Female_ClassicOrganicZipHood-LemonYellow_2.jpg?v=1738228968&width=3000,-,Classic Organic Zip Hood - Lemon Yellow,https://colorfulstandard.com/fr-fr/products/classic-organic-zip-hood-zip-hoodie-lemon-yellow-female,Hoodie,F,"[76.86274509803923, 5.0, 42.0]"
1723,https://colorfulstandard.com/cdn/shop/files/CS1014_Female_OrganicQuarterZip-LavaGrey_2.jpg?v=1738154471&width=3000,-,Organic Quarter Zip - Lava Grey,https://colorfulstandard.com/fr-fr/products/organic-quarter-zip-quarter-zip-lava-grey-female,Pull,F,"[32.15686274509804, 3.0, 0.0]"
1724,https://colorfulstandard.com/cdn/shop/files/CS1014_Female_OrganicQuarterZip-LavaGrey_2.jpg?v=1738154471&width=3000,-,Organic Quarter Zip - Lava Grey,https://colorfulstandard.com/fr-fr/products/organic-quarter-zip-quarter-zip-lava-grey-female,Pull,F,"[23.92156862745098, 3.0, 0.0]"
1725,https://colorfulstandard.com/cdn/shop/files/CS1014_Female_OrganicQuarterZip-BurnedYellow_2.jpg?v=1738153851&width=3000,-,Organic Quarter Zip - Burned Yellow,https://colorfulstandard.com/fr-fr/products/organic-quarter-zip-quarter-zip-burned-yellow-female,Pull,F,"[76.07843137254902, 13.0, 58.0]"
1726,https://colorfulstandard.com/cdn/shop/files/CS1014_Female_OrganicQuarterZip-BubblegumPink_2.jpg?v=1738153796&width=3000,-,Organic Quarter Zip - Bubblegum Pink,https://colorfulstandard.com/fr-fr/products/organic-quarter-zip-quarter-zip-bubblegum-pink-female,Pull,F,"[60.3921568627451, 64.0, 8.0]"
1727,https://colorfulstandard.com/cdn/shop/files/CS1007_Female_ClassicOrganicZipHood-OysterGrey_2.jpg?v=1738229134&width=3000,-,Classic Organic Zip Hood - Oyster Grey,https://colorfulstandard.com/fr-fr/products/classic-organic-zip-hood-zip-hoodie-oyster-grey-female,Hoodie,F,"[77.64705882352942, -1.0, 11.0]"
1728,https://colorfulstandard.com/cdn/shop/files/CS1007_Female_ClassicOrganicZipHood-OysterGrey_2.jpg?v=1738229134&width=3000,-,Classic Organic Zip Hood - Oyster Grey,https://colorfulstandard.com/fr-fr/products/classic-organic-zip-hood-zip-hoodie-oyster-grey-female,Hoodie,F,"[70.58823529411765, 0.0, 11.0]"
1729,https://colorfulstandard.com/cdn/shop/files/CS5084_Female_WomenLightMerinoWoolCrew-OceanGreen_2.jpg?v=1738185427&width=3000,-,Women Light Merino Wool Crew - Ocean Green,https://colorfulstandard.com/fr-fr/products/women-light-merino-wool-crew-women-merino-crewneck-ocean-green-female,Pull,F,"[30.58823529411765, -8.0, -14.0]"
1730,https://colorfulstandard.com/cdn/shop/files/CS5084_Female_WomenLightMerinoWoolCrew-OceanGreen_2.jpg?v=1738185427&width=3000,-,Women Light Merino Wool Crew - Ocean Green,https://colorfulstandard.com/fr-fr/products/women-light-merino-wool-crew-women-merino-crewneck-ocean-green-female,Pull,F,"[21.96078431372549, -7.0, -14.0]"
1731,https://colorfulstandard.com/cdn/shop/files/CS5085_Male_MerinoWoolHat-StoneBlue_2.jpg?v=1738184376&width=3000,-,Merino Wool Hat - Stone Blue,https://colorfulstandard.com/fr-fr/products/merino-wool-hat-beanie-stone-blue-female,Chapeau,F,"[69.01960784313725, -5.0, -6.0]"
1732,https://colorfulstandard.com/cdn/shop/files/CS5085_Male_MerinoWoolHat-StoneBlue_2.jpg?v=1738184376&width=3000,-,Merino Wool Hat - Stone Blue,https://colorfulstandard.com/fr-fr/products/merino-wool-hat-beanie-stone-blue-female,Chapeau,F,"[54.509803921568626, -5.0, -6.0]"
1733,https://colorfulstandard.com/cdn/shop/files/CS5085_Male_MerinoWoolHat-OceanGreen_2.jpg?v=1738184048&width=3000,-,Merino Wool Hat - Ocean Green,https://colorfulstandard.com/fr-fr/products/merino-wool-hat-beanie-ocean-green-female,Chapeau,F,"[29.411764705882355, -11.0, -13.0]"
1734,https://colorfulstandard.com/cdn/shop/files/CS5085_Male_MerinoWoolHat-OceanGreen_2.jpg?v=1738184048&width=3000,-,Merino Wool Hat - Ocean Green,https://colorfulstandard.com/fr-fr/products/merino-wool-hat-beanie-ocean-green-female,Chapeau,F,"[21.176470588235293, -9.0, -10.0]"
1735,https://colorfulstandard.com/cdn/shop/files/CS5085_Male_MerinoWoolHat-NavyBlue_2_ac392dbb-13e1-4202-a52c-883dbc95ce6a.jpg?v=1738184039&width=3000,-,Merino Wool Hat - Navy Blue,https://colorfulstandard.com/fr-fr/products/merino-wool-hat-beanie-navy-blue-female,Chapeau,F,"[10.980392156862745, 6.0, -14.0]"
1736,https://colorfulstandard.com/cdn/shop/files/CS5085_Male_MerinoWoolHat-NavyBlue_2_ac392dbb-13e1-4202-a52c-883dbc95ce6a.jpg?v=1738184039&width=3000,-,Merino Wool Hat - Navy Blue,https://colorfulstandard.com/fr-fr/products/merino-wool-hat-beanie-navy-blue-female,Chapeau,F,"[6.666666666666667, 4.0, -12.0]"
1737,https://colorfulstandard.com/cdn/shop/files/CS5085_Male_MerinoWoolHat-FadedPink_2_49ba92a6-0dcf-48ee-8d61-fed7527802c8.jpg?v=1738183809&width=3000,-,Merino Wool Hat - Faded Pink,https://colorfulstandard.com/fr-fr/products/merino-wool-hat-beanie-faded-pink-female,Chapeau,F,"[88.23529411764706, 11.0, 3.0]"
1738,https://colorfulstandard.com/cdn/shop/files/CS5085_Male_MerinoWoolHat-FadedPink_2_49ba92a6-0dcf-48ee-8d61-fed7527802c8.jpg?v=1738183809&width=3000,-,Merino Wool Hat - Faded Pink,https://colorfulstandard.com/fr-fr/products/merino-wool-hat-beanie-faded-pink-female,Chapeau,F,"[80.0, 15.0, 5.0]"
1739,https://colorfulstandard.com/cdn/shop/files/CS5085_Male_MerinoWoolHat-BurnedYellow_2_2eb3c208-3482-4d68-ad6e-1a2aaac54d8c.jpg?v=1738183550&width=3000,-,Merino Wool Hat - Burned Yellow,https://colorfulstandard.com/fr-fr/products/merino-wool-hat-beanie-burned-yellow-female,Chapeau,F,"[69.41176470588235, 23.0, 64.0]"
1740,https://colorfulstandard.com/cdn/shop/files/CS5085_Male_MerinoWoolHat-BurnedYellow_2_2eb3c208-3482-4d68-ad6e-1a2aaac54d8c.jpg?v=1738183550&width=3000,-,Merino Wool Hat - Burned Yellow,https://colorfulstandard.com/fr-fr/products/merino-wool-hat-beanie-burned-yellow-female,Chapeau,F,"[58.03921568627452, 27.0, 58.0]"
1741,https://colorfulstandard.com/cdn/shop/files/CS5087_Female_WomenClassicMerinoWoolCrew-StoneBlue_2.jpg?v=1738227467&width=3000,-,Women Classic Merino Wool Crew - Stone Blue,https://colorfulstandard.com/fr-fr/products/women-classic-merino-wool-crew-women-merino-crewneck-stone-blue-female,Pull,F,"[63.52941176470588, -5.0, -6.0]"
1742,https://colorfulstandard.com/cdn/shop/files/CS5087_Female_WomenClassicMerinoWoolCrew-StoneBlue_2.jpg?v=1738227467&width=3000,-,Women Classic Merino Wool Crew - Stone Blue,https://colorfulstandard.com/fr-fr/products/women-classic-merino-wool-crew-women-merino-crewneck-stone-blue-female,Pull,F,"[76.07843137254902, -5.0, -5.0]"
1743,https://colorfulstandard.com/cdn/shop/files/CS5087_Female_WomenClassicMerinoWoolCrew-StoneBlue_2.jpg?v=1738227467&width=3000,-,Women Classic Merino Wool Crew - Stone Blue,https://colorfulstandard.com/fr-fr/products/women-classic-merino-wool-crew-women-merino-crewneck-stone-blue-female,Pull,F,"[48.627450980392155, -5.0, -6.0]"
1744,https://colorfulstandard.com/cdn/shop/files/CS5087_Female_WomenClassicMerinoWoolCrew-SaharaCamel_2.jpg?v=1738227434&width=3000,-,Women Classic Merino Wool Crew - Sahara Camel,https://colorfulstandard.com/fr-fr/products/women-classic-merino-wool-crew-women-merino-crewneck-sahara-camel-female,Pull,F,"[56.470588235294116, 17.0, 26.0]"
1745,https://colorfulstandard.com/cdn/shop/files/CS5087_Female_WomenClassicMerinoWoolCrew-SaharaCamel_2.jpg?v=1738227434&width=3000,-,Women Classic Merino Wool Crew - Sahara Camel,https://colorfulstandard.com/fr-fr/products/women-classic-merino-wool-crew-women-merino-crewneck-sahara-camel-female,Pull,F,"[40.78431372549019, 17.0, 25.0]"
1746,https://colorfulstandard.com/cdn/shop/files/CS5087_Female_WomenClassicMerinoWoolCrew-SaharaCamel_2.jpg?v=1738227434&width=3000,-,Women Classic Merino Wool Crew - Sahara Camel,https://colorfulstandard.com/fr-fr/products/women-classic-merino-wool-crew-women-merino-crewneck-sahara-camel-female,Pull,F,"[70.98039215686275, 14.0, 23.0]"
1747,https://colorfulstandard.com/cdn/shop/files/CS5087_Female_WomenClassicMerinoWoolCrew-OceanGreen_2.jpg?v=1738227384&width=3000,-,Women Classic Merino Wool Crew - Ocean Green,https://colorfulstandard.com/fr-fr/products/women-classic-merino-wool-crew-women-merino-crewneck-ocean-green-female,Pull,F,"[30.980392156862745, -9.0, -15.0]"
1748,https://colorfulstandard.com/cdn/shop/files/CS5087_Female_WomenClassicMerinoWoolCrew-OceanGreen_2.jpg?v=1738227384&width=3000,-,Women Classic Merino Wool Crew - Ocean Green,https://colorfulstandard.com/fr-fr/products/women-classic-merino-wool-crew-women-merino-crewneck-ocean-green-female,Pull,F,"[21.176470588235293, -7.0, -14.0]"
1749,https://colorfulstandard.com/cdn/shop/files/CS5087_Female_WomenClassicMerinoWoolCrew-IvoryWhite_2.jpg?v=1738227361&width=3000,-,Women Classic Merino Wool Crew - Ivory White,https://colorfulstandard.com/fr-fr/products/women-classic-merino-wool-crew-women-merino-crewneck-ivory-white-female,Pull,F,"[77.25490196078432, 5.0, 12.0]"
1750,https://colorfulstandard.com/cdn/shop/files/CS5087_Female_WomenClassicMerinoWoolCrew-IvoryWhite_2.jpg?v=1738227361&width=3000,-,Women Classic Merino Wool Crew - Ivory White,https://colorfulstandard.com/fr-fr/products/women-classic-merino-wool-crew-women-merino-crewneck-ivory-white-female,Pull,F,"[85.49019607843137, 4.0, 11.0]"
1751,https://colorfulstandard.com/cdn/shop/files/CS5087_Female_WomenClassicMerinoWoolCrew-IvoryWhite_2.jpg?v=1738227361&width=3000,-,Women Classic Merino Wool Crew - Ivory White,https://colorfulstandard.com/fr-fr/products/women-classic-merino-wool-crew-women-merino-crewneck-ivory-white-female,Pull,F,"[66.27450980392156, 5.0, 12.0]"
1752,https://colorfulstandard.com/cdn/shop/files/CS5087_Female_WomenClassicMerinoWoolCrew-HoneyBeige_2.jpg?v=1738227354&width=3000,-,Women Classic Merino Wool Crew - Honey Beige,https://colorfulstandard.com/fr-fr/products/women-classic-merino-wool-crew-women-merino-crewneck-honey-beige-female,Pull,F,"[72.54901960784314, 7.0, 18.0]"
1753,https://colorfulstandard.com/cdn/shop/files/CS5087_Female_WomenClassicMerinoWoolCrew-HoneyBeige_2.jpg?v=1738227354&width=3000,-,Women Classic Merino Wool Crew - Honey Beige,https://colorfulstandard.com/fr-fr/products/women-classic-merino-wool-crew-women-merino-crewneck-honey-beige-female,Pull,F,"[85.09803921568627, 6.0, 16.0]"
1754,https://colorfulstandard.com/cdn/shop/files/CS5087_Female_WomenClassicMerinoWoolCrew-HoneyBeige_2.jpg?v=1738227354&width=3000,-,Women Classic Merino Wool Crew - Honey Beige,https://colorfulstandard.com/fr-fr/products/women-classic-merino-wool-crew-women-merino-crewneck-honey-beige-female,Pull,F,"[55.68627450980392, 8.0, 19.0]"
1755,https://colorfulstandard.com/cdn/shop/files/CS5087_Female_WomenClassicMerinoWoolCrew-FadedPink_2.jpg?v=1738227337&width=3000,-,Women Classic Merino Wool Crew - Faded Pink,https://colorfulstandard.com/fr-fr/products/women-classic-merino-wool-crew-women-merino-crewneck-faded-pink-female,Pull,F,"[89.41176470588236, 10.0, 3.0]"
1756,https://colorfulstandard.com/cdn/shop/files/CS5087_Female_WomenClassicMerinoWoolCrew-FadedPink_2.jpg?v=1738227337&width=3000,-,Women Classic Merino Wool Crew - Faded Pink,https://colorfulstandard.com/fr-fr/products/women-classic-merino-wool-crew-women-merino-crewneck-faded-pink-female,Pull,F,"[78.82352941176471, 14.0, 4.0]"
1757,https://colorfulstandard.com/cdn/shop/files/CS5087_Female_WomenClassicMerinoWoolCrew-DustyOlive_2.jpg?v=1738227314&width=3000,-,Women Classic Merino Wool Crew - Dusty Olive,https://colorfulstandard.com/fr-fr/products/women-classic-merino-wool-crew-women-merino-crewneck-dusty-olive-female,Pull,F,"[46.666666666666664, -5.0, 6.0]"
1758,https://colorfulstandard.com/cdn/shop/files/CS5087_Female_WomenClassicMerinoWoolCrew-DustyOlive_2.jpg?v=1738227314&width=3000,-,Women Classic Merino Wool Crew - Dusty Olive,https://colorfulstandard.com/fr-fr/products/women-classic-merino-wool-crew-women-merino-crewneck-dusty-olive-female,Pull,F,"[31.76470588235294, -5.0, 7.0]"
1759,https://colorfulstandard.com/cdn/shop/files/CS5087_Female_WomenClassicMerinoWoolCrew-CoffeeBrown_2.jpg?v=1738227307&width=3000,-,Women Classic Merino Wool Crew - Coffee Brown,https://colorfulstandard.com/fr-fr/products/women-classic-merino-wool-crew-women-merino-crewneck-coffee-brown-female,Pull,F,"[29.80392156862745, 4.0, 6.0]"
1760,https://colorfulstandard.com/cdn/shop/files/CS5087_Female_WomenClassicMerinoWoolCrew-CoffeeBrown_2.jpg?v=1738227307&width=3000,-,Women Classic Merino Wool Crew - Coffee Brown,https://colorfulstandard.com/fr-fr/products/women-classic-merino-wool-crew-women-merino-crewneck-coffee-brown-female,Pull,F,"[18.823529411764707, 4.0, 5.0]"
1761,https://colorfulstandard.com/cdn/shop/files/CS5087_Female_WomenClassicMerinoWoolCrew-BubblegumPink_2.jpg?v=1738227280&width=3000,-,Women Classic Merino Wool Crew - Bubblegum Pink,https://colorfulstandard.com/fr-fr/products/women-classic-merino-wool-crew-women-merino-crewneck-bubblegum-pink-female,Pull,F,"[62.35294117647059, 56.0, 9.0]"
1762,https://colorfulstandard.com/cdn/shop/files/CS5087_Female_WomenClassicMerinoWoolCrew-BubblegumPink_2.jpg?v=1738227280&width=3000,-,Women Classic Merino Wool Crew - Bubblegum Pink,https://colorfulstandard.com/fr-fr/products/women-classic-merino-wool-crew-women-merino-crewneck-bubblegum-pink-female,Pull,F,"[50.19607843137255, 56.0, 13.0]"
1763,https://colorfulstandard.com/cdn/shop/files/CS4004_Female_WomenOrganicTwillShorts-SteelBlue_2.jpg?v=1738233752&width=3000,-,Women Organic Twill Shorts - Steel Blue,https://colorfulstandard.com/fr-fr/products/organic-twill-shorts-shorts-steel-blue-female,T-shirt,F,"[65.49019607843137, -7.0, -2.0]"
1764,https://colorfulstandard.com/cdn/shop/files/CS4004_Female_WomenOrganicTwillShorts-SteelBlue_2.jpg?v=1738233752&width=3000,-,Women Organic Twill Shorts - Steel Blue,https://colorfulstandard.com/fr-fr/products/organic-twill-shorts-shorts-steel-blue-female,T-shirt,F,"[58.82352941176471, -7.0, -1.0]"
1765,https://colorfulstandard.com/cdn/shop/files/CS1011_Female_OrganicSweatpants-WarmTaupe_2.jpg?v=1738228274&width=3000,-,Organic Sweatpants - Warm Taupe,https://colorfulstandard.com/fr-fr/products/organic-sweatpants-pants-warm-taupe-female,Jogging,F,"[56.86274509803921, 5.0, 14.0]"
1766,https://colorfulstandard.com/cdn/shop/files/CS1011_Female_OrganicSweatpants-WarmTaupe_2.jpg?v=1738228274&width=3000,-,Organic Sweatpants - Warm Taupe,https://colorfulstandard.com/fr-fr/products/organic-sweatpants-pants-warm-taupe-female,Jogging,F,"[51.76470588235295, 5.0, 14.0]"
1767,https://colorfulstandard.com/cdn/shop/files/CS1011_Female_OrganicSweatpants-SoftYellow_2.jpg?v=1738228156&width=3000,-,Organic Sweatpants - Soft Yellow,https://colorfulstandard.com/fr-fr/products/organic-sweatpants-pants-soft-yellow-female,Jogging,F,"[92.15686274509804, 0.0, 19.0]"
1768,https://colorfulstandard.com/cdn/shop/files/CS1011_Female_OrganicSweatpants-SoftYellow_2.jpg?v=1738228156&width=3000,-,Organic Sweatpants - Soft Yellow,https://colorfulstandard.com/fr-fr/products/organic-sweatpants-pants-soft-yellow-female,Jogging,F,"[89.41176470588236, 1.0, 21.0]"
1769,https://colorfulstandard.com/cdn/shop/files/CS1011_Female_OrganicSweatpants-SaharaCamel_2.jpg?v=1738228043&width=3000,-,Organic Sweatpants - Sahara Camel,https://colorfulstandard.com/fr-fr/products/organic-sweatpants-pants-sahara-camel-female,Jogging,F,"[44.70588235294118, 13.0, 24.0]"
1770,https://colorfulstandard.com/cdn/shop/files/CS1011_Female_OrganicSweatpants-SaharaCamel_2.jpg?v=1738228043&width=3000,-,Organic Sweatpants - Sahara Camel,https://colorfulstandard.com/fr-fr/products/organic-sweatpants-pants-sahara-camel-female,Jogging,F,"[41.17647058823529, 12.0, 23.0]"
1771,https://colorfulstandard.com/cdn/shop/files/CS1011_Female_OrganicSweatpants-PowderBlue_2.jpg?v=1738227964&width=3000,-,Organic Sweatpants - Powder Blue,https://colorfulstandard.com/fr-fr/products/organic-sweatpants-pants-powder-blue-female,Jogging,F,"[84.31372549019608, -3.0, -6.0]"
1772,https://colorfulstandard.com/cdn/shop/files/CS1011_Female_OrganicSweatpants-PowderBlue_2.jpg?v=1738227964&width=3000,-,Organic Sweatpants - Powder Blue,https://colorfulstandard.com/fr-fr/products/organic-sweatpants-pants-powder-blue-female,Jogging,F,"[79.6078431372549, -3.0, -6.0]"
1773,https://colorfulstandard.com/cdn/shop/files/CS1011_Female_OrganicSweatpants-PacificBlue_2.jpg?v=1738227864&width=3000,-,Organic Sweatpants - Pacific Blue,https://colorfulstandard.com/fr-fr/products/organic-sweatpants-pants-pacific-blue-female,Jogging,F,"[57.647058823529406, -1.0, -49.0]"
1774,https://colorfulstandard.com/cdn/shop/files/CS1011_Female_OrganicSweatpants-PacificBlue_2.jpg?v=1738227864&width=3000,-,Organic Sweatpants - Pacific Blue,https://colorfulstandard.com/fr-fr/products/organic-sweatpants-pants-pacific-blue-female,Jogging,F,"[54.11764705882353, 1.0, -49.0]"
1775,https://colorfulstandard.com/cdn/shop/files/CS1011_Female_OrganicSweatpants-LightAqua_2.jpg?v=1738227688&width=3000,-,Organic Sweatpants - Light Aqua,https://colorfulstandard.com/fr-fr/products/organic-sweatpants-pants-light-aqua-female,Jogging,F,"[89.80392156862746, -9.0, -1.0]"
1776,https://colorfulstandard.com/cdn/shop/files/CS1011_Female_OrganicSweatpants-LightAqua_2.jpg?v=1738227688&width=3000,-,Organic Sweatpants - Light Aqua,https://colorfulstandard.com/fr-fr/products/organic-sweatpants-pants-light-aqua-female,Jogging,F,"[85.49019607843137, -9.0, -1.0]"
1777,https://colorfulstandard.com/cdn/shop/files/CS1011_Female_OrganicSweatpants-DesertKhaki_2.jpg?v=1738227478&width=3000,-,Organic Sweatpants - Desert Khaki,https://colorfulstandard.com/fr-fr/products/organic-sweatpants-pants-desert-khaki-female,Jogging,F,"[70.58823529411765, 1.0, 27.0]"
1778,https://colorfulstandard.com/cdn/shop/files/CS1011_Female_OrganicSweatpants-DesertKhaki_2.jpg?v=1738227478&width=3000,-,Organic Sweatpants - Desert Khaki,https://colorfulstandard.com/fr-fr/products/organic-sweatpants-pants-desert-khaki-female,Jogging,F,"[64.70588235294117, 1.0, 26.0]"
1779,https://colorfulstandard.com/cdn/shop/files/CS1011_Female_OrganicSweatpants-BrightCoral_2.jpg?v=1738227288&width=3000,-,Organic Sweatpants - Bright Coral,https://colorfulstandard.com/fr-fr/products/organic-sweatpants-pants-bright-coral-female,Jogging,F,"[82.35294117647058, 20.0, 11.0]"
1780,https://colorfulstandard.com/cdn/shop/files/CS1011_Female_OrganicSweatpants-BrightCoral_2.jpg?v=1738227288&width=3000,-,Organic Sweatpants - Bright Coral,https://colorfulstandard.com/fr-fr/products/organic-sweatpants-pants-bright-coral-female,Jogging,F,"[78.03921568627452, 22.0, 12.0]"
1781,https://colorfulstandard.com/cdn/shop/files/CS1012_Female_OrganicOversizedCrew-LightAqua_2.jpg?v=1738230395&width=3000,-,Organic Oversized Crew - Light Aqua,https://colorfulstandard.com/fr-fr/products/organic-oversized-crew-light-aqua-female,Pull,F,"[90.98039215686275, -8.0, -1.0]"
1782,https://colorfulstandard.com/cdn/shop/files/CS1012_Female_OrganicOversizedCrew-LightAqua_2.jpg?v=1738230395&width=3000,-,Organic Oversized Crew - Light Aqua,https://colorfulstandard.com/fr-fr/products/organic-oversized-crew-light-aqua-female,Pull,F,"[87.05882352941177, -9.0, -1.0]"
1783,https://colorfulstandard.com/cdn/shop/files/CS1006_Female_ClassicOrganicHood-WarmTaupe_2.jpg?v=1738227137&width=3000,-,Classic Organic Hood - Warm Taupe,https://colorfulstandard.com/fr-fr/products/classic-organic-hood-hoodie-warm-taupe-female,Hoodie,F,"[56.86274509803921, 5.0, 14.0]"
1784,https://colorfulstandard.com/cdn/shop/files/CS1006_Female_ClassicOrganicHood-WarmTaupe_2.jpg?v=1738227137&width=3000,-,Classic Organic Hood - Warm Taupe,https://colorfulstandard.com/fr-fr/products/classic-organic-hood-hoodie-warm-taupe-female,Hoodie,F,"[48.627450980392155, 5.0, 14.0]"
1785,https://colorfulstandard.com/cdn/shop/files/CS1006_Female_ClassicOrganicHood-SunnyOrange_2.jpg?v=1738227067&width=3000,-,Classic Organic Hood - Sunny Orange,https://colorfulstandard.com/fr-fr/products/classic-organic-hood-hoodie-sunny-orange-female,Hoodie,F,"[71.37254901960785, 29.0, 67.0]"
1786,https://colorfulstandard.com/cdn/shop/files/CS1006_Female_ClassicOrganicHood-StormGrey_2.jpg?v=1738227053&width=3000,-,Classic Organic Hood - Storm Grey,https://colorfulstandard.com/fr-fr/products/classic-organic-hood-hoodie-storm-grey-female,Hoodie,F,"[50.588235294117645, 0.0, 2.0]"
1787,https://colorfulstandard.com/cdn/shop/files/CS1006_Female_ClassicOrganicHood-StormGrey_2.jpg?v=1738227053&width=3000,-,Classic Organic Hood - Storm Grey,https://colorfulstandard.com/fr-fr/products/classic-organic-hood-hoodie-storm-grey-female,Hoodie,F,"[42.745098039215684, 0.0, 1.0]"
1788,https://colorfulstandard.com/cdn/shop/files/CS1006_Female_ClassicOrganicHood-SpringGreen_2.jpg?v=1738226989&width=3000,-,Classic Organic Hood - Spring Green,https://colorfulstandard.com/fr-fr/products/classic-organic-hood-hoodie-spring-green-female,Hoodie,F,"[77.25490196078432, -49.0, 28.0]"
1789,https://colorfulstandard.com/cdn/shop/files/CS1006_Female_ClassicOrganicHood-SpringGreen_2.jpg?v=1738226989&width=3000,-,Classic Organic Hood - Spring Green,https://colorfulstandard.com/fr-fr/products/classic-organic-hood-hoodie-spring-green-female,Hoodie,F,"[69.80392156862744, -47.0, 28.0]"
1790,https://colorfulstandard.com/cdn/shop/files/CS1006_Female_ClassicOrganicHood-SnowMelange_2.jpg?v=1738226936&width=3000,-,Classic Organic Hood - Snow Melange,https://colorfulstandard.com/fr-fr/products/classic-organic-hood-hoodie-snow-melange-female,Hoodie,F,"[92.15686274509804, 0.0, -1.0]"
1791,https://colorfulstandard.com/cdn/shop/files/CS1006_Female_ClassicOrganicHood-SnowMelange_2.jpg?v=1738226936&width=3000,-,Classic Organic Hood - Snow Melange,https://colorfulstandard.com/fr-fr/products/classic-organic-hood-hoodie-snow-melange-female,Hoodie,F,"[86.66666666666667, 0.0, -2.0]"
1792,https://colorfulstandard.com/cdn/shop/files/CS1006_Female_ClassicOrganicHood-SkyBlue_2.jpg?v=1738226919&width=3000,-,Classic Organic Hood - Sky Blue,https://colorfulstandard.com/fr-fr/products/classic-organic-hood-hoodie-sky-blue-female,Hoodie,F,"[54.11764705882353, 4.0, -38.0]"
1793,https://colorfulstandard.com/cdn/shop/files/CS1006_Female_ClassicOrganicHood-SkyBlue_2.jpg?v=1738226919&width=3000,-,Classic Organic Hood - Sky Blue,https://colorfulstandard.com/fr-fr/products/classic-organic-hood-hoodie-sky-blue-female,Hoodie,F,"[47.05882352941176, 5.0, -37.0]"
1794,https://colorfulstandard.com/cdn/shop/files/CS1006_Female_ClassicOrganicHood-PurpleHaze_2.jpg?v=1738226773&width=3000,-,Classic Organic Hood - Purple Haze,https://colorfulstandard.com/fr-fr/products/classic-organic-hood-hoodie-purple-haze-female,Hoodie,F,"[59.21568627450981, 8.0, -5.0]"
1795,https://colorfulstandard.com/cdn/shop/files/CS1006_Female_ClassicOrganicHood-PurpleHaze_2.jpg?v=1738226773&width=3000,-,Classic Organic Hood - Purple Haze,https://colorfulstandard.com/fr-fr/products/classic-organic-hood-hoodie-purple-haze-female,Hoodie,F,"[50.588235294117645, 7.0, -4.0]"
1796,https://fr.sandro-paris.com/dw/image/v2/BCMW_PRD/on/demandware.static/-/Sites-master-catalog/default/dw7ff61c1f/images/packshot/Sandro_SHPCM01238-G023_H_P.jpg?sw=650&sh=650,-,Chemise imprimé camélias,https://fr.sandro-paris.com/fr/p/chemise-imprime-camelias/SHPCM01238_G023.html,Chemise,H,"[89.41176470588236, 1.0, 1.0]"
1797,https://fr.sandro-paris.com/dw/image/v2/BCMW_PRD/on/demandware.static/-/Sites-master-catalog/default/dw7ff61c1f/images/packshot/Sandro_SHPCM01238-G023_H_P.jpg?sw=650&sh=650,-,Chemise imprimé camélias,https://fr.sandro-paris.com/fr/p/chemise-imprime-camelias/SHPCM01238_G023.html,Chemise,H,"[16.07843137254902, 5.0, 3.0]"
1798,https://fr.sandro-paris.com/dw/image/v2/BCMW_PRD/on/demandware.static/-/Sites-master-catalog/default/dwfa2a7fbf/images/packshot/Sandro_SHPCM01230-47_H_P.jpg?sw=650&sh=650,-,Chemise à rayures,https://fr.sandro-paris.com/fr/p/chemise-a-rayures/SHPCM01230_47.html,Chemise,H,"[83.92156862745098, 2.0, -9.0]"
1799,https://fr.sandro-paris.com/dw/image/v2/BCMW_PRD/on/demandware.static/-/Sites-master-catalog/default/dwfa2a7fbf/images/packshot/Sandro_SHPCM01230-47_H_P.jpg?sw=650&sh=650,-,Chemise à rayures,https://fr.sandro-paris.com/fr/p/chemise-a-rayures/SHPCM01230_47.html,Chemise,H,"[60.78431372549019, 5.0, -16.0]"
1800,https://fr.sandro-paris.com/dw/image/v2/BCMW_PRD/on/demandware.static/-/Sites-master-catalog/default/dwfa2a7fbf/images/packshot/Sandro_SHPCM01230-47_H_P.jpg?sw=650&sh=650,-,Chemise à rayures,https://fr.sandro-paris.com/fr/p/chemise-a-rayures/SHPCM01230_47.html,Chemise,H,"[72.54901960784314, 4.0, -15.0]"
1801,https://fr.sandro-paris.com/dw/image/v2/BCMW_PRD/on/demandware.static/-/Sites-master-catalog/default/dw65d8badf/images/packshot/Sandro_SHPCM01169-40_H_P.jpg?sw=650&sh=650,-,Chemise fluide Square Cross,https://fr.sandro-paris.com/fr/p/chemise-fluide-square-cross/SHPCM01169_40.html,Chemise,H,"[89.80392156862746, -4.0, -8.0]"
1802,https://fr.sandro-paris.com/dw/image/v2/BCMW_PRD/on/demandware.static/-/Sites-master-catalog/default/dw65d8badf/images/packshot/Sandro_SHPCM01169-40_H_P.jpg?sw=650&sh=650,-,Chemise fluide Square Cross,https://fr.sandro-paris.com/fr/p/chemise-fluide-square-cross/SHPCM01169_40.html,Chemise,H,"[67.84313725490196, -10.0, -24.0]"
1803,https://fr.sandro-paris.com/dw/image/v2/BCMW_PRD/on/demandware.static/-/Sites-master-catalog/default/dw65d8badf/images/packshot/Sandro_SHPCM01169-40_H_P.jpg?sw=650&sh=650,-,Chemise fluide Square Cross,https://fr.sandro-paris.com/fr/p/chemise-fluide-square-cross/SHPCM01169_40.html,Chemise,H,"[80.0, -8.0, -16.0]"
1804,https://fr.sandro-paris.com/dw/image/v2/BCMW_PRD/on/demandware.static/-/Sites-master-catalog/default/dwc0c62d87/images/packshot/Sandro_SHPCM01170-44_H_P.jpg?sw=650&sh=650,-,Chemise fluide imprimé square cross,https://fr.sandro-paris.com/fr/p/chemise-fluide-imprime-square-cross/SHPCM01170_44.html,Chemise,H,"[87.05882352941177, 0.0, 1.0]"
1805,https://fr.sandro-paris.com/dw/image/v2/BCMW_PRD/on/demandware.static/-/Sites-master-catalog/default/dwc0c62d87/images/packshot/Sandro_SHPCM01170-44_H_P.jpg?sw=650&sh=650,-,Chemise fluide imprimé square cross,https://fr.sandro-paris.com/fr/p/chemise-fluide-imprime-square-cross/SHPCM01170_44.html,Chemise,H,"[20.392156862745097, 0.0, -3.0]"
1806,https://fr.sandro-paris.com/dw/image/v2/BCMW_PRD/on/demandware.static/-/Sites-master-catalog/default/dwc0c62d87/images/packshot/Sandro_SHPCM01170-44_H_P.jpg?sw=650&sh=650,-,Chemise fluide imprimé square cross,https://fr.sandro-paris.com/fr/p/chemise-fluide-imprime-square-cross/SHPCM01170_44.html,Chemise,H,"[56.470588235294116, -1.0, 0.0]"
1807,https://fr.sandro-paris.com/dw/image/v2/BCMW_PRD/on/demandware.static/-/Sites-master-catalog/default/dw6cf4c617/images/packshot/Sandro_SHPCM01116-20_H_P.jpg?sw=650&sh=650,-,Chemise en denim brut,https://fr.sandro-paris.com/fr/p/chemise-en-denim-brut/SHPCM01116_20.html,Chemise,H,"[13.333333333333334, 1.0, -1.0]"
1808,https://fr.sandro-paris.com/dw/image/v2/BCMW_PRD/on/demandware.static/-/Sites-master-catalog/default/dw2b95867b/images/packshot/Sandro_SHPCM01238-40_H_P.jpg?sw=650&sh=650,-,Chemise imprimé camélias,https://fr.sandro-paris.com/fr/p/chemise-imprime-camelias/SHPCM01238_40.html,Chemise,H,"[91.37254901960785, -1.0, 1.0]"
1809,https://fr.sandro-paris.com/dw/image/v2/BCMW_PRD/on/demandware.static/-/Sites-master-catalog/default/dw2b95867b/images/packshot/Sandro_SHPCM01238-40_H_P.jpg?sw=650&sh=650,-,Chemise imprimé camélias,https://fr.sandro-paris.com/fr/p/chemise-imprime-camelias/SHPCM01238_40.html,Chemise,H,"[84.70588235294117, -4.0, -5.0]"
1810,https://fr.sandro-paris.com/dw/image/v2/BCMW_PRD/on/demandware.static/-/Sites-master-catalog/default/dw2b95867b/images/packshot/Sandro_SHPCM01238-40_H_P.jpg?sw=650&sh=650,-,Chemise imprimé camélias,https://fr.sandro-paris.com/fr/p/chemise-imprime-camelias/SHPCM01238_40.html,Chemise,H,"[65.49019607843137, -2.0, -1.0]"
1811,https://fr.sandro-paris.com/dw/image/v2/BCMW_PRD/on/demandware.static/-/Sites-master-catalog/default/dwa3ccb640/images/packshot/Sandro_SHPCM01172-G023_H_P.jpg?sw=650&sh=650,-,Chemise fluide,https://fr.sandro-paris.com/fr/p/chemise-fluide/SHPCM01172_G023.html,Chemise,H,"[32.94117647058823, 4.0, 4.0]"
1812,https://fr.sandro-paris.com/dw/image/v2/BCMW_PRD/on/demandware.static/-/Sites-master-catalog/default/dwa3ccb640/images/packshot/Sandro_SHPCM01172-G023_H_P.jpg?sw=650&sh=650,-,Chemise fluide,https://fr.sandro-paris.com/fr/p/chemise-fluide/SHPCM01172_G023.html,Chemise,H,"[15.686274509803921, 6.0, 5.0]"
1813,https://fr.sandro-paris.com/dw/image/v2/BCMW_PRD/on/demandware.static/-/Sites-master-catalog/default/dw02487f5d/images/packshot/Sandro_SHPCM01196-10_H_P.jpg?sw=650&sh=650,-,Chemise à rayures,https://fr.sandro-paris.com/fr/p/chemise-a-rayures/SHPCM01196_10.html,Chemise,H,"[93.72549019607843, 0.0, 2.0]"
1814,https://fr.sandro-paris.com/dw/image/v2/BCMW_PRD/on/demandware.static/-/Sites-master-catalog/default/dw02487f5d/images/packshot/Sandro_SHPCM01196-10_H_P.jpg?sw=650&sh=650,-,Chemise à rayures,https://fr.sandro-paris.com/fr/p/chemise-a-rayures/SHPCM01196_10.html,Chemise,H,"[91.76470588235294, 0.0, 2.0]"
1815,https://fr.sandro-paris.com/dw/image/v2/BCMW_PRD/on/demandware.static/-/Sites-master-catalog/default/dw50261d68/images/packshot/Sandro_SHPCM01172-44_H_P.jpg?sw=650&sh=650,-,Chemise fluide,https://fr.sandro-paris.com/fr/p/chemise-fluide/SHPCM01172_44.html,Chemise,H,"[36.470588235294116, -1.0, -2.0]"
1816,https://fr.sandro-paris.com/dw/image/v2/BCMW_PRD/on/demandware.static/-/Sites-master-catalog/default/dw50261d68/images/packshot/Sandro_SHPCM01172-44_H_P.jpg?sw=650&sh=650,-,Chemise fluide,https://fr.sandro-paris.com/fr/p/chemise-fluide/SHPCM01172_44.html,Chemise,H,"[15.686274509803921, -1.0, -3.0]"
1817,https://fr.sandro-paris.com/dw/image/v2/BCMW_PRD/on/demandware.static/-/Sites-master-catalog/default/dw236cb299/images/packshot/Sandro_SHPCM01238-20_H_P.jpg?sw=650&sh=650,-,Chemise imprimé camélias,https://fr.sandro-paris.com/fr/p/chemise-imprime-camelias/SHPCM01238_20.html,Chemise,H,"[24.313725490196077, -1.0, -13.0]"
1818,https://fr.sandro-paris.com/dw/image/v2/BCMW_PRD/on/demandware.static/-/Sites-master-catalog/default/dw236cb299/images/packshot/Sandro_SHPCM01238-20_H_P.jpg?sw=650&sh=650,-,Chemise imprimé camélias,https://fr.sandro-paris.com/fr/p/chemise-imprime-camelias/SHPCM01238_20.html,Chemise,H,"[7.0588235294117645, 0.0, -6.0]"
1819,https://fr.sandro-paris.com/dw/image/v2/BCMW_PRD/on/demandware.static/-/Sites-master-catalog/default/dw87087faa/images/packshot/Sandro_SHPCM01196-40_H_P.jpg?sw=650&sh=650,-,Chemise à rayures,https://fr.sandro-paris.com/fr/p/chemise-a-rayures/SHPCM01196_40.html,Chemise,H,"[79.6078431372549, -3.0, -17.0]"
1820,https://fr.sandro-paris.com/dw/image/v2/BCMW_PRD/on/demandware.static/-/Sites-master-catalog/default/dwda1ebadc/images/packshot/Sandro_SHPCM01119-20_H_P.jpg?sw=650&sh=650,-,Chemise en maille à fleurs,https://fr.sandro-paris.com/fr/p/chemise-en-maille-a-fleurs/SHPCM01119_20.html,Chemise,H,"[7.450980392156863, 0.0, -2.0]"
1821,https://fr.sandro-paris.com/dw/image/v2/BCMW_PRD/on/demandware.static/-/Sites-master-catalog/default/dwdd933551/images/packshot/Sandro_SHPJE00130-24_V_P.jpg?sw=650&sh=650,-,Jean gris délavé,https://fr.sandro-paris.com/fr/p/jean-gris-delave/SHPJE00130_24.html,Jean,H,"[37.254901960784316, 2.0, -3.0]"
1822,https://fr.sandro-paris.com/dw/image/v2/BCMW_PRD/on/demandware.static/-/Sites-master-catalog/default/dwd0523785/images/packshot/Sandro_SHPPA01144-21_V_P.jpg?sw=650&sh=650,-,Pantalon droit élastiqué,https://fr.sandro-paris.com/fr/p/pantalon-droit-elastique/SHPPA01144_21.html,Pantalon,H,"[19.607843137254903, 0.0, -2.0]"
1823,https://fr.sandro-paris.com/dw/image/v2/BCMW_PRD/on/demandware.static/-/Sites-master-catalog/default/dw1f8b01a5/images/packshot/Sandro_SHPPA01452-44_H_P.jpg?sw=650&sh=650,-,Pantalon de costume,https://fr.sandro-paris.com/fr/p/pantalon-de-costume/SHPPA01452_44.html,Pantalon,H,"[11.372549019607844, 1.0, -5.0]"
1824,https://fr.sandro-paris.com/dw/image/v2/BCMW_PRD/on/demandware.static/-/Sites-master-catalog/default/dwe95e3934/images/packshot/Sandro_SHPPA01453-24_H_P.jpg?sw=650&sh=650,-,Pantalon de costume,https://fr.sandro-paris.com/fr/p/pantalon-de-costume/SHPPA01453_24.html,Pantalon,H,"[18.03921568627451, 1.0, -1.0]"
1825,https://fr.sandro-paris.com/dw/image/v2/BCMW_PRD/on/demandware.static/-/Sites-master-catalog/default/dwac861c01/images/packshot/Sandro_SHPPA01451-24_H_P.jpg?sw=650&sh=650,-,Pantalon de costume,https://fr.sandro-paris.com/fr/p/pantalon-de-costume/SHPPA01451_24.html,Pantalon,H,"[34.509803921568626, 0.0, -1.0]"
1826,https://fr.sandro-paris.com/dw/image/v2/BCMW_PRD/on/demandware.static/-/Sites-master-catalog/default/dwe24a3c00/images/packshot/Sandro_SHPJE00120-BLUV_V_P.jpg?sw=650&sh=650,-,Jean slim avec délavage Waterless,https://fr.sandro-paris.com/fr/p/jean-slim-avec-delavage-waterless/SHPJE00120_BLUV.html,Jean,H,"[32.15686274509804, 2.0, -26.0]"
1827,https://fr.sandro-paris.com/dw/image/v2/BCMW_PRD/on/demandware.static/-/Sites-master-catalog/default/dwe24a3c00/images/packshot/Sandro_SHPJE00120-BLUV_V_P.jpg?sw=650&sh=650,-,Jean slim avec délavage Waterless,https://fr.sandro-paris.com/fr/p/jean-slim-avec-delavage-waterless/SHPJE00120_BLUV.html,Jean,H,"[90.19607843137256, 0.0, 0.0]"
1828,https://fr.sandro-paris.com/dw/image/v2/BCMW_PRD/on/demandware.static/-/Sites-master-catalog/default/dwe24a3c00/images/packshot/Sandro_SHPJE00120-BLUV_V_P.jpg?sw=650&sh=650,-,Jean slim avec délavage Waterless,https://fr.sandro-paris.com/fr/p/jean-slim-avec-delavage-waterless/SHPJE00120_BLUV.html,Jean,H,"[41.568627450980394, 0.0, -23.0]"
1829,https://fr.sandro-paris.com/dw/image/v2/BCMW_PRD/on/demandware.static/-/Sites-master-catalog/default/dw45a8320b/images/packshot/Sandro_SHPPA01504-20_H_P.jpg?sw=650&sh=650,-,Pantalon large en laine,https://fr.sandro-paris.com/fr/p/pantalon-large-en-laine/SHPPA01504_20.html,Pantalon,H,"[9.411764705882353, 0.0, 0.0]"
1830,https://fr.sandro-paris.com/dw/image/v2/BCMW_PRD/on/demandware.static/-/Sites-master-catalog/default/dw03ae337a/images/packshot/Sandro_SHPJE00666-20_H_P.jpg?sw=650&sh=650,-,Jean baggy,https://fr.sandro-paris.com/fr/p/jean-baggy-/SHPJE00666_20.html,Jean,H,"[12.549019607843137, 1.0, 3.0]"
1831,https://fr.sandro-paris.com/dw/image/v2/BCMW_PRD/on/demandware.static/-/Sites-master-catalog/default/dwaae175b5/images/packshot/Sandro_SHPJE00642-20_H_P.jpg?sw=650&sh=650,-,Jean baggy,https://fr.sandro-paris.com/fr/p/jean-baggy/SHPJE00642_20.html,Jean,H,"[8.235294117647058, 0.0, -1.0]"
1832,https://fr.sandro-paris.com/dw/image/v2/BCMW_PRD/on/demandware.static/-/Sites-master-catalog/default/dw4b276f96/images/packshot/Sandro_SHPJE00680-BRUT_H_P.jpg?sw=650&sh=650,-,Jean regular,https://fr.sandro-paris.com/fr/p/jean-regular/SHPJE00680_BRUT.html,Jean,H,"[21.96078431372549, 1.0, -5.0]"
1833,https://fr.sandro-paris.com/dw/image/v2/BCMW_PRD/on/demandware.static/-/Sites-master-catalog/default/dwee3e00cc/images/packshot/Sandro_SHPPA01456-44_H_P.jpg?sw=650&sh=650,-,Pantalon à plis creux,https://fr.sandro-paris.com/fr/p/pantalon-a-plis-creux/SHPPA01456_44.html,Pantalon habillé,H,"[9.803921568627452, 0.0, -3.0]"
1834,https://fr.sandro-paris.com/dw/image/v2/BCMW_PRD/on/demandware.static/-/Sites-master-catalog/default/dwab1eef2b/images/packshot/Sandro_SHPPA01343-44_V_P.jpg?sw=650&sh=650,-,Pantalon de costume,https://fr.sandro-paris.com/fr/p/pantalon-de-costume/SHPPA01343_44.html,Pantalon habillé,H,"[14.901960784313726, 3.0, -10.0]"
1835,https://fr.sandro-paris.com/dw/image/v2/BCMW_PRD/on/demandware.static/-/Sites-master-catalog/default/dw11c12f23/images/packshot/Sandro_SHPPA01461-24_H_P.jpg?sw=650&sh=650,-,Pantalon de costume large,https://fr.sandro-paris.com/fr/p/pantalon-de-costume-large/SHPPA01461_24.html,Pantalon habillé,H,"[21.176470588235293, 1.0, -1.0]"
1836,https://fr.sandro-paris.com/dw/image/v2/BCMW_PRD/on/demandware.static/-/Sites-master-catalog/default/dw3ea90de2/images/packshot/Sandro_SHPJO00080-125_H_P.jpg?sw=650&sh=650,-,Pantalon de jogging à bandes,https://fr.sandro-paris.com/fr/p/pantalon-de-jogging-a-bandes/SHPJO00080_125.html,Jogging,H,"[13.333333333333334, 1.0, -9.0]"
1837,https://fr.sandro-paris.com/dw/image/v2/BCMW_PRD/on/demandware.static/-/Sites-master-catalog/default/dw3fa150ac/images/packshot/Sandro_SHPPA01331-72_V_P.jpg?sw=650&sh=650,-,Pantalon de costume,https://fr.sandro-paris.com/fr/p/pantalon-de-costume/SHPPA01331_72.html,Pantalon habillé,H,"[74.11764705882354, 2.0, 15.0]"
1838,https://fr.sandro-paris.com/dw/image/v2/BCMW_PRD/on/demandware.static/-/Sites-master-catalog/default/dwb0a510dd/images/packshot/Sandro_SHPPA01288-A315_H_P.jpg?sw=650&sh=650,-,Pantalon chino droit,https://fr.sandro-paris.com/fr/p/pantalon-chino-droit/SHPPA01288_A315.html,Chino,H,"[86.66666666666667, 1.0, 7.0]"
1839,https://fr.sandro-paris.com/dw/image/v2/BCMW_PRD/on/demandware.static/-/Sites-master-catalog/default/dwb766763b/images/packshot/Sandro_SHPPA01169-72_H_P.jpg?sw=650&sh=650,-,Pantalon de costume en laine,https://fr.sandro-paris.com/fr/p/pantalon-de-costume-en-laine/SHPPA01169_72.html,Pantalon habillé,H,"[32.15686274509804, 12.0, 22.0]"
1840,https://fr.sandro-paris.com/dw/image/v2/BCMW_PRD/on/demandware.static/-/Sites-master-catalog/default/dwd7746937/images/packshot/Sandro_SHPJO00083-24_H_P.jpg?sw=650&sh=650,-,Pantalon de jogging en molleton,https://fr.sandro-paris.com/fr/p/pantalon-de-jogging-en-molleton/SHPJO00083_24.html,Jogging,H,"[23.52941176470588, -1.0, -3.0]"
1841,https://fr.sandro-paris.com/dw/image/v2/BCMW_PRD/on/demandware.static/-/Sites-master-catalog/default/dwbc4fdf1d/images/packshot/Sandro_SHPPA01416-D340_H_P.jpg?sw=650&sh=650,-,Pantalon cargo,https://fr.sandro-paris.com/fr/p/pantalon-cargo/SHPPA01416_D340.html,Pantalon habillé,H,"[9.803921568627452, 0.0, -6.0]"
1842,https://fr.sandro-paris.com/dw/image/v2/BCMW_PRD/on/demandware.static/-/Sites-master-catalog/default/dw8d0c6b40/images/packshot/Sandro_SHPPA01288-45_H_P.jpg?sw=650&sh=650,-,Pantalon chino droit,https://fr.sandro-paris.com/fr/p/pantalon-chino-droit/SHPPA01288_45.html,Chino,H,"[14.117647058823529, 0.0, -13.0]"
1843,https://fr.sandro-paris.com/dw/image/v2/BCMW_PRD/on/demandware.static/-/Sites-master-catalog/default/dwdc883bdf/images/packshot/Sandro_SHPPA01330-44_H_P.jpg?sw=650&sh=650,-,Pantalon de costume,https://fr.sandro-paris.com/fr/p/pantalon-de-costume/SHPPA01330_44.html,Pantalon habillé,H,"[10.588235294117647, 2.0, -7.0]"
1844,https://fr.sandro-paris.com/dw/image/v2/BCMW_PRD/on/demandware.static/-/Sites-master-catalog/default/dw9706908f/images/packshot/Sandro_SHPPA01525-21_H_P.jpg?sw=650&sh=650,-,Pantalon large,https://fr.sandro-paris.com/fr/p/pantalon-large/SHPPA01525_21.html,Pantalon,H,"[20.784313725490197, 1.0, -1.0]"
1845,https://fr.sandro-paris.com/dw/image/v2/BCMW_PRD/on/demandware.static/-/Sites-master-catalog/default/dw9565daf1/images/packshot/Sandro_SHPPA01487-72_H_P.jpg?sw=650&sh=650,-,Pantalon de costume élastiqué,https://fr.sandro-paris.com/fr/p/pantalon-de-costume-elastique/SHPPA01487_72.html,Pantalon habillé,H,"[30.980392156862745, 4.0, 5.0]"
1846,https://fr.sandro-paris.com/dw/image/v2/BCMW_PRD/on/demandware.static/-/Sites-master-catalog/default/dw211c50dc/images/packshot/Sandro_SHPPA01460-16_H_P.jpg?sw=650&sh=650,-,Pantalon de costume,https://fr.sandro-paris.com/fr/p/pantalon-de-costume/SHPPA01460_16.html,Pantalon habillé,H,"[74.50980392156863, 3.0, 7.0]"
1847,https://fr.sandro-paris.com/dw/image/v2/BCMW_PRD/on/demandware.static/-/Sites-master-catalog/default/dw211c50dc/images/packshot/Sandro_SHPPA01460-16_H_P.jpg?sw=650&sh=650,-,Pantalon de costume,https://fr.sandro-paris.com/fr/p/pantalon-de-costume/SHPPA01460_16.html,Pantalon habillé,H,"[69.01960784313725, 3.0, 7.0]"
1848,https://fr.sandro-paris.com/dw/image/v2/BCMW_PRD/on/demandware.static/-/Sites-master-catalog/default/dw0d2cd6c4/images/packshot/Sandro_SHPPA01454-G023_H_P.jpg?sw=650&sh=650,-,Pantalon de costume,https://fr.sandro-paris.com/fr/p/pantalon-de-costume/SHPPA01454_G023.html,Pantalon habillé,H,"[21.176470588235293, 4.0, 5.0]"
1849,https://fr.sandro-paris.com/dw/image/v2/BCMW_PRD/on/demandware.static/-/Sites-master-catalog/default/dw7753d29d/images/packshot/Sandro_SHPPA01496-1611_H_P.jpg?sw=650&sh=650,-,Pantalon de costume,https://fr.sandro-paris.com/fr/p/pantalon-de-costume/SHPPA01496_1611.html,Pantalon habillé,H,"[83.13725490196079, 1.0, 9.0]"
1850,https://fr.sandro-paris.com/dw/image/v2/BCMW_PRD/on/demandware.static/-/Sites-master-catalog/default/dw7753d29d/images/packshot/Sandro_SHPPA01496-1611_H_P.jpg?sw=650&sh=650,-,Pantalon de costume,https://fr.sandro-paris.com/fr/p/pantalon-de-costume/SHPPA01496_1611.html,Pantalon habillé,H,"[80.0, 2.0, 9.0]"
1851,https://fr.sandro-paris.com/dw/image/v2/BCMW_PRD/on/demandware.static/-/Sites-master-catalog/default/dwc001ebeb/images/packshot/Sandro_SHPPA00609-79_V_P.jpg?sw=650&sh=650,-,Pantalon en jersey,https://fr.sandro-paris.com/fr/p/pantalon-en-jersey/SHPPA00609_79.html,Pantalon,H,"[47.84313725490196, 23.0, 41.0]"
1852,https://fr.sandro-paris.com/dw/image/v2/BCMW_PRD/on/demandware.static/-/Sites-master-catalog/default/dw48955c92/images/packshot/Sandro_SHPJE00476-44_H_P.jpg?sw=650&sh=650,-,Jean regular Square Cross,https://fr.sandro-paris.com/fr/p/jean-regular-square-cross/SHPJE00476_44.html,Pantalon,H,"[14.117647058823529, 1.0, -6.0]"
1853,https://fr.sandro-paris.com/dw/image/v2/BCMW_PRD/on/demandware.static/-/Sites-master-catalog/default/dw48955c92/images/packshot/Sandro_SHPJE00476-44_H_P.jpg?sw=650&sh=650,-,Jean regular Square Cross,https://fr.sandro-paris.com/fr/p/jean-regular-square-cross/SHPJE00476_44.html,Pantalon,H,"[41.568627450980394, 0.0, -4.0]"
1854,https://fr.sandro-paris.com/dw/image/v2/BCMW_PRD/on/demandware.static/-/Sites-master-catalog/default/dwa1c44eb9/images/packshot/Sandro_SHPPA01458-20_H_P.jpg?sw=650&sh=650,-,Pantalon de costume fines rayures,https://fr.sandro-paris.com/fr/p/pantalon-de-costume-fines-rayures/SHPPA01458_20.html,Pantalon habillé,H,"[9.803921568627452, 2.0, 0.0]"
1855,https://fr.sandro-paris.com/dw/image/v2/BCMW_PRD/on/demandware.static/-/Sites-master-catalog/default/dwd8ea37c6/images/packshot/Sandro_SHPPA01473-44_H_P.jpg?sw=650&sh=650,-,Pantalon de costume,https://fr.sandro-paris.com/fr/p/pantalon-de-costume/SHPPA01473_44.html,Pantalon habillé,H,"[10.980392156862745, 0.0, -6.0]"
1856,https://fr.sandro-paris.com/dw/image/v2/BCMW_PRD/on/demandware.static/-/Sites-master-catalog/default/dwcd63739a/images/packshot/Sandro_SHPBE00082-40_H_P.jpg?sw=650&sh=650,-,Bermuda en denim square cross,https://fr.sandro-paris.com/fr/p/bermuda-en-denim-square-cross/SHPBE00082_40.html,short,H,"[46.666666666666664, -7.0, -16.0]"
1857,https://fr.sandro-paris.com/dw/image/v2/BCMW_PRD/on/demandware.static/-/Sites-master-catalog/default/dwcd63739a/images/packshot/Sandro_SHPBE00082-40_H_P.jpg?sw=650&sh=650,-,Bermuda en denim square cross,https://fr.sandro-paris.com/fr/p/bermuda-en-denim-square-cross/SHPBE00082_40.html,short,H,"[64.31372549019608, -5.0, -13.0]"
1858,https://fr.sandro-paris.com/dw/image/v2/BCMW_PRD/on/demandware.static/-/Sites-master-catalog/default/dwe3ad118e/images/packshot/Sandro_SHPBE00085-20_H_P.jpg?sw=650&sh=650,-,Bermuda en denim brut,https://fr.sandro-paris.com/fr/p/bermuda-en-denim-brut/SHPBE00085_20.html,short,H,"[14.117647058823529, 0.0, -1.0]"
1859,https://fr.sandro-paris.com/dw/image/v2/BCMW_PRD/on/demandware.static/-/Sites-master-catalog/default/dw1840f9ae/images/packshot/Sandro_SHPBE00077-115_H_P.jpg?sw=650&sh=650,-,Bermuda en matière technique,https://fr.sandro-paris.com/fr/p/bermuda-en-matiere-technique/SHPBE00077_115.html,short,H,"[94.50980392156862, 0.0, 3.0]"
1860,https://fr.sandro-paris.com/dw/image/v2/BCMW_PRD/on/demandware.static/-/Sites-master-catalog/default/dw1840f9ae/images/packshot/Sandro_SHPBE00077-115_H_P.jpg?sw=650&sh=650,-,Bermuda en matière technique,https://fr.sandro-paris.com/fr/p/bermuda-en-matiere-technique/SHPBE00077_115.html,short,H,"[92.94117647058823, 0.0, 3.0]"
1861,https://fr.sandro-paris.com/dw/image/v2/BCMW_PRD/on/demandware.static/-/Sites-master-catalog/default/dw2ef58342/images/packshot/Sandro_SHPPA01475-H179_H_P.jpg?sw=650&sh=650,-,Pantalon cargo camouflage,https://fr.sandro-paris.com/fr/p/pantalon-cargo-camouflage/SHPPA01475_H179.html,Pantalon,H,"[15.686274509803921, 0.0, 7.0]"
1862,https://fr.sandro-paris.com/dw/image/v2/BCMW_PRD/on/demandware.static/-/Sites-master-catalog/default/dw2ef58342/images/packshot/Sandro_SHPPA01475-H179_H_P.jpg?sw=650&sh=650,-,Pantalon cargo camouflage,https://fr.sandro-paris.com/fr/p/pantalon-cargo-camouflage/SHPPA01475_H179.html,Pantalon,H,"[36.470588235294116, -2.0, 17.0]"
1863,https://fr.sandro-paris.com/dw/image/v2/BCMW_PRD/on/demandware.static/-/Sites-master-catalog/default/dw8b7a6ac7/images/packshot/Sandro_SHPBE00081-20_H_P.jpg?sw=650&sh=650,-,Short en toile de coton,https://fr.sandro-paris.com/fr/p/short-en-toile-de-coton/SHPBE00081_20.html,short,H,"[19.215686274509807, 2.0, -2.0]"
1864,https://fr.sandro-paris.com/dw/image/v2/BCMW_PRD/on/demandware.static/-/Sites-master-catalog/default/dw4dc8abfe/images/packshot/Sandro_SHPVE00927-72_V_P.jpg?sw=650&sh=650,-,Veste de costume,https://fr.sandro-paris.com/fr/p/veste-de-costume/SHPVE00927_72.html,Blazer,H,"[75.29411764705883, 2.0, 15.0]"
1865,https://fr.sandro-paris.com/dw/image/v2/BCMW_PRD/on/demandware.static/-/Sites-master-catalog/default/dw38b9f886/images/packshot/Sandro_SHPVE01011-G023_H_P.jpg?sw=650&sh=650,-,Veste de costume,https://fr.sandro-paris.com/fr/p/veste-de-costume/SHPVE01011_G023.html,Blazer,H,"[23.92156862745098, 3.0, 4.0]"
1866,https://fr.sandro-paris.com/dw/image/v2/BCMW_PRD/on/demandware.static/-/Sites-master-catalog/default/dw063ece12/images/packshot/Sandro_SHPVE00821-72_H_P.jpg?sw=650&sh=650,-,Veste de costume en laine,https://fr.sandro-paris.com/fr/p/veste-de-costume-en-laine/SHPVE00821_72.html,Blazer,H,"[39.6078431372549, 10.0, 19.0]"
1867,https://fr.sandro-paris.com/dw/image/v2/BCMW_PRD/on/demandware.static/-/Sites-master-catalog/default/dwb403f945/images/packshot/Sandro_SHPVE01018-16_H_P.jpg?sw=650&sh=650,-,Veste de costume,https://fr.sandro-paris.com/fr/p/veste-de-costume/SHPVE01018_16.html,Blazer,H,"[72.54901960784314, 3.0, 9.0]"
1868,https://fr.sandro-paris.com/dw/image/v2/BCMW_PRD/on/demandware.static/-/Sites-master-catalog/default/dwd5c799e7/images/packshot/Sandro_SHPVE01019-24_H_P.jpg?sw=650&sh=650,-,Veste de costume oversize,https://fr.sandro-paris.com/fr/p/veste-de-costume-oversize/SHPVE01019_24.html,Blazer,H,"[26.27450980392157, 0.0, -1.0]"
1869,https://fr.sandro-paris.com/dw/image/v2/BCMW_PRD/on/demandware.static/-/Sites-master-catalog/default/dwffe11fb2/images/packshot/Sandro_SHPVE01013-44_H_P.jpg?sw=650&sh=650,-,Veste de costume croisée,https://fr.sandro-paris.com/fr/p/veste-de-costume-croisee/SHPVE01013_44.html,Blazer,H,"[11.372549019607844, 1.0, -6.0]"
1870,https://fr.sandro-paris.com/dw/image/v2/BCMW_PRD/on/demandware.static/-/Sites-master-catalog/default/dwf31f1aa1/images/packshot/Sandro_SHPVE01044-1611_H_P.jpg?sw=650&sh=650,-,Veste de costume,https://fr.sandro-paris.com/fr/p/veste-de-costume/SHPVE01044_1611.html,Blazer,H,"[85.88235294117646, 2.0, 11.0]"
1871,https://fr.sandro-paris.com/dw/image/v2/BCMW_PRD/on/demandware.static/-/Sites-master-catalog/default/dwb5ef6eda/images/packshot/Sandro_SHPVE01008-24_H_P.jpg?sw=650&sh=650,-,Veste de costume,https://fr.sandro-paris.com/fr/p/veste-de-costume/SHPVE01008_24.html,Blazer,H,"[41.568627450980394, 0.0, -1.0]"
1872,https://fr.sandro-paris.com/dw/image/v2/BCMW_PRD/on/demandware.static/-/Sites-master-catalog/default/dwac861c01/images/packshot/Sandro_SHPPA01451-24_H_P.jpg?sw=650&sh=650,-,Pantalon de costume,https://fr.sandro-paris.com/fr/p/pantalon-de-costume/SHPPA01451_24.html,Pantalon habillé,H,"[34.509803921568626, 0.0, -1.0]"
1873,https://fr.sandro-paris.com/dw/image/v2/BCMW_PRD/on/demandware.static/-/Sites-master-catalog/default/dwf9f543ae/images/packshot/Sandro_SHPVE01009-44_H_P.jpg?sw=650&sh=650,-,Veste de costume,https://fr.sandro-paris.com/fr/p/veste-de-costume/SHPVE01009_44.html,Blazer,H,"[12.941176470588237, 1.0, -6.0]"
1874,https://fr.sandro-paris.com/dw/image/v2/BCMW_PRD/on/demandware.static/-/Sites-master-catalog/default/dw1f8b01a5/images/packshot/Sandro_SHPPA01452-44_H_P.jpg?sw=650&sh=650,-,Pantalon de costume,https://fr.sandro-paris.com/fr/p/pantalon-de-costume/SHPPA01452_44.html,Pantalon habillé,H,"[11.372549019607844, 1.0, -5.0]"
1875,https://fr.sandro-paris.com/dw/image/v2/BCMW_PRD/on/demandware.static/-/Sites-master-catalog/default/dwbd56b538/images/packshot/Sandro_SHPVE01016-20_H_P.jpg?sw=650&sh=650,-,Veste de costume à rayures,https://fr.sandro-paris.com/fr/p/veste-de-costume-a-rayures/SHPVE01016_20.html,Blazer,H,"[12.156862745098039, 1.0, -2.0]"
1876,https://fr.sandro-paris.com/dw/image/v2/BCMW_PRD/on/demandware.static/-/Sites-master-catalog/default/dw585ce44a/images/packshot/Sandro_SHPVE00939-44_V_P.jpg?sw=650&sh=650,-,Veste de costume croisée,https://fr.sandro-paris.com/fr/p/veste-de-costume-croisee-/SHPVE00939_44.html,Blazer,H,"[14.901960784313726, 1.0, -5.0]"
1877,https://fr.sandro-paris.com/dw/image/v2/BCMW_PRD/on/demandware.static/-/Sites-master-catalog/default/dw6b5a17e6/images/packshot/Sandro_SHPVE01010-24_H_P.jpg?sw=650&sh=650,-,Veste de costume,https://fr.sandro-paris.com/fr/p/veste-de-costume/SHPVE01010_24.html,Blazer,H,"[19.607843137254903, 0.0, -1.0]"
1878,https://fr.sandro-paris.com/dw/image/v2/BCMW_PRD/on/demandware.static/-/Sites-master-catalog/default/dwe95e3934/images/packshot/Sandro_SHPPA01453-24_H_P.jpg?sw=650&sh=650,-,Pantalon de costume,https://fr.sandro-paris.com/fr/p/pantalon-de-costume/SHPPA01453_24.html,Pantalon habillé,H,"[18.03921568627451, 1.0, -1.0]"
1879,https://fr.sandro-paris.com/dw/image/v2/BCMW_PRD/on/demandware.static/-/Sites-master-catalog/default/dwe6faef43/images/packshot/Sandro_SHPVE00926-44_H_P.jpg?sw=650&sh=650,-,Veste de costume en laine,https://fr.sandro-paris.com/fr/p/veste-de-costume-en-laine/SHPVE00926_44.html,Blazer,H,"[13.725490196078432, 1.0, -7.0]"
1880,https://fr.sandro-paris.com/dw/image/v2/BCMW_PRD/on/demandware.static/-/Sites-master-catalog/default/dw9f09d93f/images/packshot/Sandro_SHPVE01015-44_H_P.jpg?sw=650&sh=650,-,Veste de costume croisée,https://fr.sandro-paris.com/fr/p/veste-de-costume-croisee/SHPVE01015_44.html,Blazer,H,"[16.470588235294116, 1.0, -8.0]"
1881,https://fr.sandro-paris.com/dw/image/v2/BCMW_PRD/on/demandware.static/-/Sites-master-catalog/default/dw663f15ed/images/packshot/Sandro_SFPRO03929-20_F_P.jpg?sw=650&sh=650,-,Robe courte en velours,https://fr.sandro-paris.com/fr/p/robe-courte-en-velours/SFPRO03929_20.html,Robe,F,"[3.9215686274509802, 0.0, -2.0]"
1882,https://fr.sandro-paris.com/dw/image/v2/BCMW_PRD/on/demandware.static/-/Sites-master-catalog/default/dw07ad99fd/images/packshot/Sandro_SFPRO02123-B275_F_P.jpg?sw=650&sh=650,-,Robe en maille plissée,https://fr.sandro-paris.com/fr/p/robe-en-maille-plissee/SFPRO02123_B275.html,Robe,F,"[7.0588235294117645, 0.0, 0.0]"
1883,https://fr.sandro-paris.com/dw/image/v2/BCMW_PRD/on/demandware.static/-/Sites-master-catalog/default/dwbace416b/images/packshot/Sandro_SFPRO00726-20_V_P.jpg?sw=650&sh=650,-,Robe portefeuille,https://fr.sandro-paris.com/fr/p/robe-portefeuille-/SFPRO00726_20.html,Robe,F,"[12.941176470588237, 3.0, -3.0]"
1884,https://fr.sandro-paris.com/dw/image/v2/BCMW_PRD/on/demandware.static/-/Sites-master-catalog/default/dw80859121/images/packshot/Sandro_SFPRO01916-20_V_P.jpg?sw=650&sh=650,-,Robe courte en tweed,https://fr.sandro-paris.com/fr/p/robe-courte-en-tweed/SFPRO01916_20.html,Robe,F,"[9.019607843137255, 0.0, 0.0]"
1885,https://fr.sandro-paris.com/dw/image/v2/BCMW_PRD/on/demandware.static/-/Sites-master-catalog/default/dwa3c40f4c/images/packshot/Sandro_SFPRO03839-D324_F_P.jpg?sw=650&sh=650,-,Robe courte à strass,https://fr.sandro-paris.com/fr/p/robe-courte-a-strass/SFPRO03839_D324.html,Robe,F,"[22.35294117647059, 1.0, -3.0]"
1886,https://fr.sandro-paris.com/dw/image/v2/BCMW_PRD/on/demandware.static/-/Sites-master-catalog/default/dw875c8f59/images/packshot/Sandro_SFPRO03880-20_F_P.jpg?sw=650&sh=650,-,Robe longue en maille effet velours,https://fr.sandro-paris.com/fr/p/robe-longue-en-maille-effet-velours/SFPRO03880_20.html,Robe,F,"[3.9215686274509802, 2.0, -2.0]"
1887,https://fr.sandro-paris.com/dw/image/v2/BCMW_PRD/on/demandware.static/-/Sites-master-catalog/default/dw6cfb1bf1/images/packshot/Sandro_SFPRO03924-11_F_P.jpg?sw=650&sh=650,-,Robe courte perlée en satin,https://fr.sandro-paris.com/fr/p/robe-courte-perlee-en-satin-/SFPRO03924_11.html,Robe,F,"[94.90196078431372, 1.0, 2.0]"
1888,https://fr.sandro-paris.com/dw/image/v2/BCMW_PRD/on/demandware.static/-/Sites-master-catalog/default/dw15f25724/images/packshot/Sandro_SFPRO03830-20_F_P.jpg?sw=650&sh=650,-,Robe en maille plissée,https://fr.sandro-paris.com/fr/p/robe-en-maille-plissee/SFPRO03830_20.html,Robe,F,"[4.313725490196078, 2.0, -2.0]"
1889,https://fr.sandro-paris.com/dw/image/v2/BCMW_PRD/on/demandware.static/-/Sites-master-catalog/default/dw5260d939/images/packshot/Sandro_SFPRO04024-20_F_P.jpg?sw=650&sh=650,-,Robe longue perlée,https://fr.sandro-paris.com/fr/p/robe-longue-perlee/SFPRO04024_20.html,Robe,F,"[4.705882352941177, 0.0, 0.0]"
1890,https://fr.sandro-paris.com/dw/image/v2/BCMW_PRD/on/demandware.static/-/Sites-master-catalog/default/dwf1fc04f2/images/packshot/Sandro_SFPRO03366-20_V_P.jpg?sw=650&sh=650,-,Robe longue en maille côtelée,https://fr.sandro-paris.com/fr/p/robe-longue-en-maille-cotelee/SFPRO03366_20.html,Robe,F,"[5.490196078431373, 0.0, 0.0]"
1891,https://fr.sandro-paris.com/dw/image/v2/BCMW_PRD/on/demandware.static/-/Sites-master-catalog/default/dw5ef341f0/images/packshot/Sandro_SFPRO03798-20_F_P.jpg?sw=650&sh=650,-,Robe courte en tweed,https://fr.sandro-paris.com/fr/p/robe-courte-en-tweed/SFPRO03798_20.html,Robe,F,"[7.0588235294117645, 0.0, -2.0]"
1892,https://fr.sandro-paris.com/dw/image/v2/BCMW_PRD/on/demandware.static/-/Sites-master-catalog/default/dw4f256009/images/packshot/Sandro_SFPRO03955-B298_F_P.jpg?sw=650&sh=650,-,Robe courte imprimé cachemire,https://fr.sandro-paris.com/fr/p/robe-courte-imprime-cachemire/SFPRO03955_B298.html,Robe,F,"[20.0, 3.0, 1.0]"
1893,https://fr.sandro-paris.com/dw/image/v2/BCMW_PRD/on/demandware.static/-/Sites-master-catalog/default/dw398ca2d9/images/packshot/Sandro_SFPRO03865-G231_F_P.jpg?sw=650&sh=650,-,Robe courte en tweed,https://fr.sandro-paris.com/fr/p/robe-courte-en-tweed/SFPRO03865_G231.html,Robe,F,"[58.82352941176471, 1.0, 6.0]"
1894,https://fr.sandro-paris.com/dw/image/v2/BCMW_PRD/on/demandware.static/-/Sites-master-catalog/default/dw398ca2d9/images/packshot/Sandro_SFPRO03865-G231_F_P.jpg?sw=650&sh=650,-,Robe courte en tweed,https://fr.sandro-paris.com/fr/p/robe-courte-en-tweed/SFPRO03865_G231.html,Robe,F,"[83.52941176470588, 0.0, 4.0]"
1895,https://fr.sandro-paris.com/dw/image/v2/BCMW_PRD/on/demandware.static/-/Sites-master-catalog/default/dwc18bdce0/images/packshot/Sandro_SFPRO03776-20_F_P.jpg?sw=650&sh=650,-,Robe à strass,https://fr.sandro-paris.com/fr/p/robe-a-strass/SFPRO03776_20.html,Robe,F,"[9.019607843137255, 0.0, 0.0]"
1896,https://fr.sandro-paris.com/dw/image/v2/BCMW_PRD/on/demandware.static/-/Sites-master-catalog/default/dwa7e460ff/images/packshot/Sandro_SFPRO03979-44_F_P.jpg?sw=650&sh=650,-,Robe midi à strass,https://fr.sandro-paris.com/fr/p/robe-midi-a-strass/SFPRO03979_44.html,Robe,F,"[20.0, 3.0, -7.0]"
1897,https://fr.sandro-paris.com/dw/image/v2/BCMW_PRD/on/demandware.static/-/Sites-master-catalog/default/dwa7e460ff/images/packshot/Sandro_SFPRO03979-44_F_P.jpg?sw=650&sh=650,-,Robe midi à strass,https://fr.sandro-paris.com/fr/p/robe-midi-a-strass/SFPRO03979_44.html,Robe,F,"[7.8431372549019605, 4.0, -7.0]"
1898,https://fr.sandro-paris.com/dw/image/v2/BCMW_PRD/on/demandware.static/-/Sites-master-catalog/default/dw8ea49665/images/packshot/Sandro_SFPRO04019-20_F_P.jpg?sw=650&sh=650,-,Robe longue perlée,https://fr.sandro-paris.com/fr/p/robe-longue-perlee/SFPRO04019_20.html,Robe,F,"[4.705882352941177, 0.0, 0.0]"
1899,https://fr.sandro-paris.com/dw/image/v2/BCMW_PRD/on/demandware.static/-/Sites-master-catalog/default/dw03eef1f7/images/packshot/Sandro_SFPRO03983-20_F_P.jpg?sw=650&sh=650,-,Robe longue en maille ornée de studs,https://fr.sandro-paris.com/fr/p/robe-longue-en-maille-ornee-de-studs/SFPRO03983_20.html,Robe,F,"[6.2745098039215685, 0.0, 0.0]"
1900,https://fr.sandro-paris.com/dw/image/v2/BCMW_PRD/on/demandware.static/-/Sites-master-catalog/default/dw742917fe/images/packshot/Sandro_SFPRO03945-20_F_P.jpg?sw=650&sh=650,-,Robe longue dentelle,https://fr.sandro-paris.com/fr/p/robe-longue-dentelle/SFPRO03945_20.html,Robe,F,"[9.411764705882353, 0.0, -2.0]"
1901,https://fr.sandro-paris.com/dw/image/v2/BCMW_PRD/on/demandware.static/-/Sites-master-catalog/default/dwc8c81142/images/packshot/Sandro_SFPRO03807-20_F_P.jpg?sw=650&sh=650,-,Robe débardeur,https://fr.sandro-paris.com/fr/p/robe-debardeur/SFPRO03807_20.html,Robe,F,"[8.235294117647058, 0.0, -1.0]"
1902,https://fr.sandro-paris.com/dw/image/v2/BCMW_PRD/on/demandware.static/-/Sites-master-catalog/default/dw700bfd2c/images/packshot/Sandro_SFPRO03794-20_F_P.jpg?sw=650&sh=650,-,Robe longue plissée,https://fr.sandro-paris.com/fr/p/robe-longue-plissee/SFPRO03794_20.html,Robe,F,"[5.490196078431373, 0.0, 0.0]"
1903,https://fr.sandro-paris.com/dw/image/v2/BCMW_PRD/on/demandware.static/-/Sites-master-catalog/default/dwb6ae43bf/images/packshot/Sandro_SFPRO03866-A265_F_P.jpg?sw=650&sh=650,-,Robe longue à pois,https://fr.sandro-paris.com/fr/p/robe-longue-a-pois/SFPRO03866_A265.html,Robe,F,"[90.19607843137256, 0.0, 5.0]"
1904,https://fr.sandro-paris.com/dw/image/v2/BCMW_PRD/on/demandware.static/-/Sites-master-catalog/default/dwbc085993/images/packshot/Sandro_SFPRO03991-11_F_P.jpg?sw=650&sh=650,-,Robe en tweed,https://fr.sandro-paris.com/fr/p/robe-en-tweed/SFPRO03991_11.html,Robe,F,"[93.33333333333333, 0.0, 7.0]"
1905,https://fr.sandro-paris.com/dw/image/v2/BCMW_PRD/on/demandware.static/-/Sites-master-catalog/default/dwbc085993/images/packshot/Sandro_SFPRO03991-11_F_P.jpg?sw=650&sh=650,-,Robe en tweed,https://fr.sandro-paris.com/fr/p/robe-en-tweed/SFPRO03991_11.html,Robe,F,"[90.98039215686275, 0.0, 5.0]"
1906,https://fr.sandro-paris.com/dw/image/v2/BCMW_PRD/on/demandware.static/-/Sites-master-catalog/default/dw9b9ee916/images/packshot/Sandro_SFPRO03800-20_F_P.jpg?sw=650&sh=650,-,Robe courte col lavallière,https://fr.sandro-paris.com/fr/p/robe-courte-col-lavalliere/SFPRO03800_20.html,Robe,F,"[6.666666666666667, 0.0, -1.0]"
1907,https://fr.sandro-paris.com/dw/image/v2/BCMW_PRD/on/demandware.static/-/Sites-master-catalog/default/dw053305fe/images/packshot/Sandro_SFPRO03984-240_F_P.jpg?sw=650&sh=650,-,Robe longue en maille,https://fr.sandro-paris.com/fr/p/robe-longue-en-maille/SFPRO03984_240.html,Robe,F,"[21.96078431372549, 1.0, -3.0]"
1908,https://fr.sandro-paris.com/dw/image/v2/BCMW_PRD/on/demandware.static/-/Sites-master-catalog/default/dwa7edca2d/images/packshot/Sandro_SFPRO03791-20_F_P.jpg?sw=650&sh=650,-,Robe courte à nœud,https://fr.sandro-paris.com/fr/p/robe-courte-a-n-ud/SFPRO03791_20.html,Robe,F,"[8.235294117647058, 0.0, 0.0]"
1909,https://fr.sandro-paris.com/dw/image/v2/BCMW_PRD/on/demandware.static/-/Sites-master-catalog/default/dw2a8e0c07/images/packshot/Sandro_SFPRO03940-20_F_P.jpg?sw=650&sh=650,-,Robe en velours,https://fr.sandro-paris.com/fr/p/robe-en-velours/SFPRO03940_20.html,Robe,F,"[0.7843137254901961, 0.0, 0.0]"
1910,https://fr.sandro-paris.com/dw/image/v2/BCMW_PRD/on/demandware.static/-/Sites-master-catalog/default/dwce30ae88/images/packshot/Sandro_SFPRO03942-11_F_P.jpg?sw=650&sh=650,-,Robe longue satinée,https://fr.sandro-paris.com/fr/p/robe-longue-satinee/SFPRO03942_11.html,Robe,F,"[94.90196078431372, 1.0, 4.0]"
1911,https://fr.sandro-paris.com/dw/image/v2/BCMW_PRD/on/demandware.static/-/Sites-master-catalog/default/dwce30ae88/images/packshot/Sandro_SFPRO03942-11_F_P.jpg?sw=650&sh=650,-,Robe longue satinée,https://fr.sandro-paris.com/fr/p/robe-longue-satinee/SFPRO03942_11.html,Robe,F,"[90.98039215686275, 2.0, 4.0]"
1912,https://fr.sandro-paris.com/dw/image/v2/BCMW_PRD/on/demandware.static/-/Sites-master-catalog/default/dwc5ebfda5/images/packshot/Sandro_SFPRO04014-34_F_P.jpg?sw=650&sh=650,-,Robe en maille velours,https://fr.sandro-paris.com/fr/p/robe-en-maille-velours-/SFPRO04014_34.html,Robe,F,"[12.941176470588237, 26.0, 7.0]"
1913,https://fr.sandro-paris.com/dw/image/v2/BCMW_PRD/on/demandware.static/-/Sites-master-catalog/default/dw6f331421/images/packshot/Sandro_SFPRO03781-11_F_P.jpg?sw=650&sh=650,-,Robe courte en tweed,https://fr.sandro-paris.com/fr/p/robe-courte-en-tweed/SFPRO03781_11.html,Robe,F,"[92.94117647058823, 1.0, 8.0]"
1914,https://fr.sandro-paris.com/dw/image/v2/BCMW_PRD/on/demandware.static/-/Sites-master-catalog/default/dwbc6e2c73/images/packshot/Sandro_SFPRO03966-20_F_P.jpg?sw=650&sh=650,-,Robe courte à franges,https://fr.sandro-paris.com/fr/p/robe-courte-a-franges-/SFPRO03966_20.html,Robe,F,"[3.9215686274509802, 0.0, -2.0]"
1915,https://fr.sandro-paris.com/dw/image/v2/BCMW_PRD/on/demandware.static/-/Sites-master-catalog/default/dwb54b539a/images/packshot/Sandro_SFPRO03813-20_F_P.jpg?sw=650&sh=650,-,Robe courte à bretelles strassées,https://fr.sandro-paris.com/fr/p/robe-courte-a-bretelles-strassees/SFPRO03813_20.html,Robe,F,"[5.88235294117647, 0.0, -2.0]"
1916,https://fr.sandro-paris.com/dw/image/v2/BCMW_PRD/on/demandware.static/-/Sites-master-catalog/default/dwcb4d91d7/images/packshot/Sandro_SFPRO03938-44_F_P.jpg?sw=650&sh=650,-,Robe longue satinée,https://fr.sandro-paris.com/fr/p/robe-longue-satinee/SFPRO03938_44.html,Robe,F,"[10.588235294117647, -2.0, -3.0]"
1917,https://fr.sandro-paris.com/dw/image/v2/BCMW_PRD/on/demandware.static/-/Sites-master-catalog/default/dw0ba59254/images/packshot/Sandro_SFPRO03822-A265_F_P.jpg?sw=650&sh=650,-,Robe en maille,https://fr.sandro-paris.com/fr/p/robe-en-maille-/SFPRO03822_A265.html,Robe,F,"[91.76470588235294, 0.0, 4.0]"
1918,https://fr.sandro-paris.com/dw/image/v2/BCMW_PRD/on/demandware.static/-/Sites-master-catalog/default/dw0ba59254/images/packshot/Sandro_SFPRO03822-A265_F_P.jpg?sw=650&sh=650,-,Robe en maille,https://fr.sandro-paris.com/fr/p/robe-en-maille-/SFPRO03822_A265.html,Robe,F,"[4.313725490196078, 0.0, -1.0]"
1919,https://fr.sandro-paris.com/dw/image/v2/BCMW_PRD/on/demandware.static/-/Sites-master-catalog/default/dw6a54e440/images/packshot/Sandro_SFPRO03974-20_F_P.jpg?sw=650&sh=650,-,Robe en maille velours,https://fr.sandro-paris.com/fr/p/robe-en-maille-velours/SFPRO03974_20.html,Robe,F,"[6.2745098039215685, 2.0, -1.0]"
1920,https://fr.sandro-paris.com/dw/image/v2/BCMW_PRD/on/demandware.static/-/Sites-master-catalog/default/dw9c008311/images/packshot/Sandro_SFPRO03953-16_F_P.jpg?sw=650&sh=650,-,Robe longue en maille torsadée,https://fr.sandro-paris.com/fr/p/robe-longue-en-maille-torsadee/SFPRO03953_16.html,Robe,F,"[85.09803921568627, 2.0, 8.0]"
1921,https://fr.sandro-paris.com/dw/image/v2/BCMW_PRD/on/demandware.static/-/Sites-master-catalog/default/dw9c008311/images/packshot/Sandro_SFPRO03953-16_F_P.jpg?sw=650&sh=650,-,Robe longue en maille torsadée,https://fr.sandro-paris.com/fr/p/robe-longue-en-maille-torsadee/SFPRO03953_16.html,Robe,F,"[81.17647058823529, 2.0, 8.0]"
1922,https://fr.sandro-paris.com/dw/image/v2/BCMW_PRD/on/demandware.static/-/Sites-master-catalog/default/dw21982db5/images/packshot/Sandro_SFPRO04030-11_F_P.jpg?sw=650&sh=650,-,Robe courte perlée,https://fr.sandro-paris.com/fr/p/robe-courte-perlee/SFPRO04030_11.html,Robe,F,"[94.11764705882352, 0.0, 6.0]"
1923,https://fr.sandro-paris.com/dw/image/v2/BCMW_PRD/on/demandware.static/-/Sites-master-catalog/default/dw9e67e824/images/packshot/Sandro_SFPRO03794-11_F_P.jpg?sw=650&sh=650,-,Robe longue plissée,https://fr.sandro-paris.com/fr/p/robe-longue-plissee/SFPRO03794_11.html,Robe,F,"[95.68627450980392, -1.0, 3.0]"
1924,https://fr.sandro-paris.com/dw/image/v2/BCMW_PRD/on/demandware.static/-/Sites-master-catalog/default/dw9e67e824/images/packshot/Sandro_SFPRO03794-11_F_P.jpg?sw=650&sh=650,-,Robe longue plissée,https://fr.sandro-paris.com/fr/p/robe-longue-plissee/SFPRO03794_11.html,Robe,F,"[93.72549019607843, -1.0, 3.0]"
1925,https://fr.sandro-paris.com/dw/image/v2/BCMW_PRD/on/demandware.static/-/Sites-master-catalog/default/dw40d90e8e/images/packshot/Sandro_SFPRO03942-20_F_P.jpg?sw=650&sh=650,-,Robe longue satinée,https://fr.sandro-paris.com/fr/p/robe-longue-satinee/SFPRO03942_20.html,Robe,F,"[16.862745098039216, 0.0, 1.0]"
1926,https://fr.sandro-paris.com/dw/image/v2/BCMW_PRD/on/demandware.static/-/Sites-master-catalog/default/dw40d90e8e/images/packshot/Sandro_SFPRO03942-20_F_P.jpg?sw=650&sh=650,-,Robe longue satinée,https://fr.sandro-paris.com/fr/p/robe-longue-satinee/SFPRO03942_20.html,Robe,F,"[5.88235294117647, 0.0, 1.0]"
1927,https://fr.sandro-paris.com/dw/image/v2/BCMW_PRD/on/demandware.static/-/Sites-master-catalog/default/dw115a2926/images/packshot/Sandro_SFPRO03868-G023_F_P.jpg?sw=650&sh=650,-,Robe courte pied de poule,https://fr.sandro-paris.com/fr/p/robe-courte-pied-de-poule/SFPRO03868_G023.html,Robe,F,"[50.588235294117645, 2.0, 11.0]"
1928,https://fr.sandro-paris.com/dw/image/v2/BCMW_PRD/on/demandware.static/-/Sites-master-catalog/default/dw789a3de2/images/packshot/Sandro_SFPRO03286-B275_F_P.jpg?sw=650&sh=650,-,Robe frangée,https://fr.sandro-paris.com/fr/p/robe-frangee/SFPRO03286_B275.html,Robe,F,"[10.588235294117647, 2.0, -1.0]"
1929,https://fr.sandro-paris.com/dw/image/v2/BCMW_PRD/on/demandware.static/-/Sites-master-catalog/default/dw4aa03314/images/packshot/Sandro_SFPRO04033-20_F_P.jpg?sw=650&sh=650,-,Robe col bijou,https://fr.sandro-paris.com/fr/p/robe-col-bijou/SFPRO04033_20.html,Robe,F,"[8.235294117647058, 2.0, -1.0]"
1930,https://fr.sandro-paris.com/dw/image/v2/BCMW_PRD/on/demandware.static/-/Sites-master-catalog/default/dw9af6de2a/images/packshot/Sandro_SFPRO03878-11_F_P.jpg?sw=650&sh=650,-,Robe en maille pointelle,https://fr.sandro-paris.com/fr/p/robe-en-maille-pointelle/SFPRO03878_11.html,Robe,F,"[88.62745098039215, 2.0, 8.0]"
1931,https://fr.sandro-paris.com/dw/image/v2/BCMW_PRD/on/demandware.static/-/Sites-master-catalog/default/dw1586b402/images/packshot/Sandro_SFPRO03977-20_F_P.jpg?sw=650&sh=650,-,Robe en maille pointelle à volants,https://fr.sandro-paris.com/fr/p/robe-en-maille-pointelle-a-volants/SFPRO03977_20.html,Robe,F,"[8.235294117647058, 0.0, 0.0]"
1932,https://fr.sandro-paris.com/dw/image/v2/BCMW_PRD/on/demandware.static/-/Sites-master-catalog/default/dwa34cfbae/images/packshot/Sandro_SFPRO03871-20_F_P.jpg?sw=650&sh=650,-,Robe courte drapée,https://fr.sandro-paris.com/fr/p/robe-courte-drapee/SFPRO03871_20.html,Robe,F,"[7.0588235294117645, 2.0, -3.0]"
1933,https://fr.sandro-paris.com/dw/image/v2/BCMW_PRD/on/demandware.static/-/Sites-master-catalog/default/dw7b47ec94/images/packshot/Sandro_SFPRO03840-34_F_P.jpg?sw=650&sh=650,-,Robe courte à studs losanges,https://fr.sandro-paris.com/fr/p/robe-courte-a-studs-losanges/SFPRO03840_34.html,Robe,F,"[19.215686274509807, 37.0, 3.0]"
1934,https://fr.sandro-paris.com/dw/image/v2/BCMW_PRD/on/demandware.static/-/Sites-master-catalog/default/dw6c183625/images/packshot/Sandro_SFPRO03990-34_F_P.jpg?sw=650&sh=650,-,Robe longue en satin,https://fr.sandro-paris.com/fr/p/robe-longue-en-satin-/SFPRO03990_34.html,Robe,F,"[13.333333333333334, 17.0, 4.0]"
1935,https://fr.sandro-paris.com/dw/image/v2/BCMW_PRD/on/demandware.static/-/Sites-master-catalog/default/dw6c183625/images/packshot/Sandro_SFPRO03990-34_F_P.jpg?sw=650&sh=650,-,Robe longue en satin,https://fr.sandro-paris.com/fr/p/robe-longue-en-satin-/SFPRO03990_34.html,Robe,F,"[22.35294117647059, 21.0, 3.0]"
1936,https://fr.sandro-paris.com/dw/image/v2/BCMW_PRD/on/demandware.static/-/Sites-master-catalog/default/dw2a6e09e3/images/packshot/Sandro_SFPRO03984-16_F_P.jpg?sw=650&sh=650,-,Robe longue en maille,https://fr.sandro-paris.com/fr/p/robe-longue-en-maille/SFPRO03984_16.html,Robe,F,"[84.70588235294117, 4.0, 9.0]"
1937,https://fr.sandro-paris.com/dw/image/v2/BCMW_PRD/on/demandware.static/-/Sites-master-catalog/default/dw2a6e09e3/images/packshot/Sandro_SFPRO03984-16_F_P.jpg?sw=650&sh=650,-,Robe longue en maille,https://fr.sandro-paris.com/fr/p/robe-longue-en-maille/SFPRO03984_16.html,Robe,F,"[81.56862745098039, 4.0, 9.0]"
1938,https://fr.sandro-paris.com/dw/image/v2/BCMW_PRD/on/demandware.static/-/Sites-master-catalog/default/dwd4670118/images/packshot/Sandro_SFPRO03988-13_F_P.jpg?sw=650&sh=650,-,Robe en tweed,https://fr.sandro-paris.com/fr/p/robe-en-tweed/SFPRO03988_13.html,Robe,F,"[64.31372549019608, 3.0, 10.0]"
1939,https://fr.sandro-paris.com/dw/image/v2/BCMW_PRD/on/demandware.static/-/Sites-master-catalog/default/dwd4670118/images/packshot/Sandro_SFPRO03988-13_F_P.jpg?sw=650&sh=650,-,Robe en tweed,https://fr.sandro-paris.com/fr/p/robe-en-tweed/SFPRO03988_13.html,Robe,F,"[70.98039215686275, 3.0, 9.0]"
1940,https://fr.sandro-paris.com/dw/image/v2/BCMW_PRD/on/demandware.static/-/Sites-master-catalog/default/dw6962b955/images/packshot/Sandro_SFPRO03904-474_F_P.jpg?sw=650&sh=650,-,Robe courte en satin,https://fr.sandro-paris.com/fr/p/robe-courte-en-satin/SFPRO03904_474.html,Robe,F,"[14.901960784313726, 4.0, -12.0]"
1941,https://fr.sandro-paris.com/dw/image/v2/BCMW_PRD/on/demandware.static/-/Sites-master-catalog/default/dw1b8cabd7/images/packshot/Sandro_SFPRO03835_20_F_P.jpg?sw=650&sh=650,-,Robe courte boutonnée,https://fr.sandro-paris.com/fr/p/robe-courte-boutonnee-/SFPRO03835_20.html,Robe,F,"[5.88235294117647, 0.0, 0.0]"
1942,https://fr.sandro-paris.com/dw/image/v2/BCMW_PRD/on/demandware.static/-/Sites-master-catalog/default/dw87854211/images/packshot/Sandro_SFPRO04007-20_F_P.jpg?sw=650&sh=650,-,Robe en maille fantaisie,https://fr.sandro-paris.com/fr/p/robe-en-maille-fantaisie/SFPRO04007_20.html,Robe,F,"[6.666666666666667, 0.0, 0.0]"
1943,https://fr.sandro-paris.com/dw/image/v2/BCMW_PRD/on/demandware.static/-/Sites-master-catalog/default/dwc960cfd0/images/packshot/Sandro_SFPRO03897-11_F_P.jpg?sw=650&sh=650,-,Robe courte en tweed à détails strass,https://fr.sandro-paris.com/fr/p/robe-courte-en-tweed-a-details-strass/SFPRO03897_11.html,Robe,F,"[93.33333333333333, -1.0, 6.0]"
1944,https://fr.sandro-paris.com/dw/image/v2/BCMW_PRD/on/demandware.static/-/Sites-master-catalog/default/dw94a12996/images/packshot/Sandro_SFPRO03926-20_F_P.jpg?sw=650&sh=650,-,Robe en maille à franges,https://fr.sandro-paris.com/fr/p/robe-en-maille-a-franges/SFPRO03926_20.html,Robe,F,"[9.411764705882353, 0.0, -2.0]"
1945,https://fr.sandro-paris.com/dw/image/v2/BCMW_PRD/on/demandware.static/-/Sites-master-catalog/default/dw22b5c3c7/images/packshot/Sandro_SFPOU00648-84_F_P.jpg?sw=650&sh=650,-,Manteau écharpe oversized en laine,https://fr.sandro-paris.com/fr/p/manteau-echarpe-oversized-en-laine/SFPOU00648_84.html,Manteau,F,"[16.862745098039216, 7.0, 14.0]"
1946,https://fr.sandro-paris.com/dw/image/v2/BCMW_PRD/on/demandware.static/-/Sites-master-catalog/default/dwc5b38773/images/packshot/Sandro_SFPBL01010-G023_F_P.jpg?sw=650&sh=650,-,Blouson en cuir vieilli,https://fr.sandro-paris.com/fr/p/blouson-en-cuir-vieilli/SFPBL01010_G023.html,Blouson,F,"[14.50980392156863, 3.0, 4.0]"
1947,https://fr.sandro-paris.com/dw/image/v2/BCMW_PRD/on/demandware.static/-/Sites-master-catalog/default/dwc5b38773/images/packshot/Sandro_SFPBL01010-G023_F_P.jpg?sw=650&sh=650,-,Blouson en cuir vieilli,https://fr.sandro-paris.com/fr/p/blouson-en-cuir-vieilli/SFPBL01010_G023.html,Blouson,F,"[38.82352941176471, 4.0, 5.0]"
1948,https://fr.sandro-paris.com/dw/image/v2/BCMW_PRD/on/demandware.static/-/Sites-master-catalog/default/dw4e03dbf4/images/packshot/Sandro_SFPVE01069-240_F_P.jpg?sw=650&sh=650,-,Veste de costume à carreaux,https://fr.sandro-paris.com/fr/p/veste-de-costume-a-carreaux/SFPVE01069_240.html,Blazer,F,"[24.705882352941178, 0.0, 0.0]"
1949,https://fr.sandro-paris.com/dw/image/v2/BCMW_PRD/on/demandware.static/-/Sites-master-catalog/default/dw4e03dbf4/images/packshot/Sandro_SFPVE01069-240_F_P.jpg?sw=650&sh=650,-,Veste de costume à carreaux,https://fr.sandro-paris.com/fr/p/veste-de-costume-a-carreaux/SFPVE01069_240.html,Blazer,F,"[17.647058823529413, -1.0, 0.0]"
1950,https://fr.sandro-paris.com/dw/image/v2/BCMW_PRD/on/demandware.static/-/Sites-master-catalog/default/dw67f8983b/images/packshot/Sandro_SFPVE01055-44_F_P.jpg?sw=650&sh=650,-,Veste de costume cargo oversize,https://fr.sandro-paris.com/fr/p/veste-de-costume-cargo-oversize/SFPVE01055_44.html,Blazer,F,"[7.8431372549019605, 0.0, -4.0]"
1951,https://fr.sandro-paris.com/dw/image/v2/BCMW_PRD/on/demandware.static/-/Sites-master-catalog/default/dwdb596217/images/packshot/Sandro_SFPOU00579-B198_V_P.jpg?sw=650&sh=650,-,Trench pied-de-poule,https://fr.sandro-paris.com/fr/p/trench-pied-de-poule/SFPOU00579_B198.html,Trench,F,"[60.78431372549019, 0.0, 3.0]"
1952,https://fr.sandro-paris.com/dw/image/v2/BCMW_PRD/on/demandware.static/-/Sites-master-catalog/default/dw0b6f92f3/images/packshot/Sandro_SFPOU00626-24_F_P.jpg?sw=650&sh=650,-,Veste à capuche amovible,https://fr.sandro-paris.com/fr/p/veste-a-capuche-amovible/SFPOU00626_24.html,Veste,F,"[46.666666666666664, -1.0, 2.0]"
1953,https://fr.sandro-paris.com/dw/image/v2/BCMW_PRD/on/demandware.static/-/Sites-master-catalog/default/dwdb0ebebc/images/packshot/Sandro_SFPVE01097-44_F_P.jpg?sw=650&sh=650,-,Veste de costume oversize,https://fr.sandro-paris.com/fr/p/veste-de-costume-oversize/SFPVE01097_44.html,Blazer,F,"[9.019607843137255, 2.0, -3.0]"
1954,https://fr.sandro-paris.com/dw/image/v2/BCMW_PRD/on/demandware.static/-/Sites-master-catalog/default/dw289ce23e/images/packshot/Sandro_SFPVE01089-16_F_P.jpg?sw=650&sh=650,-,Veste de costume à strass,https://fr.sandro-paris.com/fr/p/veste-de-costume-a-strass/SFPVE01089_16.html,Blazer,F,"[52.94117647058824, 3.0, 3.0]"
1955,https://fr.sandro-paris.com/dw/image/v2/BCMW_PRD/on/demandware.static/-/Sites-master-catalog/default/dw4e8dcaef/images/packshot/Sandro_SFPOU00699-G023_F_P.jpg?sw=650&sh=650,-,Manteau en tweed,https://fr.sandro-paris.com/fr/p/manteau-en-tweed/SFPOU00699_G023.html,Manteau,F,"[14.901960784313726, 5.0, 8.0]"
1956,https://fr.sandro-paris.com/dw/image/v2/BCMW_PRD/on/demandware.static/-/Sites-master-catalog/default/dw9ef1ff1f/images/packshot/Sandro_SFPVE01087-11_F_P.jpg?sw=650&sh=650,-,Veste courte en tweed,https://fr.sandro-paris.com/fr/p/veste-courte-en-tweed/SFPVE01087_11.html,Veste,F,"[92.15686274509804, 0.0, 6.0]"
1957,https://fr.sandro-paris.com/dw/image/v2/BCMW_PRD/on/demandware.static/-/Sites-master-catalog/default/dw09692c63/images/packshot/Sandro_SFPVE01095-751_F_P.jpg?sw=650&sh=650,-,Veste de costume,https://fr.sandro-paris.com/fr/p/veste-de-costume/SFPVE01095_751.html,Blazer,F,"[10.196078431372548, 2.0, -1.0]"
1958,https://fr.sandro-paris.com/dw/image/v2/BCMW_PRD/on/demandware.static/-/Sites-master-catalog/default/dw6bffc267/images/packshot/Sandro_SFPVE01042-44_F_P.jpg?sw=650&sh=650,-,Veste de costume oversize en laine,https://fr.sandro-paris.com/fr/p/veste-de-costume-oversize-en-laine-/SFPVE01042_44.html,Veste,F,"[10.588235294117647, 0.0, -4.0]"
1959,https://fr.sandro-paris.com/dw/image/v2/BCMW_PRD/on/demandware.static/-/Sites-master-catalog/default/dwac514a33/images/packshot/Sandro_SFPVE01087-20_F_P.jpg?sw=650&sh=650,-,Veste courte en tweed,https://fr.sandro-paris.com/fr/p/veste-courte-en-tweed/SFPVE01087_20.html,Veste,F,"[5.88235294117647, 0.0, 0.0]"
1960,https://fr.sandro-paris.com/dw/image/v2/BCMW_PRD/on/demandware.static/-/Sites-master-catalog/default/dw644b7e10/images/packshot/Sandro_SFPOU00678-44_F_P.jpg?sw=650&sh=650,-,Manteau long en laine mélangée,https://fr.sandro-paris.com/fr/p/manteau-long-en-laine-melangee/SFPOU00678_44.html,Manteau,F,"[6.666666666666667, 0.0, -6.0]"
1961,https://fr.sandro-paris.com/dw/image/v2/BCMW_PRD/on/demandware.static/-/Sites-master-catalog/default/dwe0870d2a/images/packshot/Sandro_SFPOU00663-44_F_P.jpg?sw=650&sh=650,-,Manteau long oversize,https://fr.sandro-paris.com/fr/p/manteau-long-oversize/SFPOU00663_44.html,Manteau,F,"[6.2745098039215685, 2.0, -7.0]"
1962,https://fr.sandro-paris.com/dw/image/v2/BCMW_PRD/on/demandware.static/-/Sites-master-catalog/default/dw02832f0b/images/packshot/Sandro_SFPVE00945-20_F_P.jpg?sw=650&sh=650,-,Veste courte en tweed,https://fr.sandro-paris.com/fr/p/veste-courte-en-tweed/SFPVE00945_20.html,Veste,F,"[7.450980392156863, 0.0, 0.0]"
1963,https://fr.sandro-paris.com/dw/image/v2/BCMW_PRD/on/demandware.static/-/Sites-master-catalog/default/dw41d7fad8/images/packshot/Sandro_SFPOU00648-20_F_P.jpg?sw=650&sh=650,-,Manteau écharpe oversized en laine,https://fr.sandro-paris.com/fr/p/manteau-echarpe-oversized-en-laine/SFPOU00648_20.html,Manteau,F,"[8.235294117647058, 0.0, 0.0]"
1964,https://fr.sandro-paris.com/dw/image/v2/BCMW_PRD/on/demandware.static/-/Sites-master-catalog/default/dwa21164d9/images/packshot/Sandro_SFPOU00633-11_F_P.jpg?sw=650&sh=650,-,Manteau à finitions tressées,https://fr.sandro-paris.com/fr/p/manteau-a-finitions-tressees/SFPOU00633_11.html,Manteau,F,"[93.33333333333333, 0.0, 6.0]"
1965,https://fr.sandro-paris.com/dw/image/v2/BCMW_PRD/on/demandware.static/-/Sites-master-catalog/default/dweb2fe4b6/images/packshot/Sandro_SFPBL00974-20_F_P.jpg?sw=650&sh=650,-,Blouson court en cuir,https://fr.sandro-paris.com/fr/p/blouson-court-en-cuir/SFPBL00974_20.html,Blouson,F,"[15.294117647058824, 0.0, 0.0]"
1966,https://fr.sandro-paris.com/dw/image/v2/BCMW_PRD/on/demandware.static/-/Sites-master-catalog/default/dweb2fe4b6/images/packshot/Sandro_SFPBL00974-20_F_P.jpg?sw=650&sh=650,-,Blouson court en cuir,https://fr.sandro-paris.com/fr/p/blouson-court-en-cuir/SFPBL00974_20.html,Blouson,F,"[40.3921568627451, 1.0, 0.0]"
1967,https://fr.sandro-paris.com/dw/image/v2/BCMW_PRD/on/demandware.static/-/Sites-master-catalog/default/dw2272813b/images/packshot/Sandro_SFPVE01071-20_F_P.jpg?sw=650&sh=650,-,Veste courte en tweed,https://fr.sandro-paris.com/fr/p/veste-courte-en-tweed/SFPVE01071_20.html,Veste,F,"[4.705882352941177, 0.0, 0.0]"
1968,https://fr.sandro-paris.com/dw/image/v2/BCMW_PRD/on/demandware.static/-/Sites-master-catalog/default/dwb981dc53/images/packshot/Sandro_SFPVE00901-24_F_P.jpg?sw=650&sh=650,-,Veste de costume rayures,https://fr.sandro-paris.com/fr/p/veste-de-costume-rayures/SFPVE00901_24.html,Veste,F,"[30.58823529411765, 1.0, -1.0]"
1969,https://fr.sandro-paris.com/dw/image/v2/BCMW_PRD/on/demandware.static/-/Sites-master-catalog/default/dwb981dc53/images/packshot/Sandro_SFPVE00901-24_F_P.jpg?sw=650&sh=650,-,Veste de costume rayures,https://fr.sandro-paris.com/fr/p/veste-de-costume-rayures/SFPVE00901_24.html,Veste,F,"[21.176470588235293, 0.0, -1.0]"
1970,https://fr.sandro-paris.com/dw/image/v2/BCMW_PRD/on/demandware.static/-/Sites-master-catalog/default/dwe680757a/images/packshot/Sandro_SFPVE01051-20_F_P.jpg?sw=650&sh=650,-,Veste courte en tweed,https://fr.sandro-paris.com/fr/p/veste-courte-en-tweed/SFPVE01051_20.html,Veste,F,"[4.705882352941177, 0.0, -2.0]"
1971,https://fr.sandro-paris.com/dw/image/v2/BCMW_PRD/on/demandware.static/-/Sites-master-catalog/default/dwce2d6e01/images/packshot/Sandro_SFPOU00649-20_F_P.jpg?sw=650&sh=650,-,Manteau en laine à écharpe,https://fr.sandro-paris.com/fr/p/manteau-en-laine-a-echarpe/SFPOU00649_20.html,Manteau,F,"[4.705882352941177, 0.0, 0.0]"
1972,https://fr.sandro-paris.com/dw/image/v2/BCMW_PRD/on/demandware.static/-/Sites-master-catalog/default/dwe2ede09d/images/packshot/Sandro_SFPOU00683-20_F_P.jpg?sw=650&sh=650,-,Doudoune courte,https://fr.sandro-paris.com/fr/p/doudoune-courte/SFPOU00683_20.html,Doudoune,F,"[11.76470588235294, 1.0, -2.0]"
1973,https://fr.sandro-paris.com/dw/image/v2/BCMW_PRD/on/demandware.static/-/Sites-master-catalog/default/dw4b35c5d1/images/packshot/Sandro_SFPVE01077-14_F_P.jpg?sw=650&sh=650,-,Veste de tailleur,https://fr.sandro-paris.com/fr/p/veste-de-tailleur/SFPVE01077_14.html,Veste,F,"[70.98039215686275, 6.0, 17.0]"
1974,https://fr.sandro-paris.com/dw/image/v2/BCMW_PRD/on/demandware.static/-/Sites-master-catalog/default/dw53c98c6c/images/packshot/Sandro_SFPVE01079-G023_F_P.jpg?sw=650&sh=650,-,Veste de costume pied de poule,https://fr.sandro-paris.com/fr/p/veste-de-costume-pied-de-poule/SFPVE01079_G023.html,Veste,F,"[60.78431372549019, 4.0, 17.0]"
1975,https://fr.sandro-paris.com/dw/image/v2/BCMW_PRD/on/demandware.static/-/Sites-master-catalog/default/dw53c98c6c/images/packshot/Sandro_SFPVE01079-G023_F_P.jpg?sw=650&sh=650,-,Veste de costume pied de poule,https://fr.sandro-paris.com/fr/p/veste-de-costume-pied-de-poule/SFPVE01079_G023.html,Veste,F,"[52.156862745098046, 5.0, 18.0]"
1976,https://fr.sandro-paris.com/dw/image/v2/BCMW_PRD/on/demandware.static/-/Sites-master-catalog/default/dw594699b2/images/packshot/Sandro_SFPVE01072-D338_F_P.jpg?sw=650&sh=650,-,Veste de costume oversize,https://fr.sandro-paris.com/fr/p/veste-de-costume-oversize/SFPVE01072_D338.html,Veste,F,"[51.37254901960784, 2.0, 4.0]"
1977,https://fr.sandro-paris.com/dw/image/v2/BCMW_PRD/on/demandware.static/-/Sites-master-catalog/default/dw594699b2/images/packshot/Sandro_SFPVE01072-D338_F_P.jpg?sw=650&sh=650,-,Veste de costume oversize,https://fr.sandro-paris.com/fr/p/veste-de-costume-oversize/SFPVE01072_D338.html,Veste,F,"[26.666666666666668, 3.0, 4.0]"
1978,https://fr.sandro-paris.com/dw/image/v2/BCMW_PRD/on/demandware.static/-/Sites-master-catalog/default/dwd5e12ff4/images/packshot/Sandro_SFPOU00686-16_F_P.jpg?sw=650&sh=650,-,Veste en fausse fourrure,https://fr.sandro-paris.com/fr/p/veste-en-fausse-fourrure/SFPOU00686_16.html,Veste,F,"[51.76470588235295, 16.0, 39.0]"
1979,https://fr.sandro-paris.com/dw/image/v2/BCMW_PRD/on/demandware.static/-/Sites-master-catalog/default/dwd5e12ff4/images/packshot/Sandro_SFPOU00686-16_F_P.jpg?sw=650&sh=650,-,Veste en fausse fourrure,https://fr.sandro-paris.com/fr/p/veste-en-fausse-fourrure/SFPOU00686_16.html,Veste,F,"[63.921568627450974, 12.0, 33.0]"
1980,https://fr.sandro-paris.com/dw/image/v2/BCMW_PRD/on/demandware.static/-/Sites-master-catalog/default/dw36a9ac24/images/packshot/Sandro_SFPOU00679-11_F_P.jpg?sw=650&sh=650,-,Manteau long en laine mélangée,https://fr.sandro-paris.com/fr/p/manteau-long-en-laine-melangee/SFPOU00679_11.html,Manteau,F,"[91.37254901960785, 1.0, 6.0]"
1981,https://fr.sandro-paris.com/dw/image/v2/BCMW_PRD/on/demandware.static/-/Sites-master-catalog/default/dw228a0597/images/packshot/Sandro_SFPOU00641-13_F_P.jpg?sw=650&sh=650,-,Manteau en fausse fourrure,https://fr.sandro-paris.com/fr/p/manteau-en-fausse-fourrure/SFPOU00641_13.html,Manteau,F,"[77.64705882352942, 6.0, 31.0]"
1982,https://fr.sandro-paris.com/dw/image/v2/BCMW_PRD/on/demandware.static/-/Sites-master-catalog/default/dw14154762/images/packshot/Sandro_SFPOU00661-44_F_P.jpg?sw=650&sh=650,-,Manteau long cintré,https://fr.sandro-paris.com/fr/p/manteau-long-cintre/SFPOU00661_44.html,Manteau,F,"[7.0588235294117645, 2.0, -6.0]"
1983,https://fr.sandro-paris.com/dw/image/v2/BCMW_PRD/on/demandware.static/-/Sites-master-catalog/default/dw7f2603fe/images/packshot/Sandro_SFPOU00619-44_F_P.jpg?sw=650&sh=650,-,Veste en laine double face,https://fr.sandro-paris.com/fr/p/veste-en-laine-double-face/SFPOU00619_44.html,Veste,F,"[5.490196078431373, 2.0, -10.0]"
1984,https://fr.sandro-paris.com/dw/image/v2/BCMW_PRD/on/demandware.static/-/Sites-master-catalog/default/dw2decd119/images/packshot/Sandro_SFPVE01067-G023_F_P.jpg?sw=650&sh=650,-,Veste courte à boutons,https://fr.sandro-paris.com/fr/p/veste-courte-a-boutons/SFPVE01067_G023.html,Veste,F,"[55.68627450980392, 10.0, 24.0]"
1985,https://fr.sandro-paris.com/dw/image/v2/BCMW_PRD/on/demandware.static/-/Sites-master-catalog/default/dw2decd119/images/packshot/Sandro_SFPVE01067-G023_F_P.jpg?sw=650&sh=650,-,Veste courte à boutons,https://fr.sandro-paris.com/fr/p/veste-courte-a-boutons/SFPVE01067_G023.html,Veste,F,"[45.490196078431374, 11.0, 25.0]"
1986,https://fr.sandro-paris.com/dw/image/v2/BCMW_PRD/on/demandware.static/-/Sites-master-catalog/default/dwf3f289ab/images/packshot/Sandro_SFPOU00628-G207_F_P.jpg?sw=650&sh=650,-,Manteau col en cuir,https://fr.sandro-paris.com/fr/p/manteau-col-en-cuir-/SFPOU00628_G207.html,Manteau,F,"[37.254901960784316, 11.0, 26.0]"
1987,https://fr.sandro-paris.com/dw/image/v2/BCMW_PRD/on/demandware.static/-/Sites-master-catalog/default/dwca0db011/images/packshot/Sandro_SFPOU00644-20_F_P.jpg?sw=650&sh=650,-,Manteau long à boutonnage croisé,https://fr.sandro-paris.com/fr/p/manteau-long-a-boutonnage-croise/SFPOU00644_20.html,Manteau,F,"[4.705882352941177, 0.0, 0.0]"
1988,https://fr.sandro-paris.com/dw/image/v2/BCMW_PRD/on/demandware.static/-/Sites-master-catalog/default/dw5878bd2c/images/packshot/Sandro_SFPOU00652-24_F_P.jpg?sw=650&sh=650,-,Manteau long à carreaux,https://fr.sandro-paris.com/fr/p/manteau-long-a-carreaux/SFPOU00652_24.html,Manteau,F,"[33.72549019607843, -1.0, 1.0]"
1989,https://fr.sandro-paris.com/dw/image/v2/BCMW_PRD/on/demandware.static/-/Sites-master-catalog/default/dw5878bd2c/images/packshot/Sandro_SFPOU00652-24_F_P.jpg?sw=650&sh=650,-,Manteau long à carreaux,https://fr.sandro-paris.com/fr/p/manteau-long-a-carreaux/SFPOU00652_24.html,Manteau,F,"[47.84313725490196, -1.0, 1.0]"
1990,https://fr.sandro-paris.com/dw/image/v2/BCMW_PRD/on/demandware.static/-/Sites-master-catalog/default/dw5f06bc76/images/packshot/Sandro_SFPVE00256-20_V_P.jpg?sw=650&sh=650,-,Blouson en cuir,https://fr.sandro-paris.com/fr/p/blouson-en-cuir/SFPVE00256_20.html,Blouson,F,"[21.176470588235293, 0.0, 0.0]"
1991,https://fr.sandro-paris.com/dw/image/v2/BCMW_PRD/on/demandware.static/-/Sites-master-catalog/default/dw5f06bc76/images/packshot/Sandro_SFPVE00256-20_V_P.jpg?sw=650&sh=650,-,Blouson en cuir,https://fr.sandro-paris.com/fr/p/blouson-en-cuir/SFPVE00256_20.html,Blouson,F,"[42.745098039215684, 1.0, 1.0]"
1992,https://fr.sandro-paris.com/dw/image/v2/BCMW_PRD/on/demandware.static/-/Sites-master-catalog/default/dw444ef928/images/packshot/Sandro_SFPVE00704-11_V_P.jpg?sw=650&sh=650,-,Veste courte boutonnée en tweed,https://fr.sandro-paris.com/fr/p/veste-courte-boutonnee-en-tweed/SFPVE00704_11.html,Veste,F,"[93.33333333333333, -1.0, 6.0]"
1993,https://fr.sandro-paris.com/dw/image/v2/BCMW_PRD/on/demandware.static/-/Sites-master-catalog/default/dw444ef928/images/packshot/Sandro_SFPVE00704-11_V_P.jpg?sw=650&sh=650,-,Veste courte boutonnée en tweed,https://fr.sandro-paris.com/fr/p/veste-courte-boutonnee-en-tweed/SFPVE00704_11.html,Veste,F,"[90.58823529411765, -1.0, 5.0]"
1994,https://fr.sandro-paris.com/dw/image/v2/BCMW_PRD/on/demandware.static/-/Sites-master-catalog/default/dwaf4bc5f5/images/packshot/Sandro_SFPVE01088-13_F_P.jpg?sw=650&sh=650,-,Veste courte en laine mélangée,https://fr.sandro-paris.com/fr/p/veste-courte-en-laine-melangee/SFPVE01088_13.html,Veste,F,"[68.62745098039215, 8.0, 26.0]"
1995,https://fr.sandro-paris.com/dw/image/v2/BCMW_PRD/on/demandware.static/-/Sites-master-catalog/default/dw2f61e952/images/packshot/Sandro_SFPVE00906-10_F_P.jpg?sw=650&sh=650,-,Veste courte en tissu bouclé,https://fr.sandro-paris.com/fr/p/veste-courte-en-tissu-boucle/SFPVE00906_10.html,Veste,F,"[92.54901960784314, -1.0, 6.0]"
1996,https://fr.sandro-paris.com/dw/image/v2/BCMW_PRD/on/demandware.static/-/Sites-master-catalog/default/dw30afe5c7/images/packshot/Sandro_SFPOU00671-20_F_P.jpg?sw=650&sh=650,-,Doudoune longue matelassée,https://fr.sandro-paris.com/fr/p/doudoune-longue-matelassee/SFPOU00671_20.html,Doudoune,F,"[10.588235294117647, 0.0, 0.0]"
1997,https://fr.sandro-paris.com/dw/image/v2/BCMW_PRD/on/demandware.static/-/Sites-master-catalog/default/dw68e2a375/images/packshot/Sandro_SFPVE01073-44_F_P.jpg?sw=650&sh=650,-,Veste courte en laine,https://fr.sandro-paris.com/fr/p/veste-courte-en-laine/SFPVE01073_44.html,Veste,F,"[9.803921568627452, 3.0, -10.0]"
1998,https://fr.sandro-paris.com/dw/image/v2/BCMW_PRD/on/demandware.static/-/Sites-master-catalog/default/dwa64a4ac6/images/packshot/Sandro_SFPOU00685-24_F_P.jpg?sw=650&sh=650,-,Manteau long,https://fr.sandro-paris.com/fr/p/manteau-long/SFPOU00685_24.html,Manteau,F,"[43.92156862745098, 0.0, -1.0]"
1999,https://fr.sandro-paris.com/dw/image/v2/BCMW_PRD/on/demandware.static/-/Sites-master-catalog/default/dwa64a4ac6/images/packshot/Sandro_SFPOU00685-24_F_P.jpg?sw=650&sh=650,-,Manteau long,https://fr.sandro-paris.com/fr/p/manteau-long/SFPOU00685_24.html,Manteau,F,"[34.90196078431372, 0.0, -1.0]"
2000,https://fr.sandro-paris.com/dw/image/v2/BCMW_PRD/on/demandware.static/-/Sites-master-catalog/default/dw3c444569/images/packshot/Sandro_SFPVE01062-24_F_P.jpg?sw=650&sh=650,-,Veste courte en tweed,https://fr.sandro-paris.com/fr/p/veste-courte-en-tweed/SFPVE01062_24.html,Veste,F,"[27.450980392156865, -1.0, 0.0]"
2001,https://fr.sandro-paris.com/dw/image/v2/BCMW_PRD/on/demandware.static/-/Sites-master-catalog/default/dw3c444569/images/packshot/Sandro_SFPVE01062-24_F_P.jpg?sw=650&sh=650,-,Veste courte en tweed,https://fr.sandro-paris.com/fr/p/veste-courte-en-tweed/SFPVE01062_24.html,Veste,F,"[40.0, -1.0, 1.0]"
2002,https://fr.sandro-paris.com/dw/image/v2/BCMW_PRD/on/demandware.static/-/Sites-master-catalog/default/dw0a5602ac/images/packshot/Sandro_SFPOU00684-20_F_P.jpg?sw=650&sh=650,-,Doudoune cargo à capuche,https://fr.sandro-paris.com/fr/p/doudoune-cargo-a-capuche/SFPOU00684_20.html,Doudoune,F,"[14.117647058823529, 0.0, 0.0]"
2003,https://fr.sandro-paris.com/dw/image/v2/BCMW_PRD/on/demandware.static/-/Sites-master-catalog/default/dwc3410a48/images/packshot/Sandro_SFPVE01030-G023_F_P.jpg?sw=650&sh=650,-,Veste courte à carreaux,https://fr.sandro-paris.com/fr/p/veste-courte-a-carreaux/SFPVE01030_G023.html,Veste,F,"[58.82352941176471, 5.0, 11.0]"
2004,https://fr.sandro-paris.com/dw/image/v2/BCMW_PRD/on/demandware.static/-/Sites-master-catalog/default/dwc3410a48/images/packshot/Sandro_SFPVE01030-G023_F_P.jpg?sw=650&sh=650,-,Veste courte à carreaux,https://fr.sandro-paris.com/fr/p/veste-courte-a-carreaux/SFPVE01030_G023.html,Veste,F,"[40.0, 6.0, 12.0]"
2005,https://fr.sandro-paris.com/dw/image/v2/BCMW_PRD/on/demandware.static/-/Sites-master-catalog/default/dw51f2c3a7/images/packshot/Sandro_SFPOU00644-16_F_P.jpg?sw=650&sh=650,-,Manteau long à boutonnage croisé,https://fr.sandro-paris.com/fr/p/manteau-long-a-boutonnage-croise/SFPOU00644_16.html,Manteau,F,"[79.2156862745098, 4.0, 18.0]"
2006,https://fr.sandro-paris.com/dw/image/v2/BCMW_PRD/on/demandware.static/-/Sites-master-catalog/default/dw4b2a4430/images/packshot/Sandro_SFPBL01057-4785_F_P.jpg?sw=650&sh=650,-,Blouson surchemise en jean étoiles,https://fr.sandro-paris.com/fr/p/blouson-surchemise-en-jean-etoiles/SFPBL01057_4785.html,Blouson,F,"[46.666666666666664, -3.0, -9.0]"
2007,https://fr.sandro-paris.com/dw/image/v2/BCMW_PRD/on/demandware.static/-/Sites-master-catalog/default/dw4b2a4430/images/packshot/Sandro_SFPBL01057-4785_F_P.jpg?sw=650&sh=650,-,Blouson surchemise en jean étoiles,https://fr.sandro-paris.com/fr/p/blouson-surchemise-en-jean-etoiles/SFPBL01057_4785.html,Blouson,F,"[67.45098039215686, -1.0, -4.0]"
2008,https://fr.sandro-paris.com/dw/image/v2/BCMW_PRD/on/demandware.static/-/Sites-master-catalog/default/dw29a6a590/images/packshot/Sandro_SFPBL01040-G023_F_P.jpg?sw=650&sh=650,-,Blouson en cuir glacé,https://fr.sandro-paris.com/fr/p/blouson-en-cuir-glace/SFPBL01040_G023.html,Blouson,F,"[19.607843137254903, 7.0, 7.0]"
2009,https://fr.sandro-paris.com/dw/image/v2/BCMW_PRD/on/demandware.static/-/Sites-master-catalog/default/dw29a6a590/images/packshot/Sandro_SFPBL01040-G023_F_P.jpg?sw=650&sh=650,-,Blouson en cuir glacé,https://fr.sandro-paris.com/fr/p/blouson-en-cuir-glace/SFPBL01040_G023.html,Blouson,F,"[44.31372549019608, 6.0, 6.0]"
2010,https://fr.sandro-paris.com/dw/image/v2/BCMW_PRD/on/demandware.static/-/Sites-master-catalog/default/dwb47691c6/images/packshot/Sandro_SFPBL01030-16_F_P.jpg?sw=650&sh=650,-,Blouson bomber satiné,https://fr.sandro-paris.com/fr/p/blouson-bomber-satine-/SFPBL01030_16.html,Blouson,F,"[40.3921568627451, 9.0, 19.0]"
2011,https://fr.sandro-paris.com/dw/image/v2/BCMW_PRD/on/demandware.static/-/Sites-master-catalog/default/dwb47691c6/images/packshot/Sandro_SFPBL01030-16_F_P.jpg?sw=650&sh=650,-,Blouson bomber satiné,https://fr.sandro-paris.com/fr/p/blouson-bomber-satine-/SFPBL01030_16.html,Blouson,F,"[58.82352941176471, 8.0, 20.0]"
2012,https://fr.sandro-paris.com/dw/image/v2/BCMW_PRD/on/demandware.static/-/Sites-master-catalog/default/dw968c81f2/images/packshot/Sandro_SFPOU00578-24_F_P.jpg?sw=650&sh=650,-,Blouson en fausse fourrure,https://fr.sandro-paris.com/fr/p/blouson-en-fausse-fourrure/SFPOU00578_24.html,Blouson,F,"[59.6078431372549, 4.0, 6.0]"
2013,https://fr.sandro-paris.com/dw/image/v2/BCMW_PRD/on/demandware.static/-/Sites-master-catalog/default/dw06039427/images/packshot/Sandro_SFPOU00697-G023_F_P.jpg?sw=650&sh=650,-,Veste en peau lainée,https://fr.sandro-paris.com/fr/p/veste-en-peau-lainee/SFPOU00697_G023.html,Veste,F,"[22.745098039215687, 12.0, 11.0]"
2014,https://fr.sandro-paris.com/dw/image/v2/BCMW_PRD/on/demandware.static/-/Sites-master-catalog/default/dw8453c1e0/images/packshot/Sandro_SFPVE00704-20_V_P.jpg?sw=650&sh=650,-,Veste courte boutonnée en tweed,https://fr.sandro-paris.com/fr/p/veste-courte-boutonnee-en-tweed/SFPVE00704_20.html,Veste,F,"[12.941176470588237, 0.0, -2.0]"
2015,https://fr.sandro-paris.com/dw/image/v2/BCMW_PRD/on/demandware.static/-/Sites-master-catalog/default/dw09cd6805/images/packshot/Sandro_SFPOU00678-13_F_P.jpg?sw=650&sh=650,-,Manteau long en laine mélangée,https://fr.sandro-paris.com/fr/p/manteau-long-en-laine-melangee/SFPOU00678_13.html,Manteau,F,"[69.80392156862744, 11.0, 22.0]"
2016,https://fr.sandro-paris.com/dw/image/v2/BCMW_PRD/on/demandware.static/-/Sites-master-catalog/default/dw313e204a/images/packshot/Sandro_SFPOU00664-11_F_P.jpg?sw=650&sh=650,-,Manteau en peau lainée,https://fr.sandro-paris.com/fr/p/manteau-en-peau-lainee/SFPOU00664_11.html,Manteau,F,"[84.31372549019608, 2.0, 9.0]"
2017,https://fr.sandro-paris.com/dw/image/v2/BCMW_PRD/on/demandware.static/-/Sites-master-catalog/default/dwb79a141a/images/packshot/Sandro_SFPVE01065-G023_F_P.jpg?sw=650&sh=650,-,Veste courte pied de puce,https://fr.sandro-paris.com/fr/p/veste-courte-pied-de-puce/SFPVE01065_G023.html,Veste,F,"[56.470588235294116, 4.0, 14.0]"
2018,https://fr.sandro-paris.com/dw/image/v2/BCMW_PRD/on/demandware.static/-/Sites-master-catalog/default/dwb79a141a/images/packshot/Sandro_SFPVE01065-G023_F_P.jpg?sw=650&sh=650,-,Veste courte pied de puce,https://fr.sandro-paris.com/fr/p/veste-courte-pied-de-puce/SFPVE01065_G023.html,Veste,F,"[49.01960784313725, 5.0, 14.0]"
2019,https://fr.sandro-paris.com/dw/image/v2/BCMW_PRD/on/demandware.static/-/Sites-master-catalog/default/dwb79a141a/images/packshot/Sandro_SFPVE01065-G023_F_P.jpg?sw=650&sh=650,-,Veste courte pied de puce,https://fr.sandro-paris.com/fr/p/veste-courte-pied-de-puce/SFPVE01065_G023.html,Veste,F,"[89.80392156862746, 0.0, 3.0]"
2020,https://fr.sandro-paris.com/dw/image/v2/BCMW_PRD/on/demandware.static/-/Sites-master-catalog/default/dwb146b475/images/packshot/Sandro_SFPOU00550-20_F_P.jpg?sw=650&sh=650,-,Trench plissé,https://fr.sandro-paris.com/fr/p/trench-plisse/SFPOU00550_20.html,Trench,F,"[9.019607843137255, 2.0, -3.0]"
2021,https://fr.sandro-paris.com/dw/image/v2/BCMW_PRD/on/demandware.static/-/Sites-master-catalog/default/dw9054676a/images/packshot/Sandro_SFPVE01045-47_F_P.jpg?sw=650&sh=650,-,Veste en jean à col en cuir,https://fr.sandro-paris.com/fr/p/veste-en-jean-a-col-en-cuir/SFPVE01045_47.html,Veste,F,"[32.15686274509804, 0.0, -15.0]"
2022,https://fr.sandro-paris.com/dw/image/v2/BCMW_PRD/on/demandware.static/-/Sites-master-catalog/default/dw9054676a/images/packshot/Sandro_SFPVE01045-47_F_P.jpg?sw=650&sh=650,-,Veste en jean à col en cuir,https://fr.sandro-paris.com/fr/p/veste-en-jean-a-col-en-cuir/SFPVE01045_47.html,Veste,F,"[23.137254901960784, 0.0, -13.0]"
2023,https://fr.sandro-paris.com/dw/image/v2/BCMW_PRD/on/demandware.static/-/Sites-master-catalog/default/dw9054676a/images/packshot/Sandro_SFPVE01045-47_F_P.jpg?sw=650&sh=650,-,Veste en jean à col en cuir,https://fr.sandro-paris.com/fr/p/veste-en-jean-a-col-en-cuir/SFPVE01045_47.html,Veste,F,"[86.27450980392157, 0.0, 1.0]"
2024,https://fr.sandro-paris.com/dw/image/v2/BCMW_PRD/on/demandware.static/-/Sites-master-catalog/default/dwdafab292/images/packshot/Sandro_SFPCA01049-47_F_P.jpg?sw=650&sh=650,-,Cardigan avec empiècements en jean,https://fr.sandro-paris.com/fr/p/cardigan-avec-empiecements-en-jean/SFPCA01049_47.html,Cardigan,F,"[7.0588235294117645, 4.0, -13.0]"
2025,https://fr.sandro-paris.com/dw/image/v2/BCMW_PRD/on/demandware.static/-/Sites-master-catalog/default/dwdafab292/images/packshot/Sandro_SFPCA01049-47_F_P.jpg?sw=650&sh=650,-,Cardigan avec empiècements en jean,https://fr.sandro-paris.com/fr/p/cardigan-avec-empiecements-en-jean/SFPCA01049_47.html,Cardigan,F,"[25.49019607843137, -1.0, -11.0]"
2026,https://fr.sandro-paris.com/dw/image/v2/BCMW_PRD/on/demandware.static/-/Sites-master-catalog/default/dw2f537586/images/packshot/Sandro_SFPPU02462-20_F_P.jpg?sw=650&sh=650,-,Pull en laine et cachemire,https://fr.sandro-paris.com/fr/p/pull-en-laine-et-cachemire/SFPPU02462_20.html,Pull,F,"[5.88235294117647, 0.0, -2.0]"
2027,https://fr.sandro-paris.com/dw/image/v2/BCMW_PRD/on/demandware.static/-/Sites-master-catalog/default/dw1e74a4a1/images/packshot/Sandro_SFPPU02067-20_V_P.jpg?sw=650&sh=650,-,Pull 2 en 1 à col volanté,https://fr.sandro-paris.com/fr/p/pull-2-en-1-a-col-volante/SFPPU02067_20.html,Pull,F,"[7.8431372549019605, 0.0, 1.0]"
2028,https://fr.sandro-paris.com/dw/image/v2/BCMW_PRD/on/demandware.static/-/Sites-master-catalog/default/dw0d0f9df7/images/packshot/Sandro_SFPCA01122-13_F_P.jpg?sw=650&sh=650,-,Cardigan long en laine,https://fr.sandro-paris.com/fr/p/cardigan-long-en-laine/SFPCA01122_13.html,Cardigan,F,"[71.76470588235294, 7.0, 20.0]"
2029,https://fr.sandro-paris.com/dw/image/v2/BCMW_PRD/on/demandware.static/-/Sites-master-catalog/default/dw0d0f9df7/images/packshot/Sandro_SFPCA01122-13_F_P.jpg?sw=650&sh=650,-,Cardigan long en laine,https://fr.sandro-paris.com/fr/p/cardigan-long-en-laine/SFPCA01122_13.html,Cardigan,F,"[65.49019607843137, 8.0, 21.0]"
2030,https://fr.sandro-paris.com/dw/image/v2/BCMW_PRD/on/demandware.static/-/Sites-master-catalog/default/dwda06a584/images/packshot/Sandro_SFPCA01113-16_F_P.jpg?sw=650&sh=650,-,Cardigan long strassé,https://fr.sandro-paris.com/fr/p/cardigan-long-strasse/SFPCA01113_16.html,Cardigan,F,"[73.33333333333333, 4.0, 10.0]"
2031,https://fr.sandro-paris.com/dw/image/v2/BCMW_PRD/on/demandware.static/-/Sites-master-catalog/default/dwda06a584/images/packshot/Sandro_SFPCA01113-16_F_P.jpg?sw=650&sh=650,-,Cardigan long strassé,https://fr.sandro-paris.com/fr/p/cardigan-long-strasse/SFPCA01113_16.html,Cardigan,F,"[68.23529411764706, 4.0, 11.0]"
2032,https://fr.sandro-paris.com/dw/image/v2/BCMW_PRD/on/demandware.static/-/Sites-master-catalog/default/dw2900925a/images/packshot/Sandro_SFPCA01034-20_F_P.jpg?sw=650&sh=650,-,Cardigan jacquard carreaux,https://fr.sandro-paris.com/fr/p/cardigan-jacquard-carreaux/SFPCA01034_20.html,Cardigan,F,"[37.254901960784316, -1.0, 0.0]"
2033,https://fr.sandro-paris.com/dw/image/v2/BCMW_PRD/on/demandware.static/-/Sites-master-catalog/default/dw2900925a/images/packshot/Sandro_SFPCA01034-20_F_P.jpg?sw=650&sh=650,-,Cardigan jacquard carreaux,https://fr.sandro-paris.com/fr/p/cardigan-jacquard-carreaux/SFPCA01034_20.html,Cardigan,F,"[12.156862745098039, 0.0, -1.0]"
2034,https://fr.sandro-paris.com/dw/image/v2/BCMW_PRD/on/demandware.static/-/Sites-master-catalog/default/dw2900925a/images/packshot/Sandro_SFPCA01034-20_F_P.jpg?sw=650&sh=650,-,Cardigan jacquard carreaux,https://fr.sandro-paris.com/fr/p/cardigan-jacquard-carreaux/SFPCA01034_20.html,Cardigan,F,"[83.52941176470588, 0.0, 1.0]"
2035,https://fr.sandro-paris.com/dw/image/v2/BCMW_PRD/on/demandware.static/-/Sites-master-catalog/default/dwa3439d2d/images/packshot/Sandro_SFPPU02463-44_F_P.jpg?sw=650&sh=650,-,Pull en laine et cachemire à volant,https://fr.sandro-paris.com/fr/p/pull-en-laine-et-cachemire-a-volant/SFPPU02463_44.html,Pull,F,"[5.88235294117647, 2.0, -7.0]"
2036,https://fr.sandro-paris.com/dw/image/v2/BCMW_PRD/on/demandware.static/-/Sites-master-catalog/default/dwbe97c31a/images/packshot/Sandro_SFPPU02045-44_F_P.jpg?sw=650&sh=650,-,Pull col roulé,https://fr.sandro-paris.com/fr/p/pull-col-roule/SFPPU02045_44.html,Col roulé,F,"[9.803921568627452, 2.0, -5.0]"
2037,https://fr.sandro-paris.com/dw/image/v2/BCMW_PRD/on/demandware.static/-/Sites-master-catalog/default/dweb3bb8f3/images/packshot/Sandro_SFPPU02424-240_F_P.jpg?sw=650&sh=650,-,Pull à capuche strassé,https://fr.sandro-paris.com/fr/p/pull-a-capuche-strasse/SFPPU02424_240.html,Pull,F,"[18.03921568627451, 0.0, -2.0]"
2038,https://fr.sandro-paris.com/dw/image/v2/BCMW_PRD/on/demandware.static/-/Sites-master-catalog/default/dw93a2030e/images/packshot/Sandro_SFPPU02376-16_F_P.jpg?sw=650&sh=650,-,Pull à col polo ouvert,https://fr.sandro-paris.com/fr/p/pull-a-col-polo-ouvert/SFPPU02376_16.html,Pull,F,"[67.84313725490196, 5.0, 10.0]"
2039,https://fr.sandro-paris.com/dw/image/v2/BCMW_PRD/on/demandware.static/-/Sites-master-catalog/default/dwadeb9d16/images/packshot/Sandro_SFPCA01053-47_F_P.jpg?sw=650&sh=650,-,Cardigan officier,https://fr.sandro-paris.com/fr/p/cardigan-officier/SFPCA01053_47.html,Cardigan,F,"[9.019607843137255, 3.0, -15.0]"
2040,https://fr.sandro-paris.com/dw/image/v2/BCMW_PRD/on/demandware.static/-/Sites-master-catalog/default/dw5990bb66/images/packshot/Sandro_SFPPU02457-11_F_P.jpg?sw=650&sh=650,-,Pull à côtes en laine et cachemire,https://fr.sandro-paris.com/fr/p/pull-a-cotes-en-laine-et-cachemire/SFPPU02457_11.html,Pull,F,"[89.41176470588236, 2.0, 5.0]"
2041,https://fr.sandro-paris.com/dw/image/v2/BCMW_PRD/on/demandware.static/-/Sites-master-catalog/default/dw5990bb66/images/packshot/Sandro_SFPPU02457-11_F_P.jpg?sw=650&sh=650,-,Pull à côtes en laine et cachemire,https://fr.sandro-paris.com/fr/p/pull-a-cotes-en-laine-et-cachemire/SFPPU02457_11.html,Pull,F,"[87.05882352941177, 2.0, 6.0]"
2042,https://fr.sandro-paris.com/dw/image/v2/BCMW_PRD/on/demandware.static/-/Sites-master-catalog/default/dw812803c3/images/packshot/Sandro_SFPCA01228-16_F_P.jpg?sw=650&sh=650,-,Cardigan à liseré contrasté,https://fr.sandro-paris.com/fr/p/cardigan-a-lisere-contraste/SFPCA01228_16.html,Cardigan,F,"[76.86274509803923, 3.0, 12.0]"
2043,https://fr.sandro-paris.com/dw/image/v2/BCMW_PRD/on/demandware.static/-/Sites-master-catalog/default/dw4d20205e/images/packshot/Sandro_SFPPU02401-44_F_P.jpg?sw=650&sh=650,-,Pull en maille torsadée,https://fr.sandro-paris.com/fr/p/pull-en-maille-torsadee/SFPPU02401_44.html,Pull,F,"[6.666666666666667, 4.0, -12.0]"
2044,https://fr.sandro-paris.com/dw/image/v2/BCMW_PRD/on/demandware.static/-/Sites-master-catalog/default/dw70700c6b/images/packshot/Sandro_SFPPU02463-16_F_P.jpg?sw=650&sh=650,-,Pull en laine et cachemire à volant,https://fr.sandro-paris.com/fr/p/pull-en-laine-et-cachemire-a-volant/SFPPU02463_16.html,Pull,F,"[74.90196078431373, 3.0, 8.0]"
2045,https://fr.sandro-paris.com/dw/image/v2/BCMW_PRD/on/demandware.static/-/Sites-master-catalog/default/dw3146a6ff/images/packshot/Sandro_SFPPU02320-44_F_P.jpg?sw=650&sh=650,-,Pull à col amovible,https://fr.sandro-paris.com/fr/p/pull-a-col-amovible/SFPPU02320_44.html,Pull,F,"[4.705882352941177, 2.0, -3.0]"
2046,https://fr.sandro-paris.com/dw/image/v2/BCMW_PRD/on/demandware.static/-/Sites-master-catalog/default/dw993dc01c/images/packshot/Sandro_SFPPU02058-16_F_P.jpg?sw=650&sh=650,-,Pull en maille à fleurs,https://fr.sandro-paris.com/fr/p/pull-en-maille-a-fleurs/SFPPU02058_16.html,Pull,F,"[67.45098039215686, 3.0, 6.0]"
2047,https://fr.sandro-paris.com/dw/image/v2/BCMW_PRD/on/demandware.static/-/Sites-master-catalog/default/dw63b83663/images/packshot/Sandro_SFPPU02331-20_F_P.jpg?sw=650&sh=650,-,Top en maille à carreaux,https://fr.sandro-paris.com/fr/p/top-en-maille-a-carreaux/SFPPU02331_20.html,Top,F,"[34.11764705882353, 0.0, 1.0]"
2048,https://fr.sandro-paris.com/dw/image/v2/BCMW_PRD/on/demandware.static/-/Sites-master-catalog/default/dw63b83663/images/packshot/Sandro_SFPPU02331-20_F_P.jpg?sw=650&sh=650,-,Top en maille à carreaux,https://fr.sandro-paris.com/fr/p/top-en-maille-a-carreaux/SFPPU02331_20.html,Top,F,"[7.450980392156863, 0.0, 0.0]"
2049,https://fr.sandro-paris.com/dw/image/v2/BCMW_PRD/on/demandware.static/-/Sites-master-catalog/default/dwd27ec571/images/packshot/Sandro_SFPCA01104-240_F_P.jpg?sw=650&sh=650,-,Cardigan en laine et cachemire,https://fr.sandro-paris.com/fr/p/cardigan-en-laine-et-cachemire/SFPCA01104_240.html,Cardigan,F,"[22.745098039215687, 0.0, 0.0]"
2050,https://fr.sandro-paris.com/dw/image/v2/BCMW_PRD/on/demandware.static/-/Sites-master-catalog/default/dwdd1627d0/images/packshot/Sandro_SFPCA01122-11_F_P.jpg?sw=650&sh=650,-,Cardigan long en laine,https://fr.sandro-paris.com/fr/p/cardigan-long-en-laine/SFPCA01122_11.html,Cardigan,F,"[89.80392156862746, 1.0, 4.0]"
2051,https://fr.sandro-paris.com/dw/image/v2/BCMW_PRD/on/demandware.static/-/Sites-master-catalog/default/dwc6bddcfa/images/packshot/Sandro_SFPPU02391-24_F_P.jpg?sw=650&sh=650,-,Pull en laine et cachemire,https://fr.sandro-paris.com/fr/p/pull-en-laine-et-cachemire-/SFPPU02391_24.html,Pull,F,"[63.52941176470588, 1.0, -1.0]"
2052,https://fr.sandro-paris.com/dw/image/v2/BCMW_PRD/on/demandware.static/-/Sites-master-catalog/default/dwc6bddcfa/images/packshot/Sandro_SFPPU02391-24_F_P.jpg?sw=650&sh=650,-,Pull en laine et cachemire,https://fr.sandro-paris.com/fr/p/pull-en-laine-et-cachemire-/SFPPU02391_24.html,Pull,F,"[56.86274509803921, 1.0, -1.0]"
2053,https://fr.sandro-paris.com/dw/image/v2/BCMW_PRD/on/demandware.static/-/Sites-master-catalog/default/dw0710df1b/images/packshot/Sandro_SFPPU02389-240_F_P.jpg?sw=650&sh=650,-,Pull en maille à côtes,https://fr.sandro-paris.com/fr/p/pull-en-maille-a-cotes/SFPPU02389_240.html,Pull,F,"[24.313725490196077, -1.0, -1.0]"
2054,https://fr.sandro-paris.com/dw/image/v2/BCMW_PRD/on/demandware.static/-/Sites-master-catalog/default/dw2dd5b7fa/images/packshot/Sandro_SFPCA01139-34_F_P.jpg?sw=650&sh=650,-,Cardigan en maille torsadée,https://fr.sandro-paris.com/fr/p/cardigan-en-maille-torsadee/SFPCA01139_34.html,Cardigan,F,"[20.784313725490197, 28.0, 5.0]"
2055,https://fr.sandro-paris.com/dw/image/v2/BCMW_PRD/on/demandware.static/-/Sites-master-catalog/default/dw04a27a4f/images/packshot/Sandro_SFPCA01092-11_F_P.jpg?sw=650&sh=650,-,Cardigan en maille pointelle,https://fr.sandro-paris.com/fr/p/cardigan-en-maille-pointelle/SFPCA01092_11.html,Cardigan,F,"[89.41176470588236, 1.0, 7.0]"
2056,https://fr.sandro-paris.com/dw/image/v2/BCMW_PRD/on/demandware.static/-/Sites-master-catalog/default/dw2971efb0/images/packshot/Sandro_SFPPU02416-44_F_P.jpg?sw=650&sh=650,-,Pull à col vareuse,https://fr.sandro-paris.com/fr/p/pull-a-col-vareuse/SFPPU02416_44.html,Pull,F,"[7.8431372549019605, 4.0, -10.0]"
2057,https://fr.sandro-paris.com/dw/image/v2/BCMW_PRD/on/demandware.static/-/Sites-master-catalog/default/dw3e6b2dd6/images/packshot/Sandro_SFPPU02045-G023_F_P.jpg?sw=650&sh=650,-,Pull col roulé,https://fr.sandro-paris.com/fr/p/pull-col-roule/SFPPU02045_G023.html,Col roulé,F,"[14.117647058823529, 9.0, 5.0]"
2058,https://fr.sandro-paris.com/dw/image/v2/BCMW_PRD/on/demandware.static/-/Sites-master-catalog/default/dwfe5b850f/images/packshot/Sandro_SFPCA00822-13_F_P.jpg?sw=650&sh=650,-,Cardicoat court,https://fr.sandro-paris.com/fr/p/cardicoat-court/SFPCA00822_13.html,Veste,F,"[54.90196078431373, 9.0, 20.0]"
2059,https://fr.sandro-paris.com/dw/image/v2/BCMW_PRD/on/demandware.static/-/Sites-master-catalog/default/dw2ae6cc1a/images/packshot/Sandro_SFPPU02417-11_F_P.jpg?sw=650&sh=650,-,Pull en laine à col vareuse,https://fr.sandro-paris.com/fr/p/pull-en-laine-a-col-vareuse/SFPPU02417_11.html,Pull,F,"[89.41176470588236, 0.0, 9.0]"
2060,https://fr.sandro-paris.com/dw/image/v2/BCMW_PRD/on/demandware.static/-/Sites-master-catalog/default/dw261fce67/images/packshot/Sandro_SFPPU02348-20_F_P.jpg?sw=650&sh=650,-,Pull marinière,https://fr.sandro-paris.com/fr/p/pull-mariniere/SFPPU02348_20.html,Pull,F,"[84.70588235294117, 0.0, 3.0]"
2061,https://fr.sandro-paris.com/dw/image/v2/BCMW_PRD/on/demandware.static/-/Sites-master-catalog/default/dw261fce67/images/packshot/Sandro_SFPPU02348-20_F_P.jpg?sw=650&sh=650,-,Pull marinière,https://fr.sandro-paris.com/fr/p/pull-mariniere/SFPPU02348_20.html,Pull,F,"[16.862745098039216, 0.0, 4.0]"
2062,https://fr.sandro-paris.com/dw/image/v2/BCMW_PRD/on/demandware.static/-/Sites-master-catalog/default/dw261fce67/images/packshot/Sandro_SFPPU02348-20_F_P.jpg?sw=650&sh=650,-,Pull marinière,https://fr.sandro-paris.com/fr/p/pull-mariniere/SFPPU02348_20.html,Pull,F,"[53.333333333333336, 0.0, 4.0]"
2063,https://fr.sandro-paris.com/dw/image/v2/BCMW_PRD/on/demandware.static/-/Sites-master-catalog/default/dwf9d73d76/images/packshot/Sandro_SFPPU02394-34_F_P.jpg?sw=650&sh=650,-,Pull court sans manches,https://fr.sandro-paris.com/fr/p/pull-court-sans-manches/SFPPU02394_34.html,Pull,F,"[18.43137254901961, 24.0, 3.0]"
2064,https://fr.sandro-paris.com/dw/image/v2/BCMW_PRD/on/demandware.static/-/Sites-master-catalog/default/dwdf1e78c9/images/packshot/Sandro_SFPCA01052-A265_F_P.jpg?sw=650&sh=650,-,Cardigan bicolore en laine,https://fr.sandro-paris.com/fr/p/cardigan-bicolore-en-laine/SFPCA01052_A265.html,Cardigan,F,"[90.98039215686275, 1.0, 2.0]"
2065,https://fr.sandro-paris.com/dw/image/v2/BCMW_PRD/on/demandware.static/-/Sites-master-catalog/default/dw94dba992/images/packshot/Sandro_SFPPU02395-34_F_P.jpg?sw=650&sh=650,-,Pull torsadé à col polo,https://fr.sandro-paris.com/fr/p/pull-torsade-a-col-polo-/SFPPU02395_34.html,Pull,F,"[11.372549019607844, 23.0, 4.0]"
2066,https://fr.sandro-paris.com/dw/image/v2/BCMW_PRD/on/demandware.static/-/Sites-master-catalog/default/dwe71afce6/images/packshot/Sandro_SFPCA01046-16_F_P.jpg?sw=650&sh=650,-,Cardicoat en maille et jean,https://fr.sandro-paris.com/fr/p/cardicoat-en-maille-et-jean/SFPCA01046_16.html,Veste,F,"[72.54901960784314, 3.0, 9.0]"
2067,https://fr.sandro-paris.com/dw/image/v2/BCMW_PRD/on/demandware.static/-/Sites-master-catalog/default/dwe71afce6/images/packshot/Sandro_SFPCA01046-16_F_P.jpg?sw=650&sh=650,-,Cardicoat en maille et jean,https://fr.sandro-paris.com/fr/p/cardicoat-en-maille-et-jean/SFPCA01046_16.html,Veste,F,"[27.058823529411764, 1.0, -18.0]"
2068,https://fr.sandro-paris.com/dw/image/v2/BCMW_PRD/on/demandware.static/-/Sites-master-catalog/default/dw8f9adbab/images/packshot/Sandro_SFPPU02364-34_F_P.jpg?sw=650&sh=650,-,Pull à col orné de pastilles,https://fr.sandro-paris.com/fr/p/pull-a-col-orne-de-pastilles/SFPPU02364_34.html,Pull,F,"[16.07843137254902, 27.0, 3.0]"
2069,https://fr.sandro-paris.com/dw/image/v2/BCMW_PRD/on/demandware.static/-/Sites-master-catalog/default/dw38c0344a/images/packshot/Sandro_SFPPU02454-16_F_P.jpg?sw=650&sh=650,-,Pull col roulé,https://fr.sandro-paris.com/fr/p/pull-col-roule/SFPPU02454_16.html,Col roulé,F,"[65.49019607843137, 3.0, 12.0]"
2070,https://fr.sandro-paris.com/dw/image/v2/BCMW_PRD/on/demandware.static/-/Sites-master-catalog/default/dw38c0344a/images/packshot/Sandro_SFPPU02454-16_F_P.jpg?sw=650&sh=650,-,Pull col roulé,https://fr.sandro-paris.com/fr/p/pull-col-roule/SFPPU02454_16.html,Col roulé,F,"[58.43137254901961, 4.0, 13.0]"
2071,https://fr.sandro-paris.com/dw/image/v2/BCMW_PRD/on/demandware.static/-/Sites-master-catalog/default/dwf5a2a6fd/images/packshot/Sandro_SFPPU01796-21_V_P.jpg?sw=650&sh=650,-,Pull à col V profond contrasté,https://fr.sandro-paris.com/fr/p/pull-a-col-v-profond-contraste/SFPPU01796_21.html,Pull,F,"[73.33333333333333, 1.0, 1.0]"
2072,https://fr.sandro-paris.com/dw/image/v2/BCMW_PRD/on/demandware.static/-/Sites-master-catalog/default/dw9c82ac82/images/packshot/Sandro_SFPPU02323-16_F_P.jpg?sw=650&sh=650,-,Pull en laine et cachemire,https://fr.sandro-paris.com/fr/p/pull-en-laine-et-cachemire/SFPPU02323_16.html,Pull,F,"[73.72549019607844, 4.0, 11.0]"
2073,https://fr.sandro-paris.com/dw/image/v2/BCMW_PRD/on/demandware.static/-/Sites-master-catalog/default/dw9c82ac82/images/packshot/Sandro_SFPPU02323-16_F_P.jpg?sw=650&sh=650,-,Pull en laine et cachemire,https://fr.sandro-paris.com/fr/p/pull-en-laine-et-cachemire/SFPPU02323_16.html,Pull,F,"[67.45098039215686, 4.0, 11.0]"
2074,https://fr.sandro-paris.com/dw/image/v2/BCMW_PRD/on/demandware.static/-/Sites-master-catalog/default/dwe331f175/images/packshot/Sandro_SFPPU02440-11_F_P.jpg?sw=650&sh=650,-,Pull en maille col écharpe,https://fr.sandro-paris.com/fr/p/pull-en-maille-col-echarpe/SFPPU02440_11.html,Pull,F,"[90.98039215686275, 1.0, 5.0]"
2075,https://fr.sandro-paris.com/dw/image/v2/BCMW_PRD/on/demandware.static/-/Sites-master-catalog/default/dw25078122/images/packshot/Sandro_SFPCA01094-13_F_P.jpg?sw=650&sh=650,-,Veste courte en maille,https://fr.sandro-paris.com/fr/p/veste-courte-en-maille/SFPCA01094_13.html,Veste,F,"[79.2156862745098, 5.0, 23.0]"
2076,https://fr.sandro-paris.com/dw/image/v2/BCMW_PRD/on/demandware.static/-/Sites-master-catalog/default/dw25078122/images/packshot/Sandro_SFPCA01094-13_F_P.jpg?sw=650&sh=650,-,Veste courte en maille,https://fr.sandro-paris.com/fr/p/veste-courte-en-maille/SFPCA01094_13.html,Veste,F,"[74.90196078431373, 5.0, 26.0]"
2077,https://fr.sandro-paris.com/dw/image/v2/BCMW_PRD/on/demandware.static/-/Sites-master-catalog/default/dw3c60a82f/images/packshot/Sandro_SFPCA01094-44_F_P.jpg?sw=650&sh=650,-,Veste courte en maille,https://fr.sandro-paris.com/fr/p/veste-courte-en-maille/SFPCA01094_44.html,Veste,F,"[4.313725490196078, 2.0, -8.0]"
2078,https://fr.sandro-paris.com/dw/image/v2/BCMW_PRD/on/demandware.static/-/Sites-master-catalog/default/dw365b4981/images/packshot/Sandro_SFPPU02402-24_F_P.jpg?sw=650&sh=650,-,Pull en maille bimatières,https://fr.sandro-paris.com/fr/p/pull-en-maille-bimatieres/SFPPU02402_24.html,Pull,F,"[69.80392156862744, -1.0, 0.0]"
2079,https://fr.sandro-paris.com/dw/image/v2/BCMW_PRD/on/demandware.static/-/Sites-master-catalog/default/dw365b4981/images/packshot/Sandro_SFPPU02402-24_F_P.jpg?sw=650&sh=650,-,Pull en maille bimatières,https://fr.sandro-paris.com/fr/p/pull-en-maille-bimatieres/SFPPU02402_24.html,Pull,F,"[63.921568627450974, -1.0, 0.0]"
2080,https://fr.sandro-paris.com/dw/image/v2/BCMW_PRD/on/demandware.static/-/Sites-master-catalog/default/dw365b4981/images/packshot/Sandro_SFPPU02402-24_F_P.jpg?sw=650&sh=650,-,Pull en maille bimatières,https://fr.sandro-paris.com/fr/p/pull-en-maille-bimatieres/SFPPU02402_24.html,Pull,F,"[91.76470588235294, -1.0, 2.0]"
2081,https://fr.sandro-paris.com/dw/image/v2/BCMW_PRD/on/demandware.static/-/Sites-master-catalog/default/dw06e91a77/images/packshot/Sandro_SFPSW00558-20_V_P.jpg?sw=650&sh=650,-,Sweatshirt bijou,https://fr.sandro-paris.com/fr/p/sweatshirt-bijou/SFPSW00558_20.html,Hoodie,F,"[8.235294117647058, 0.0, 0.0]"
2082,https://fr.sandro-paris.com/dw/image/v2/BCMW_PRD/on/demandware.static/-/Sites-master-catalog/default/dw3cca5589/images/packshot/Sandro_SFPCA01131-20_F_P.jpg?sw=650&sh=650,-,Cardigan court en maille velours strassé,https://fr.sandro-paris.com/fr/p/cardigan-court-en-maille-velours-strasse/SFPCA01131_20.html,Cardigan,F,"[6.2745098039215685, 0.0, -1.0]"
2083,https://fr.sandro-paris.com/dw/image/v2/BCMW_PRD/on/demandware.static/-/Sites-master-catalog/default/dwf34e9649/images/packshot/Sandro_SFPPU02481-30_F_P.jpg?sw=650&sh=650,-,Pull à col boutonné,https://fr.sandro-paris.com/fr/p/pull-a-col-boutonne/SFPPU02481_30.html,Pull,F,"[38.03921568627451, 60.0, 41.0]"
2084,https://fr.sandro-paris.com/dw/image/v2/BCMW_PRD/on/demandware.static/-/Sites-master-catalog/default/dwf34e9649/images/packshot/Sandro_SFPPU02481-30_F_P.jpg?sw=650&sh=650,-,Pull à col boutonné,https://fr.sandro-paris.com/fr/p/pull-a-col-boutonne/SFPPU02481_30.html,Pull,F,"[32.94117647058823, 55.0, 38.0]"
2085,https://fr.sandro-paris.com/dw/image/v2/BCMW_PRD/on/demandware.static/-/Sites-master-catalog/default/dwcb170337/images/packshot/Sandro_SFPCA00764-20_V_P.jpg?sw=650&sh=650,-,Cardigan bicolore à boutons,https://fr.sandro-paris.com/fr/p/cardigan-bicolore-a-boutons/SFPCA00764_20.html,Cardigan,F,"[7.450980392156863, 0.0, 2.0]"
2086,https://fr.sandro-paris.com/dw/image/v2/BCMW_PRD/on/demandware.static/-/Sites-master-catalog/default/dwcb170337/images/packshot/Sandro_SFPCA00764-20_V_P.jpg?sw=650&sh=650,-,Cardigan bicolore à boutons,https://fr.sandro-paris.com/fr/p/cardigan-bicolore-a-boutons/SFPCA00764_20.html,Cardigan,F,"[90.19607843137256, 0.0, 8.0]"
2087,https://fr.sandro-paris.com/dw/image/v2/BCMW_PRD/on/demandware.static/-/Sites-master-catalog/default/dw8f4c2124/images/packshot/Sandro_SFPPU02345-11_F_P.jpg?sw=650&sh=650,-,Pull trompe l'œil en laine,https://fr.sandro-paris.com/fr/p/pull-trompe-l--il-en-laine/SFPPU02345_11.html,Pull,F,"[91.37254901960785, 1.0, 6.0]"
2088,https://fr.sandro-paris.com/dw/image/v2/BCMW_PRD/on/demandware.static/-/Sites-master-catalog/default/dwa766fc12/images/packshot/Sandro_SFPPU02412-24_F_P.jpg?sw=650&sh=650,-,Pull à col volanté,https://fr.sandro-paris.com/fr/p/pull-a-col-volante/SFPPU02412_24.html,Pull,F,"[69.80392156862744, 0.0, 2.0]"
2089,https://fr.sandro-paris.com/dw/image/v2/BCMW_PRD/on/demandware.static/-/Sites-master-catalog/default/dw65aa202c/images/packshot/Sandro_SFPSW00707-34_F_P.jpg?sw=650&sh=650,-,Blouson sweatshirt à capuche,https://fr.sandro-paris.com/fr/p/blouson-sweatshirt-a-capuche/SFPSW00707_34.html,Blouson,F,"[18.03921568627451, 6.0, 2.0]"
2090,https://fr.sandro-paris.com/dw/image/v2/BCMW_PRD/on/demandware.static/-/Sites-master-catalog/default/dwf1d3eb7a/images/packshot/Sandro_SFPCA00822-24_V_P.jpg?sw=650&sh=650,-,Cardicoat court,https://fr.sandro-paris.com/fr/p/cardicoat-court/SFPCA00822_24.html,Veste,F,"[69.80392156862744, 1.0, 3.0]"
2091,https://fr.sandro-paris.com/dw/image/v2/BCMW_PRD/on/demandware.static/-/Sites-master-catalog/default/dw7509a8ae/images/packshot/Sandro_SFPCA01138-24_F_P.jpg?sw=650&sh=650,-,Cardigan court,https://fr.sandro-paris.com/fr/p/cardigan-court/SFPCA01138_24.html,Cardigan,F,"[76.07843137254902, 0.0, 2.0]"
2092,https://fr.sandro-paris.com/dw/image/v2/BCMW_PRD/on/demandware.static/-/Sites-master-catalog/default/dw7509a8ae/images/packshot/Sandro_SFPCA01138-24_F_P.jpg?sw=650&sh=650,-,Cardigan court,https://fr.sandro-paris.com/fr/p/cardigan-court/SFPCA01138_24.html,Cardigan,F,"[70.98039215686275, 0.0, 2.0]"
2093,https://fr.sandro-paris.com/dw/image/v2/BCMW_PRD/on/demandware.static/-/Sites-master-catalog/default/dw522ee9e9/images/packshot/Sandro_SFPCA01093-20_F_P.jpg?sw=650&sh=650,-,Cardigan court,https://fr.sandro-paris.com/fr/p/cardigan-court/SFPCA01093_20.html,Cardigan,F,"[7.0588235294117645, 0.0, 0.0]"
2094,https://fr.sandro-paris.com/dw/image/v2/BCMW_PRD/on/demandware.static/-/Sites-master-catalog/default/dw1634b9d4/images/packshot/Sandro_SFPPU02396-11_F_P.jpg?sw=650&sh=650,-,Pull court à liseré contrasté,https://fr.sandro-paris.com/fr/p/pull-court-a-lisere-contraste/SFPPU02396_11.html,Pull,F,"[92.54901960784314, 0.0, 8.0]"
2095,https://fr.sandro-paris.com/dw/image/v2/BCMW_PRD/on/demandware.static/-/Sites-master-catalog/default/dw6cbefbab/images/packshot/Sandro_SFPPU02412-44_F_P.jpg?sw=650&sh=650,-,Pull à col volanté,https://fr.sandro-paris.com/fr/p/pull-a-col-volante/SFPPU02412_44.html,Pull,F,"[2.7450980392156863, 10.0, -13.0]"
2096,https://fr.sandro-paris.com/dw/image/v2/BCMW_PRD/on/demandware.static/-/Sites-master-catalog/default/dw9bc52c55/images/packshot/Sandro_SFPCA01123-16_F_P.jpg?sw=650&sh=650,-,Cardigan à point fantaisie,https://fr.sandro-paris.com/fr/p/cardigan-a-point-fantaisie/SFPCA01123_16.html,Cardigan,F,"[76.47058823529412, 3.0, 10.0]"
2097,https://fr.sandro-paris.com/dw/image/v2/BCMW_PRD/on/demandware.static/-/Sites-master-catalog/default/dw9bc52c55/images/packshot/Sandro_SFPCA01123-16_F_P.jpg?sw=650&sh=650,-,Cardigan à point fantaisie,https://fr.sandro-paris.com/fr/p/cardigan-a-point-fantaisie/SFPCA01123_16.html,Cardigan,F,"[69.80392156862744, 4.0, 10.0]"
2098,https://fr.sandro-paris.com/dw/image/v2/BCMW_PRD/on/demandware.static/-/Sites-master-catalog/default/dwce930463/images/packshot/Sandro_SFPSW00714-24_F_P.jpg?sw=650&sh=650,-,Sweatshirt trompe l'œil,https://fr.sandro-paris.com/fr/p/sweatshirt-trompe-l--il/SFPSW00714_24.html,Hoodie,F,"[72.15686274509804, 0.0, 1.0]"
2099,https://fr.sandro-paris.com/dw/image/v2/BCMW_PRD/on/demandware.static/-/Sites-master-catalog/default/dwce930463/images/packshot/Sandro_SFPSW00714-24_F_P.jpg?sw=650&sh=650,-,Sweatshirt trompe l'œil,https://fr.sandro-paris.com/fr/p/sweatshirt-trompe-l--il/SFPSW00714_24.html,Hoodie,F,"[89.80392156862746, 1.0, 0.0]"
2100,https://fr.sandro-paris.com/dw/image/v2/BCMW_PRD/on/demandware.static/-/Sites-master-catalog/default/dwe1a55192/images/packshot/Sandro_SFPPU02383-24_F_P.jpg?sw=650&sh=650,-,Pull à double col,https://fr.sandro-paris.com/fr/p/pull-a-double-col/SFPPU02383_24.html,Pull,F,"[56.470588235294116, 1.0, 0.0]"
2101,https://fr.sandro-paris.com/dw/image/v2/BCMW_PRD/on/demandware.static/-/Sites-master-catalog/default/dwd74530c9/images/packshot/Sandro_SFPCA01022-20_F_P.jpg?sw=650&sh=650,-,Cardigan à strass,https://fr.sandro-paris.com/fr/p/cardigan-a-strass/SFPCA01022_20.html,Cardigan,F,"[5.490196078431373, 0.0, -2.0]"
2102,https://fr.sandro-paris.com/dw/image/v2/BCMW_PRD/on/demandware.static/-/Sites-master-catalog/default/dw791bcd7b/images/packshot/Sandro_SFPPU02496-11_F_P.jpg?sw=650&sh=650,-,Pull à col vareuse rayé,https://fr.sandro-paris.com/fr/p/pull-a-col-vareuse-raye/SFPPU02496_11.html,Pull,F,"[90.58823529411765, 0.0, 7.0]"
2103,https://fr.sandro-paris.com/dw/image/v2/BCMW_PRD/on/demandware.static/-/Sites-master-catalog/default/dw94d22b8c/images/packshot/Sandro_SFPSW00719-47_F_P.jpg?sw=650&sh=650,-,Sweatshirt brodé France,https://fr.sandro-paris.com/fr/p/sweatshirt-brode-france/SFPSW00719_47.html,Hoodie,F,"[29.01960784313726, 21.0, -49.0]"
2104,https://fr.sandro-paris.com/dw/image/v2/BCMW_PRD/on/demandware.static/-/Sites-master-catalog/default/dw9860238d/images/packshot/Sandro_SFPCA01083-20_F_P.jpg?sw=650&sh=650,-,Cardigan court en maille velours,https://fr.sandro-paris.com/fr/p/cardigan-court-en-maille-velours/SFPCA01083_20.html,Cardigan,F,"[5.490196078431373, 2.0, -2.0]"
2105,https://fr.sandro-paris.com/dw/image/v2/BCMW_PRD/on/demandware.static/-/Sites-master-catalog/default/dw8c58613d/images/packshot/Sandro_SFPPU02389-44_F_P.jpg?sw=650&sh=650,-,Pull en maille à côtes,https://fr.sandro-paris.com/fr/p/pull-en-maille-a-cotes/SFPPU02389_44.html,Pull,F,"[7.0588235294117645, 4.0, -10.0]"
2106,https://fr.sandro-paris.com/dw/image/v2/BCMW_PRD/on/demandware.static/-/Sites-master-catalog/default/dw7ecef1c5/images/packshot/Sandro_SFPPU02470-11_F_P.jpg?sw=650&sh=650,-,Pull col polo,https://fr.sandro-paris.com/fr/p/pull-col-polo-/SFPPU02470_11.html,Pull,F,"[89.80392156862746, 0.0, 6.0]"
2107,https://fr.sandro-paris.com/dw/image/v2/BCMW_PRD/on/demandware.static/-/Sites-master-catalog/default/dw7ecef1c5/images/packshot/Sandro_SFPPU02470-11_F_P.jpg?sw=650&sh=650,-,Pull col polo,https://fr.sandro-paris.com/fr/p/pull-col-polo-/SFPPU02470_11.html,Pull,F,"[88.23529411764706, 1.0, 7.0]"
2108,https://fr.sandro-paris.com/dw/image/v2/BCMW_PRD/on/demandware.static/-/Sites-master-catalog/default/dw10d4fb1c/images/packshot/Sandro_SFPCA01026-24_F_P.jpg?sw=650&sh=650,-,Cardigan à col chemise amovible,https://fr.sandro-paris.com/fr/p/cardigan-a-col-chemise-amovible/SFPCA01026_24.html,Cardigan,F,"[66.27450980392156, 0.0, 0.0]"
2109,https://fr.sandro-paris.com/dw/image/v2/BCMW_PRD/on/demandware.static/-/Sites-master-catalog/default/dw10d4fb1c/images/packshot/Sandro_SFPCA01026-24_F_P.jpg?sw=650&sh=650,-,Cardigan à col chemise amovible,https://fr.sandro-paris.com/fr/p/cardigan-a-col-chemise-amovible/SFPCA01026_24.html,Cardigan,F,"[85.49019607843137, 1.0, -11.0]"
2110,https://fr.sandro-paris.com/dw/image/v2/BCMW_PRD/on/demandware.static/-/Sites-master-catalog/default/dwa029ca23/images/packshot/Sandro_SFPSW00674-24_F_P.jpg?sw=650&sh=650,-,Sweatshirt à col bijoux,https://fr.sandro-paris.com/fr/p/sweatshirt-a-col-bijoux-/SFPSW00674_24.html,Hoodie,F,"[43.529411764705884, 0.0, 0.0]"
2111,https://fr.sandro-paris.com/dw/image/v2/BCMW_PRD/on/demandware.static/-/Sites-master-catalog/default/dwa029ca23/images/packshot/Sandro_SFPSW00674-24_F_P.jpg?sw=650&sh=650,-,Sweatshirt à col bijoux,https://fr.sandro-paris.com/fr/p/sweatshirt-a-col-bijoux-/SFPSW00674_24.html,Hoodie,F,"[33.33333333333333, 0.0, 0.0]"
2112,https://fr.sandro-paris.com/dw/image/v2/BCMW_PRD/on/demandware.static/-/Sites-master-catalog/default/dw6c76e06e/images/packshot/Sandro_SFPCA01045-24_F_P.jpg?sw=650&sh=650,-,Cardicoat en maille et jean,https://fr.sandro-paris.com/fr/p/cardicoat-en-maille-et-jean/SFPCA01045_24.html,Veste,F,"[41.17647058823529, -1.0, -1.0]"
2113,https://fr.sandro-paris.com/dw/image/v2/BCMW_PRD/on/demandware.static/-/Sites-master-catalog/default/dw6c76e06e/images/packshot/Sandro_SFPCA01045-24_F_P.jpg?sw=650&sh=650,-,Cardicoat en maille et jean,https://fr.sandro-paris.com/fr/p/cardicoat-en-maille-et-jean/SFPCA01045_24.html,Veste,F,"[21.176470588235293, 0.0, -15.0]"
2114,https://fr.sandro-paris.com/dw/image/v2/BCMW_PRD/on/demandware.static/-/Sites-master-catalog/default/dw8c2c1553/images/packshot/Sandro_SFPCA01025-30_F_P.jpg?sw=650&sh=650,-,Cardigan à volants,https://fr.sandro-paris.com/fr/p/cardigan-a-volants/SFPCA01025_30.html,Cardigan,F,"[37.64705882352941, 62.0, 46.0]"
2115,https://fr.sandro-paris.com/dw/image/v2/BCMW_PRD/on/demandware.static/-/Sites-master-catalog/default/dw1e0ae651/images/packshot/Sandro_SFPPU02313-30_F_P.jpg?sw=650&sh=650,-,Top en maille à volants,https://fr.sandro-paris.com/fr/p/top-en-maille-a-volants/SFPPU02313_30.html,top,F,"[35.68627450980392, 60.0, 44.0]"
2116,https://fr.sandro-paris.com/dw/image/v2/BCMW_PRD/on/demandware.static/-/Sites-master-catalog/default/dwa3493de6/images/packshot/Sandro_SFPCA01107-20_F_P.jpg?sw=650&sh=650,-,Cardigan en maille velours pailletée,https://fr.sandro-paris.com/fr/p/cardigan-en-maille-velours-pailletee/SFPCA01107_20.html,Cardigan,F,"[5.88235294117647, 0.0, 0.0]"
2117,https://fr.sandro-paris.com/dw/image/v2/BCMW_PRD/on/demandware.static/-/Sites-master-catalog/default/dw3d8641cb/images/packshot/Sandro_SFPPU02441-20_F_P.jpg?sw=650&sh=650,-,Top en maille à col bijoux,https://fr.sandro-paris.com/fr/p/top-en-maille-a-col-bijoux/SFPPU02441_20.html,top,F,"[6.2745098039215685, 0.0, 0.0]"
2118,https://fr.sandro-paris.com/dw/image/v2/BCMW_PRD/on/demandware.static/-/Sites-master-catalog/default/dw8fc07fdb/images/packshot/Sandro_SFPCA01000-44_F_P.jpg?sw=650&sh=650,-,Cardigan en maille côtelée,https://fr.sandro-paris.com/fr/p/cardigan-en-maille-cotelee/SFPCA01000_44.html,Cardigan,F,"[7.0588235294117645, 4.0, -9.0]"
2119,https://fr.sandro-paris.com/dw/image/v2/BCMW_PRD/on/demandware.static/-/Sites-master-catalog/default/dw1af69d70/images/packshot/Sandro_SFPPU02445-84_F_P.jpg?sw=650&sh=650,-,Pull en maille côtelée,https://fr.sandro-paris.com/fr/p/pull-en-maille-cotelee/SFPPU02445_84.html,Pull,F,"[55.68627450980392, 8.0, 15.0]"
2120,https://fr.sandro-paris.com/dw/image/v2/BCMW_PRD/on/demandware.static/-/Sites-master-catalog/default/dwc1858f80/images/packshot/Sandro_SFPCA01048-11_F_P.jpg?sw=650&sh=650,-,Cardigan court à volants,https://fr.sandro-paris.com/fr/p/cardigan-court-a-volants/SFPCA01048_11.html,Cardigan,F,"[92.94117647058823, 1.0, 6.0]"
2121,https://fr.sandro-paris.com/dw/image/v2/BCMW_PRD/on/demandware.static/-/Sites-master-catalog/default/dw2824536c/images/packshot/Sandro_SFPPU02414-24_F_P.jpg?sw=650&sh=650,-,Top court en maille sans manches,https://fr.sandro-paris.com/fr/p/top-court-en-maille-sans-manches/SFPPU02414_24.html,top,F,"[72.15686274509804, 0.0, 0.0]"
2122,https://fr.sandro-paris.com/dw/image/v2/BCMW_PRD/on/demandware.static/-/Sites-master-catalog/default/dw2824536c/images/packshot/Sandro_SFPPU02414-24_F_P.jpg?sw=650&sh=650,-,Top court en maille sans manches,https://fr.sandro-paris.com/fr/p/top-court-en-maille-sans-manches/SFPPU02414_24.html,top,F,"[67.45098039215686, 0.0, -1.0]"
2123,https://fr.sandro-paris.com/dw/image/v2/BCMW_PRD/on/demandware.static/-/Sites-master-catalog/default/dwdbc5d8df/images/packshot/Sandro_SFPPU02336-44_F_P.jpg?sw=650&sh=650,-,Débardeur à côtes,https://fr.sandro-paris.com/fr/p/debardeur-a-cotes/SFPPU02336_44.html,Débardeur,F,"[18.43137254901961, 5.0, -15.0]"
2124,https://fr.sandro-paris.com/dw/image/v2/BCMW_PRD/on/demandware.static/-/Sites-master-catalog/default/dwdbc5d8df/images/packshot/Sandro_SFPPU02336-44_F_P.jpg?sw=650&sh=650,-,Débardeur à côtes,https://fr.sandro-paris.com/fr/p/debardeur-a-cotes/SFPPU02336_44.html,Débardeur,F,"[90.58823529411765, 0.0, 1.0]"
2125,https://fr.sandro-paris.com/dw/image/v2/BCMW_PRD/on/demandware.static/-/Sites-master-catalog/default/dwb803d77b/images/packshot/Sandro_SFPCA01124-11_F_P.jpg?sw=650&sh=650,-,Cardigan en maille à franges,https://fr.sandro-paris.com/fr/p/cardigan-en-maille-a-franges/SFPCA01124_11.html,Cardigan,F,"[91.76470588235294, 1.0, 9.0]"
2126,https://fr.sandro-paris.com/dw/image/v2/BCMW_PRD/on/demandware.static/-/Sites-master-catalog/default/dwe1022f84/images/packshot/Sandro_SFPCA01102-11_F_P.jpg?sw=650&sh=650,-,Cardigan court en maille duveteuse,https://fr.sandro-paris.com/fr/p/cardigan-court-en-maille-duveteuse/SFPCA01102_11.html,Cardigan,F,"[91.37254901960785, 1.0, 10.0]"
2127,https://fr.sandro-paris.com/dw/image/v2/BCMW_PRD/on/demandware.static/-/Sites-master-catalog/default/dwb8b64cb6/images/packshot/Sandro_SFPSW00692-24_F_P.jpg?sw=650&sh=650,-,Sweatshirt court,https://fr.sandro-paris.com/fr/p/sweatshirt-court/SFPSW00692_24.html,Hoodie,F,"[80.0, -1.0, 1.0]"
2128,https://fr.sandro-paris.com/dw/image/v2/BCMW_PRD/on/demandware.static/-/Sites-master-catalog/default/dwb8b64cb6/images/packshot/Sandro_SFPSW00692-24_F_P.jpg?sw=650&sh=650,-,Sweatshirt court,https://fr.sandro-paris.com/fr/p/sweatshirt-court/SFPSW00692_24.html,Hoodie,F,"[73.33333333333333, -1.0, 1.0]"
2129,https://fr.sandro-paris.com/dw/image/v2/BCMW_PRD/on/demandware.static/-/Sites-master-catalog/default/dwbec5b656/images/packshot/Sandro_SFPPU02330-20_F_P.jpg?sw=650&sh=650,-,Pull court en cachemire et laine,https://fr.sandro-paris.com/fr/p/pull-court-en-cachemire-et-laine-/SFPPU02330_20.html,Pull,F,"[6.2745098039215685, 2.0, -2.0]"
2130,https://fr.sandro-paris.com/dw/image/v2/BCMW_PRD/on/demandware.static/-/Sites-master-catalog/default/dwc69f60ba/images/packshot/Sandro_SFPPU02469-240_F_P.jpg?sw=650&sh=650,-,Pull sans manches,https://fr.sandro-paris.com/fr/p/pull-sans-manches/SFPPU02469_240.html,Pull,F,"[23.137254901960784, 0.0, 0.0]"
2131,https://fr.sandro-paris.com/dw/image/v2/BCMW_PRD/on/demandware.static/-/Sites-master-catalog/default/dw0fb0f246/images/packshot/Sandro_SFPCA01137-13_F_P.jpg?sw=650&sh=650,-,Cardigan 2 en 1 à col volanté,https://fr.sandro-paris.com/fr/p/cardigan-2-en-1-a-col-volante/SFPCA01137_13.html,Cardigan,F,"[41.96078431372549, 10.0, 22.0]"
2132,https://fr.sandro-paris.com/dw/image/v2/BCMW_PRD/on/demandware.static/-/Sites-master-catalog/default/dwd95ca282/images/packshot/Sandro_SFPPU02450-80_F_P.jpg?sw=650&sh=650,-,Pull 2 en 1 en maille torsadée,https://fr.sandro-paris.com/fr/p/pull-2-en-1-en-maille-torsadee/SFPPU02450_80.html,Pull,F,"[14.901960784313726, -13.0, -3.0]"
2133,https://fr.sandro-paris.com/dw/image/v2/BCMW_PRD/on/demandware.static/-/Sites-master-catalog/default/dwadc237be/images/packshot/Sandro_SFPCA00973-D234_V_P.jpg?sw=650&sh=650,-,Cardigan 2 en 1 à col volanté,https://fr.sandro-paris.com/fr/p/cardigan-2-en-1-a-col-volante/SFPCA00973_D234.html,Cardigan,F,"[9.411764705882353, 5.0, -13.0]"
2134,https://fr.sandro-paris.com/dw/image/v2/BCMW_PRD/on/demandware.static/-/Sites-master-catalog/default/dwf084a47f/images/packshot/Sandro_SFPPU02202-20_V_P.jpg?sw=650&sh=650,-,Pull polo en maille,https://fr.sandro-paris.com/fr/p/pull-polo-en-maille/SFPPU02202_20.html,Pull,F,"[7.0588235294117645, 2.0, -3.0]"
2135,https://fr.sandro-paris.com/dw/image/v2/BCMW_PRD/on/demandware.static/-/Sites-master-catalog/default/dwdaee4175/images/packshot/Sandro_SFPCM00010-11_V_P.jpg?sw=650&sh=650,-,Chemise en soie,https://fr.sandro-paris.com/fr/p/chemise-en-soie/SFPCM00010_11.html,chemise,F,"[92.94117647058823, 1.0, 2.0]"
2136,https://fr.sandro-paris.com/dw/image/v2/BCMW_PRD/on/demandware.static/-/Sites-master-catalog/default/dwdaee4175/images/packshot/Sandro_SFPCM00010-11_V_P.jpg?sw=650&sh=650,-,Chemise en soie,https://fr.sandro-paris.com/fr/p/chemise-en-soie/SFPCM00010_11.html,chemise,F,"[89.80392156862746, 1.0, 2.0]"
2137,https://fr.sandro-paris.com/dw/image/v2/BCMW_PRD/on/demandware.static/-/Sites-master-catalog/default/dw811b915c/images/packshot/Sandro_SFPCM01271-10_F_P.jpg?sw=650&sh=650,-,Chemise fluide en soie à bouton bijou,https://fr.sandro-paris.com/fr/p/chemise-fluide-en-soie-a-bouton-bijou/SFPCM01271_10.html,chemise,F,"[94.50980392156862, 1.0, 0.0]"
2138,https://fr.sandro-paris.com/dw/image/v2/BCMW_PRD/on/demandware.static/-/Sites-master-catalog/default/dw9e3d6176/images/packshot/Sandro_SFPCM01236-D190_F_P.jpg?sw=650&sh=650,-,Chemise en soie imprimée,https://fr.sandro-paris.com/fr/p/chemise-en-soie-imprimee/SFPCM01236_D190.html,chemise,F,"[23.137254901960784, 7.0, -13.0]"
2139,https://fr.sandro-paris.com/dw/image/v2/BCMW_PRD/on/demandware.static/-/Sites-master-catalog/default/dw9e3d6176/images/packshot/Sandro_SFPCM01236-D190_F_P.jpg?sw=650&sh=650,-,Chemise en soie imprimée,https://fr.sandro-paris.com/fr/p/chemise-en-soie-imprimee/SFPCM01236_D190.html,chemise,F,"[50.19607843137255, 8.0, -20.0]"
2140,https://fr.sandro-paris.com/dw/image/v2/BCMW_PRD/on/demandware.static/-/Sites-master-catalog/default/dwabe954cb/images/packshot/Sandro_SFPCM00749-10_F_P.jpg?sw=650&sh=650,-,Chemise en coton biologique,https://fr.sandro-paris.com/fr/p/chemise-en-coton-biologique/SFPCM00749_10.html,chemise,F,"[94.50980392156862, -1.0, 2.0]"
2141,https://fr.sandro-paris.com/dw/image/v2/BCMW_PRD/on/demandware.static/-/Sites-master-catalog/default/dw582c58ff/images/packshot/Sandro_SFPCM01209-40_F_P.jpg?sw=650&sh=650,-,Chemise officier en satin,https://fr.sandro-paris.com/fr/p/chemise-officier-en-satin/SFPCM01209_40.html,chemise,F,"[80.0, 1.0, -23.0]"
2142,https://fr.sandro-paris.com/dw/image/v2/BCMW_PRD/on/demandware.static/-/Sites-master-catalog/default/dw2ff59403/images/packshot/Sandro_SFPCM01155-4785_F_P.jpg?sw=650&sh=650,-,Chemise strassée en jean,https://fr.sandro-paris.com/fr/p/chemise-strassee-en-jean/SFPCM01155_4785.html,chemise,F,"[30.19607843137255, -1.0, -26.0]"
2143,https://fr.sandro-paris.com/dw/image/v2/BCMW_PRD/on/demandware.static/-/Sites-master-catalog/default/dw70530856/images/packshot/Sandro_SFPCM01272-10_F_P.jpg?sw=650&sh=650,-,Chemise courte satinée perlée,https://fr.sandro-paris.com/fr/p/chemise-courte-satinee-perlee/SFPCM01272_10.html,chemise,F,"[94.90196078431372, 1.0, 2.0]"
2144,https://fr.sandro-paris.com/dw/image/v2/BCMW_PRD/on/demandware.static/-/Sites-master-catalog/default/dw70530856/images/packshot/Sandro_SFPCM01272-10_F_P.jpg?sw=650&sh=650,-,Chemise courte satinée perlée,https://fr.sandro-paris.com/fr/p/chemise-courte-satinee-perlee/SFPCM01272_10.html,chemise,F,"[90.58823529411765, 1.0, 3.0]"
2145,https://fr.sandro-paris.com/dw/image/v2/BCMW_PRD/on/demandware.static/-/Sites-master-catalog/default/dw23963930/images/packshot/Sandro_SFPCM01239-84_F_P.jpg?sw=650&sh=650,-,Chemise courte strassée,https://fr.sandro-paris.com/fr/p/chemise-courte-strassee/SFPCM01239_84.html,chemise,F,"[60.78431372549019, 5.0, 25.0]"
2146,https://fr.sandro-paris.com/dw/image/v2/BCMW_PRD/on/demandware.static/-/Sites-master-catalog/default/dw98236a45/images/packshot/Sandro_SFPTO00722-13_F_P.jpg?sw=650&sh=650,-,Top en tweed,https://fr.sandro-paris.com/fr/p/top-en-tweed/SFPTO00722_13.html,top,F,"[64.70588235294117, 3.0, 11.0]"
2147,https://fr.sandro-paris.com/dw/image/v2/BCMW_PRD/on/demandware.static/-/Sites-master-catalog/default/dw98236a45/images/packshot/Sandro_SFPTO00722-13_F_P.jpg?sw=650&sh=650,-,Top en tweed,https://fr.sandro-paris.com/fr/p/top-en-tweed/SFPTO00722_13.html,top,F,"[72.94117647058823, 2.0, 10.0]"
2148,https://fr.sandro-paris.com/dw/image/v2/BCMW_PRD/on/demandware.static/-/Sites-master-catalog/default/dw9b86366b/images/packshot/Sandro_SFPCM01215-20_F_P.jpg?sw=650&sh=650,-,Chemise ornée de pastilles,https://fr.sandro-paris.com/fr/p/chemise-ornee-de-pastilles/SFPCM01215_20.html,chemise,F,"[13.725490196078432, 0.0, 0.0]"
2149,https://fr.sandro-paris.com/dw/image/v2/BCMW_PRD/on/demandware.static/-/Sites-master-catalog/default/dwda457308/images/packshot/Sandro_SFPTS01428-240_V_P.jpg?sw=650&sh=650,-,Débardeur emmanchures américaines,https://fr.sandro-paris.com/fr/p/debardeur-emmanchures-americaines/SFPTS01428_240.html,chemise,F,"[28.627450980392155, 0.0, 1.0]"
2150,https://fr.sandro-paris.com/dw/image/v2/BCMW_PRD/on/demandware.static/-/Sites-master-catalog/default/dwb69a1c42/images/packshot/Sandro_SFPCM00903-10_F_P.jpg?sw=650&sh=650,-,Chemise ornée de strass,https://fr.sandro-paris.com/fr/p/chemise-ornee-de-strass/SFPCM00903_10.html,chemise,F,"[94.11764705882352, 0.0, 2.0]"
2151,https://fr.sandro-paris.com/dw/image/v2/BCMW_PRD/on/demandware.static/-/Sites-master-catalog/default/dwb69a1c42/images/packshot/Sandro_SFPCM00903-10_F_P.jpg?sw=650&sh=650,-,Chemise ornée de strass,https://fr.sandro-paris.com/fr/p/chemise-ornee-de-strass/SFPCM00903_10.html,chemise,F,"[90.19607843137256, 0.0, 2.0]"
2152,https://fr.sandro-paris.com/dw/image/v2/BCMW_PRD/on/demandware.static/-/Sites-master-catalog/default/dw72025da5/images/packshot/Sandro_SFPTS00329-10_V_P.jpg?sw=650&sh=650,-,T-shirt orné de strass,https://fr.sandro-paris.com/fr/p/t-shirt-orne-de-strass/SFPTS00329_10.html,t shirt ,F,"[90.19607843137256, 0.0, 0.0]"
2153,https://fr.sandro-paris.com/dw/image/v2/BCMW_PRD/on/demandware.static/-/Sites-master-catalog/default/dw72025da5/images/packshot/Sandro_SFPTS00329-10_V_P.jpg?sw=650&sh=650,-,T-shirt orné de strass,https://fr.sandro-paris.com/fr/p/t-shirt-orne-de-strass/SFPTS00329_10.html,t shirt ,F,"[92.54901960784314, 1.0, 0.0]"
2154,https://fr.sandro-paris.com/dw/image/v2/BCMW_PRD/on/demandware.static/-/Sites-master-catalog/default/dw11ae9314/images/packshot/Sandro_SFPCM01176-47_F_P.jpg?sw=650&sh=650,-,Chemise strassée à manches courtes,https://fr.sandro-paris.com/fr/p/chemise-strassee-a-manches-courtes-/SFPCM01176_47.html,chemise,F,"[79.2156862745098, 0.0, -19.0]"
2155,https://fr.sandro-paris.com/dw/image/v2/BCMW_PRD/on/demandware.static/-/Sites-master-catalog/default/dw11ae9314/images/packshot/Sandro_SFPCM01176-47_F_P.jpg?sw=650&sh=650,-,Chemise strassée à manches courtes,https://fr.sandro-paris.com/fr/p/chemise-strassee-a-manches-courtes-/SFPCM01176_47.html,chemise,F,"[64.31372549019608, 0.0, -21.0]"
2156,https://fr.sandro-paris.com/dw/image/v2/BCMW_PRD/on/demandware.static/-/Sites-master-catalog/default/dw4b268156/images/packshot/Sandro_SFPCM01157-40_F_P.jpg?sw=650&sh=650,-,Chemise à carreaux ornée de studs,https://fr.sandro-paris.com/fr/p/chemise-a-carreaux-ornee-de-studs/SFPCM01157_40.html,chemise,F,"[87.84313725490196, 1.0, -11.0]"
2157,https://fr.sandro-paris.com/dw/image/v2/BCMW_PRD/on/demandware.static/-/Sites-master-catalog/default/dw4b268156/images/packshot/Sandro_SFPCM01157-40_F_P.jpg?sw=650&sh=650,-,Chemise à carreaux ornée de studs,https://fr.sandro-paris.com/fr/p/chemise-a-carreaux-ornee-de-studs/SFPCM01157_40.html,chemise,F,"[83.52941176470588, 2.0, -14.0]"
2158,https://fr.sandro-paris.com/dw/image/v2/BCMW_PRD/on/demandware.static/-/Sites-master-catalog/default/dwf75fe502/images/packshot/Sandro_SFPTS01495-20_F_P.jpg?sw=650&sh=650,-,T-shirt court strassé,https://fr.sandro-paris.com/fr/p/t-shirt-court-strasse/SFPTS01495_20.html,t shirt ,F,"[9.803921568627452, 0.0, -2.0]"
2159,https://fr.sandro-paris.com/dw/image/v2/BCMW_PRD/on/demandware.static/-/Sites-master-catalog/default/dw5c7937e3/images/packshot/Sandro_SFPCM01251-D222_F_P.jpg?sw=650&sh=650,-,Chemise à rayures,https://fr.sandro-paris.com/fr/p/chemise-a-rayures/SFPCM01251_D222.html,chemise,F,"[32.549019607843135, 6.0, -21.0]"
2160,https://fr.sandro-paris.com/dw/image/v2/BCMW_PRD/on/demandware.static/-/Sites-master-catalog/default/dw5c7937e3/images/packshot/Sandro_SFPCM01251-D222_F_P.jpg?sw=650&sh=650,-,Chemise à rayures,https://fr.sandro-paris.com/fr/p/chemise-a-rayures/SFPCM01251_D222.html,chemise,F,"[84.31372549019608, 1.0, -11.0]"
2161,https://fr.sandro-paris.com/dw/image/v2/BCMW_PRD/on/demandware.static/-/Sites-master-catalog/default/dw2ba616d6/images/packshot/Sandro_SFPCM01163-10_F_P.jpg?sw=650&sh=650,-,Chemise courte strassée,https://fr.sandro-paris.com/fr/p/chemise-courte-strassee/SFPCM01163_10.html,chemise,F,"[94.11764705882352, 0.0, 4.0]"
2162,https://fr.sandro-paris.com/dw/image/v2/BCMW_PRD/on/demandware.static/-/Sites-master-catalog/default/dw2ba616d6/images/packshot/Sandro_SFPCM01163-10_F_P.jpg?sw=650&sh=650,-,Chemise courte strassée,https://fr.sandro-paris.com/fr/p/chemise-courte-strassee/SFPCM01163_10.html,chemise,F,"[89.80392156862746, 0.0, 4.0]"
2163,https://fr.sandro-paris.com/dw/image/v2/BCMW_PRD/on/demandware.static/-/Sites-master-catalog/default/dw28037155/images/packshot/Sandro_SFPCM00993-11_V_P.jpg?sw=650&sh=650,-,Chemise courte en soie,https://fr.sandro-paris.com/fr/p/chemise-courte-en-soie/SFPCM00993_11.html,chemise,F,"[94.90196078431372, 0.0, 2.0]"
2164,https://fr.sandro-paris.com/dw/image/v2/BCMW_PRD/on/demandware.static/-/Sites-master-catalog/default/dw31eb75a6/images/packshot/Sandro_SFPCM01165-44_F_P.jpg?sw=650&sh=650,-,Chemise à strass,https://fr.sandro-paris.com/fr/p/chemise-a-strass/SFPCM01165_44.html,chemise,F,"[16.470588235294116, 3.0, -10.0]"
2165,https://fr.sandro-paris.com/dw/image/v2/BCMW_PRD/on/demandware.static/-/Sites-master-catalog/default/dw187ac1a9/images/packshot/Sandro_SFPTS01562-20_F_P.jpg?sw=650&sh=650,-,T-shirt à galon strassé,https://fr.sandro-paris.com/fr/p/t-shirt-a-galon-strasse/SFPTS01562_20.html,t shirt ,F,"[4.705882352941177, 0.0, -2.0]"
2166,https://fr.sandro-paris.com/dw/image/v2/BCMW_PRD/on/demandware.static/-/Sites-master-catalog/default/dwa1ef1f42/images/packshot/Sandro_SFPCM01244-D251_F_P.jpg?sw=650&sh=650,-,Chemise à rayures,https://fr.sandro-paris.com/fr/p/chemise-a-rayures/SFPCM01244_D251.html,chemise,F,"[34.11764705882353, 10.0, -24.0]"
2167,https://fr.sandro-paris.com/dw/image/v2/BCMW_PRD/on/demandware.static/-/Sites-master-catalog/default/dwa1ef1f42/images/packshot/Sandro_SFPCM01244-D251_F_P.jpg?sw=650&sh=650,-,Chemise à rayures,https://fr.sandro-paris.com/fr/p/chemise-a-rayures/SFPCM01244_D251.html,chemise,F,"[59.6078431372549, 6.0, -18.0]"
2168,https://fr.sandro-paris.com/dw/image/v2/BCMW_PRD/on/demandware.static/-/Sites-master-catalog/default/dwd4896332/images/packshot/Sandro_SFPTS01513-D251_F_P.jpg?sw=650&sh=650,-,T-shirt marinière à strass,https://fr.sandro-paris.com/fr/p/t-shirt-mariniere-a-strass/SFPTS01513_D251.html,t shirt ,F,"[91.76470588235294, 0.0, 1.0]"
2169,https://fr.sandro-paris.com/dw/image/v2/BCMW_PRD/on/demandware.static/-/Sites-master-catalog/default/dwd4896332/images/packshot/Sandro_SFPTS01513-D251_F_P.jpg?sw=650&sh=650,-,T-shirt marinière à strass,https://fr.sandro-paris.com/fr/p/t-shirt-mariniere-a-strass/SFPTS01513_D251.html,t shirt ,F,"[24.705882352941178, 2.0, -13.0]"
2170,https://fr.sandro-paris.com/dw/image/v2/BCMW_PRD/on/demandware.static/-/Sites-master-catalog/default/dw29b28dbe/images/packshot/Sandro_SFPTS01498-20_F_P.jpg?sw=650&sh=650,-,T-shirt noué à strass,https://fr.sandro-paris.com/fr/p/t-shirt-noue-a-strass/SFPTS01498_20.html,t shirt ,F,"[9.803921568627452, 0.0, -1.0]"
2171,https://fr.sandro-paris.com/dw/image/v2/BCMW_PRD/on/demandware.static/-/Sites-master-catalog/default/dwb00b9f79/images/packshot/Sandro_SFPCM01259-13_F_P.jpg?sw=650&sh=650,-,Chemise à poches,https://fr.sandro-paris.com/fr/p/chemise-a-poches/SFPCM01259_13.html,chemise,F,"[63.921568627450974, 6.0, 26.0]"
2172,https://fr.sandro-paris.com/dw/image/v2/BCMW_PRD/on/demandware.static/-/Sites-master-catalog/default/dw0514a18e/images/packshot/Sandro_SFPBD00017-20_F_P.jpg?sw=650&sh=650,-,Body en maille,https://fr.sandro-paris.com/fr/p/body-en-maille/SFPBD00017_20.html,chemise,F,"[13.333333333333334, 1.0, -1.0]"
2173,https://fr.sandro-paris.com/dw/image/v2/BCMW_PRD/on/demandware.static/-/Sites-master-catalog/default/dwb75b4dce/images/packshot/Sandro_SFPCM01151-40_F_P.jpg?sw=650&sh=650,-,Chemise courte à col bijou,https://fr.sandro-paris.com/fr/p/chemise-courte-a-col-bijou/SFPCM01151_40.html,body,F,"[88.23529411764706, 1.0, -7.0]"
2174,https://fr.sandro-paris.com/dw/image/v2/BCMW_PRD/on/demandware.static/-/Sites-master-catalog/default/dw9eb8249e/images/packshot/Sandro_SFPTS01495-10_F_P.jpg?sw=650&sh=650,-,T-shirt court strassé,https://fr.sandro-paris.com/fr/p/t-shirt-court-strasse/SFPTS01495_10.html,t shirt ,F,"[93.72549019607843, 1.0, -2.0]"
2175,https://fr.sandro-paris.com/dw/image/v2/BCMW_PRD/on/demandware.static/-/Sites-master-catalog/default/dw819e4fd0/images/packshot/Sandro_SFPBD00006-24_F_P.jpg?sw=650&sh=650,-,Body à épaule strassée,https://fr.sandro-paris.com/fr/p/body-a-epaule-strassee/SFPBD00006_24.html,body,F,"[37.254901960784316, 0.0, 0.0]"
2176,https://fr.sandro-paris.com/dw/image/v2/BCMW_PRD/on/demandware.static/-/Sites-master-catalog/default/dw819e4fd0/images/packshot/Sandro_SFPBD00006-24_F_P.jpg?sw=650&sh=650,-,Body à épaule strassée,https://fr.sandro-paris.com/fr/p/body-a-epaule-strassee/SFPBD00006_24.html,body,F,"[27.058823529411764, -1.0, 0.0]"
2177,https://fr.sandro-paris.com/dw/image/v2/BCMW_PRD/on/demandware.static/-/Sites-master-catalog/default/dwa115c6d3/images/packshot/Sandro_SFPTS01492-24_F_P.jpg?sw=650&sh=650,-,T-shirt court à strass,https://fr.sandro-paris.com/fr/p/t-shirt-court-a-strass/SFPTS01492_24.html,t shirt ,F,"[27.84313725490196, 1.0, 1.0]"
2178,https://fr.sandro-paris.com/dw/image/v2/BCMW_PRD/on/demandware.static/-/Sites-master-catalog/default/dwa115c6d3/images/packshot/Sandro_SFPTS01492-24_F_P.jpg?sw=650&sh=650,-,T-shirt court à strass,https://fr.sandro-paris.com/fr/p/t-shirt-court-a-strass/SFPTS01492_24.html,t shirt ,F,"[38.03921568627451, 0.0, 1.0]"
2179,https://fr.sandro-paris.com/dw/image/v2/BCMW_PRD/on/demandware.static/-/Sites-master-catalog/default/dwba5e0a9c/images/packshot/Sandro_SFPCM01198-40_F_P.jpg?sw=650&sh=650,-,Chemise goutte strass,https://fr.sandro-paris.com/fr/p/chemise-goutte-strass/SFPCM01198_40.html,chemise,F,"[88.62745098039215, -2.0, -14.0]"
2180,https://fr.sandro-paris.com/dw/image/v2/BCMW_PRD/on/demandware.static/-/Sites-master-catalog/default/dw47ef23a5/images/packshot/Sandro_SFPCM01204-E174_F_P.jpg?sw=650&sh=650,-,Chemise courte en soie imprimée,https://fr.sandro-paris.com/fr/p/chemise-courte-en-soie-imprimee-/SFPCM01204_E174.html,chemise,F,"[76.47058823529412, -2.0, 38.0]"
2181,https://fr.sandro-paris.com/dw/image/v2/BCMW_PRD/on/demandware.static/-/Sites-master-catalog/default/dw47ef23a5/images/packshot/Sandro_SFPCM01204-E174_F_P.jpg?sw=650&sh=650,-,Chemise courte en soie imprimée,https://fr.sandro-paris.com/fr/p/chemise-courte-en-soie-imprimee-/SFPCM01204_E174.html,chemise,F,"[89.41176470588236, 0.0, 5.0]"
2182,https://fr.sandro-paris.com/dw/image/v2/BCMW_PRD/on/demandware.static/-/Sites-master-catalog/default/dw3cb6d584/images/packshot/Sandro_SFPTS01546-20_F_P.jpg?sw=650&sh=650,-,Top smocké à col contrasté,https://fr.sandro-paris.com/fr/p/top-smocke-a-col-contraste/SFPTS01546_20.html,top,F,"[4.705882352941177, 0.0, 0.0]"
2183,https://fr.sandro-paris.com/dw/image/v2/BCMW_PRD/on/demandware.static/-/Sites-master-catalog/default/dw5a1a74c8/images/packshot/Sandro_SFPCM01273-G023_F_P.jpg?sw=650&sh=650,-,Chemise oversize,https://fr.sandro-paris.com/fr/p/chemise-oversize/SFPCM01273_G023.html,chemise,F,"[30.980392156862745, 11.0, 17.0]"
2184,https://fr.sandro-paris.com/dw/image/v2/BCMW_PRD/on/demandware.static/-/Sites-master-catalog/default/dw5a1a74c8/images/packshot/Sandro_SFPCM01273-G023_F_P.jpg?sw=650&sh=650,-,Chemise oversize,https://fr.sandro-paris.com/fr/p/chemise-oversize/SFPCM01273_G023.html,chemise,F,"[50.19607843137255, 10.0, 17.0]"
2185,https://fr.sandro-paris.com/dw/image/v2/BCMW_PRD/on/demandware.static/-/Sites-master-catalog/default/dwdc12bed1/images/packshot/Sandro_SFPTO00702-20_F_P.jpg?sw=650&sh=650,-,Top court à strass,https://fr.sandro-paris.com/fr/p/top-court-a-strass/SFPTO00702_20.html,top,F,"[9.411764705882353, 2.0, -2.0]"
2186,https://fr.sandro-paris.com/dw/image/v2/BCMW_PRD/on/demandware.static/-/Sites-master-catalog/default/dw851ca55a/images/packshot/Sandro_SFPCM01256-16_F_P.jpg?sw=650&sh=650,-,Chemise à carreaux et col bijou,https://fr.sandro-paris.com/fr/p/chemise-a-carreaux-et-col-bijou/SFPCM01256_16.html,chemise,F,"[85.49019607843137, 2.0, 5.0]"
2187,https://fr.sandro-paris.com/dw/image/v2/BCMW_PRD/on/demandware.static/-/Sites-master-catalog/default/dw851ca55a/images/packshot/Sandro_SFPCM01256-16_F_P.jpg?sw=650&sh=650,-,Chemise à carreaux et col bijou,https://fr.sandro-paris.com/fr/p/chemise-a-carreaux-et-col-bijou/SFPCM01256_16.html,chemise,F,"[56.07843137254902, 2.0, 7.0]"
2188,https://fr.sandro-paris.com/dw/image/v2/BCMW_PRD/on/demandware.static/-/Sites-master-catalog/default/dw851ca55a/images/packshot/Sandro_SFPCM01256-16_F_P.jpg?sw=650&sh=650,-,Chemise à carreaux et col bijou,https://fr.sandro-paris.com/fr/p/chemise-a-carreaux-et-col-bijou/SFPCM01256_16.html,chemise,F,"[23.92156862745098, 1.0, 5.0]"
2189,https://fr.sandro-paris.com/dw/image/v2/BCMW_PRD/on/demandware.static/-/Sites-master-catalog/default/dw48f64d08/images/packshot/Sandro_SFPCM01143-406_F_P.jpg?sw=650&sh=650,-,Chemise courte à carreaux,https://fr.sandro-paris.com/fr/p/chemise-courte-a-carreaux/SFPCM01143_406.html,chemise,F,"[43.92156862745098, 9.0, -37.0]"
2190,https://fr.sandro-paris.com/dw/image/v2/BCMW_PRD/on/demandware.static/-/Sites-master-catalog/default/dw48f64d08/images/packshot/Sandro_SFPCM01143-406_F_P.jpg?sw=650&sh=650,-,Chemise courte à carreaux,https://fr.sandro-paris.com/fr/p/chemise-courte-a-carreaux/SFPCM01143_406.html,chemise,F,"[65.88235294117646, 4.0, -24.0]"
2191,https://fr.sandro-paris.com/dw/image/v2/BCMW_PRD/on/demandware.static/-/Sites-master-catalog/default/dw48f64d08/images/packshot/Sandro_SFPCM01143-406_F_P.jpg?sw=650&sh=650,-,Chemise courte à carreaux,https://fr.sandro-paris.com/fr/p/chemise-courte-a-carreaux/SFPCM01143_406.html,chemise,F,"[88.62745098039215, 1.0, -3.0]"
2192,https://fr.sandro-paris.com/dw/image/v2/BCMW_PRD/on/demandware.static/-/Sites-master-catalog/default/dw9a583e87/images/packshot/Sandro_SFPTS01511-D251_F_P.jpg?sw=650&sh=650,-,T-shirt rayé à strass,https://fr.sandro-paris.com/fr/p/t-shirt-raye-a-strass/SFPTS01511_D251.html,t shirt ,F,"[91.76470588235294, -1.0, 6.0]"
2193,https://fr.sandro-paris.com/dw/image/v2/BCMW_PRD/on/demandware.static/-/Sites-master-catalog/default/dw9a583e87/images/packshot/Sandro_SFPTS01511-D251_F_P.jpg?sw=650&sh=650,-,T-shirt rayé à strass,https://fr.sandro-paris.com/fr/p/t-shirt-raye-a-strass/SFPTS01511_D251.html,t shirt ,F,"[21.96078431372549, 2.0, -5.0]"
2194,https://fr.sandro-paris.com/dw/image/v2/BCMW_PRD/on/demandware.static/-/Sites-master-catalog/default/dw399ce9ba/images/packshot/Sandro_SFPTO00705-40_F_P.jpg?sw=650&sh=650,-,Top imprimé à liens,https://fr.sandro-paris.com/fr/p/top-imprime-a-liens/SFPTO00705_40.html,top,F,"[77.25490196078432, 0.0, -19.0]"
2195,https://fr.sandro-paris.com/dw/image/v2/BCMW_PRD/on/demandware.static/-/Sites-master-catalog/default/dw399ce9ba/images/packshot/Sandro_SFPTO00705-40_F_P.jpg?sw=650&sh=650,-,Top imprimé à liens,https://fr.sandro-paris.com/fr/p/top-imprime-a-liens/SFPTO00705_40.html,top,F,"[89.80392156862746, 0.0, -1.0]"
2196,https://fr.sandro-paris.com/dw/image/v2/BCMW_PRD/on/demandware.static/-/Sites-master-catalog/default/dw399ce9ba/images/packshot/Sandro_SFPTO00705-40_F_P.jpg?sw=650&sh=650,-,Top imprimé à liens,https://fr.sandro-paris.com/fr/p/top-imprime-a-liens/SFPTO00705_40.html,top,F,"[59.6078431372549, 2.0, -20.0]"
2197,https://fr.sandro-paris.com/dw/image/v2/BCMW_PRD/on/demandware.static/-/Sites-master-catalog/default/dw8fde821d/images/packshot/Sandro_SFPTS01545-20_F_P.jpg?sw=650&sh=650,-,T-shirt court orné de perles,https://fr.sandro-paris.com/fr/p/t-shirt-court-orne-de-perles/SFPTS01545_20.html,t shirt ,F,"[14.901960784313726, 1.0, -1.0]"
2198,https://fr.sandro-paris.com/dw/image/v2/BCMW_PRD/on/demandware.static/-/Sites-master-catalog/default/dw0e6ecc6f/images/packshot/Sandro_SFPTS01529-A265_F_P.jpg?sw=650&sh=650,-,T-shirt smocké à pois,https://fr.sandro-paris.com/fr/p/t-shirt-smocke-a-pois/SFPTS01529_A265.html,t shirt ,F,"[89.01960784313725, 1.0, 5.0]"
2199,https://fr.sandro-paris.com/dw/image/v2/BCMW_PRD/on/demandware.static/-/Sites-master-catalog/default/dw8fa76eda/images/packshot/Sandro_SFPTS01543-10_F_P.jpg?sw=650&sh=650,-,T-shirt court,https://fr.sandro-paris.com/fr/p/t-shirt-court/SFPTS01543_10.html,t shirt ,F,"[94.11764705882352, 0.0, -1.0]"
2200,https://fr.sandro-paris.com/dw/image/v2/BCMW_PRD/on/demandware.static/-/Sites-master-catalog/default/dw7a549c7b/images/packshot/Sandro_SFPCM01243-10_F_P.jpg?sw=650&sh=650,-,Chemise à manches volumineuses,https://fr.sandro-paris.com/fr/p/chemise-a-manches-volumineuses/SFPCM01243_10.html,chemise,F,"[93.33333333333333, 0.0, 0.0]"
2201,https://fr.sandro-paris.com/dw/image/v2/BCMW_PRD/on/demandware.static/-/Sites-master-catalog/default/dw7a549c7b/images/packshot/Sandro_SFPCM01243-10_F_P.jpg?sw=650&sh=650,-,Chemise à manches volumineuses,https://fr.sandro-paris.com/fr/p/chemise-a-manches-volumineuses/SFPCM01243_10.html,chemise,F,"[91.37254901960785, 0.0, 1.0]"
2202,https://fr.sandro-paris.com/dw/image/v2/BCMW_PRD/on/demandware.static/-/Sites-master-catalog/default/dwfb817ee5/images/packshot/Sandro_SFPCM01160-20_F_P.jpg?sw=650&sh=650,-,Chemise courte à strass,https://fr.sandro-paris.com/fr/p/chemise-courte-a-strass/SFPCM01160_20.html,chemise,F,"[85.88235294117646, 1.0, -1.0]"
2203,https://fr.sandro-paris.com/dw/image/v2/BCMW_PRD/on/demandware.static/-/Sites-master-catalog/default/dwfb817ee5/images/packshot/Sandro_SFPCM01160-20_F_P.jpg?sw=650&sh=650,-,Chemise courte à strass,https://fr.sandro-paris.com/fr/p/chemise-courte-a-strass/SFPCM01160_20.html,chemise,F,"[60.0, 1.0, -2.0]"
2204,https://fr.sandro-paris.com/dw/image/v2/BCMW_PRD/on/demandware.static/-/Sites-master-catalog/default/dwfb817ee5/images/packshot/Sandro_SFPCM01160-20_F_P.jpg?sw=650&sh=650,-,Chemise courte à strass,https://fr.sandro-paris.com/fr/p/chemise-courte-a-strass/SFPCM01160_20.html,chemise,F,"[31.76470588235294, 2.0, -3.0]"
2205,https://fr.sandro-paris.com/dw/image/v2/BCMW_PRD/on/demandware.static/-/Sites-master-catalog/default/dwdc07cb79/images/packshot/Sandro_SFPCM01156-D324_F_P.jpg?sw=650&sh=650,-,Chemise en jean,https://fr.sandro-paris.com/fr/p/chemise-en-jean/SFPCM01156_D324.html,chemise,F,"[20.0, 3.0, -7.0]"
2206,https://fr.sandro-paris.com/dw/image/v2/BCMW_PRD/on/demandware.static/-/Sites-master-catalog/default/dwf76f7666/images/packshot/Sandro_SFPBD00011-4785_F_P.jpg?sw=650&sh=650,-,Chemise body en jean,https://fr.sandro-paris.com/fr/p/chemise-body-en-jean/SFPBD00011_4785.html,chemise,F,"[37.64705882352941, -1.0, -26.0]"
2207,https://fr.sandro-paris.com/dw/image/v2/BCMW_PRD/on/demandware.static/-/Sites-master-catalog/default/dw5fc20f92/images/packshot/Sandro_SFPTO00700-11_F_P.jpg?sw=650&sh=650,-,Top en satin orné de strass,https://fr.sandro-paris.com/fr/p/top-en-satin-orne-de-strass/SFPTO00700_11.html,top,F,"[94.50980392156862, 1.0, 4.0]"
2208,https://fr.sandro-paris.com/dw/image/v2/BCMW_PRD/on/demandware.static/-/Sites-master-catalog/default/dw5fc20f92/images/packshot/Sandro_SFPTO00700-11_F_P.jpg?sw=650&sh=650,-,Top en satin orné de strass,https://fr.sandro-paris.com/fr/p/top-en-satin-orne-de-strass/SFPTO00700_11.html,top,F,"[90.58823529411765, 1.0, 4.0]"
2209,https://fr.sandro-paris.com/dw/image/v2/BCMW_PRD/on/demandware.static/-/Sites-master-catalog/default/dw1723bc4f/images/packshot/Sandro_SFPTO00714-20_F_P.jpg?sw=650&sh=650,-,Top à strass,https://fr.sandro-paris.com/fr/p/top-a-strass/SFPTO00714_20.html,top,F,"[13.333333333333334, -1.0, 2.0]"
2210,https://fr.sandro-paris.com/dw/image/v2/BCMW_PRD/on/demandware.static/-/Sites-master-catalog/default/dwb2734253/images/packshot/Sandro_SFPCM01174-47_F_P.jpg?sw=650&sh=650,-,Chemise à carreaux strassée,https://fr.sandro-paris.com/fr/p/chemise-a-carreaux-strassee/SFPCM01174_47.html,chemise,F,"[89.41176470588236, 1.0, 3.0]"
2211,https://fr.sandro-paris.com/dw/image/v2/BCMW_PRD/on/demandware.static/-/Sites-master-catalog/default/dwb2734253/images/packshot/Sandro_SFPCM01174-47_F_P.jpg?sw=650&sh=650,-,Chemise à carreaux strassée,https://fr.sandro-paris.com/fr/p/chemise-a-carreaux-strassee/SFPCM01174_47.html,chemise,F,"[74.50980392156863, 2.0, -2.0]"
2212,https://fr.sandro-paris.com/dw/image/v2/BCMW_PRD/on/demandware.static/-/Sites-master-catalog/default/dwe50ff4bd/images/packshot/Sandro_SFPCM01275-34_F_P.jpg?sw=650&sh=650,-,Chemise en coton,https://fr.sandro-paris.com/fr/p/chemise-en-coton/SFPCM01275_34.html,chemise,F,"[17.254901960784313, 18.0, 3.0]"
2213,https://fr.sandro-paris.com/dw/image/v2/BCMW_PRD/on/demandware.static/-/Sites-master-catalog/default/dw8cf57f76/images/packshot/Sandro_SFPCM01210-40_F_P.jpg?sw=650&sh=650,-,Chemise officier en satin,https://fr.sandro-paris.com/fr/p/chemise-officier-en-satin/SFPCM01210_40.html,chemise,F,"[83.52941176470588, 0.0, -15.0]"
2214,https://fr.sandro-paris.com/dw/image/v2/BCMW_PRD/on/demandware.static/-/Sites-master-catalog/default/dw8cf57f76/images/packshot/Sandro_SFPCM01210-40_F_P.jpg?sw=650&sh=650,-,Chemise officier en satin,https://fr.sandro-paris.com/fr/p/chemise-officier-en-satin/SFPCM01210_40.html,chemise,F,"[75.68627450980392, 1.0, -23.0]"
2215,https://fr.sandro-paris.com/dw/image/v2/BCMW_PRD/on/demandware.static/-/Sites-master-catalog/default/dwbb7a7acf/images/packshot/Sandro_SFPTS01504-10_F_P.jpg?sw=650&sh=650,-,T-shirt court brodé France,https://fr.sandro-paris.com/fr/p/t-shirt-court-brode-france/SFPTS01504_10.html,t shirt,F,"[92.15686274509804, 1.0, -2.0]"
2216,https://fr.sandro-paris.com/dw/image/v2/BCMW_PRD/on/demandware.static/-/Sites-master-catalog/default/dwfeee68ce/images/packshot/Sandro_SFPTO00712-34_F_P.jpg?sw=650&sh=650,-,Top court satiné,https://fr.sandro-paris.com/fr/p/top-court-satine/SFPTO00712_34.html,chemise,F,"[30.58823529411765, 40.0, 5.0]"
2217,https://fr.sandro-paris.com/dw/image/v2/BCMW_PRD/on/demandware.static/-/Sites-master-catalog/default/dwfeee68ce/images/packshot/Sandro_SFPTO00712-34_F_P.jpg?sw=650&sh=650,-,Top court satiné,https://fr.sandro-paris.com/fr/p/top-court-satine/SFPTO00712_34.html,chemise,F,"[18.823529411764707, 32.0, 4.0]"
2218,https://fr.sandro-paris.com/dw/image/v2/BCMW_PRD/on/demandware.static/-/Sites-master-catalog/default/dwd5b7f841/images/packshot/Sandro_SFPBD00012-20_F_P.jpg?sw=650&sh=650,-,Body bustier en maille,https://fr.sandro-paris.com/fr/p/body-bustier-en-maille/SFPBD00012_20.html,body,F,"[6.2745098039215685, 0.0, 0.0]"
2219,https://fr.sandro-paris.com/dw/image/v2/BCMW_PRD/on/demandware.static/-/Sites-master-catalog/default/dwd5b7f841/images/packshot/Sandro_SFPBD00012-20_F_P.jpg?sw=650&sh=650,-,Body bustier en maille,https://fr.sandro-paris.com/fr/p/body-bustier-en-maille/SFPBD00012_20.html,body,F,"[90.19607843137256, 0.0, 1.0]"
2220,https://fr.sandro-paris.com/dw/image/v2/BCMW_PRD/on/demandware.static/-/Sites-master-catalog/default/dwf28c0a7b/images/packshot/Sandro_SFPCM01158-47_F_P.jpg?sw=650&sh=650,-,Chemise strassée à cravate,https://fr.sandro-paris.com/fr/p/chemise-strassee-a-cravate/SFPCM01158_47.html,chemise,F,"[18.03921568627451, 2.0, -9.0]"
2221,https://fr.sandro-paris.com/dw/image/v2/BCMW_PRD/on/demandware.static/-/Sites-master-catalog/default/dwf28c0a7b/images/packshot/Sandro_SFPCM01158-47_F_P.jpg?sw=650&sh=650,-,Chemise strassée à cravate,https://fr.sandro-paris.com/fr/p/chemise-strassee-a-cravate/SFPCM01158_47.html,chemise,F,"[36.470588235294116, 4.0, -13.0]"
2222,https://fr.sandro-paris.com/dw/image/v2/BCMW_PRD/on/demandware.static/-/Sites-master-catalog/default/dw222d1f8a/images/packshot/Sandro_SFPPA01255-20_V_P.jpg?sw=650&sh=650,-,Pantalon en tweed,https://fr.sandro-paris.com/fr/p/pantalon-en-tweed/SFPPA01255_20.html,Pantalon,F,"[12.156862745098039, 1.0, -2.0]"
2223,https://fr.sandro-paris.com/dw/image/v2/BCMW_PRD/on/demandware.static/-/Sites-master-catalog/default/dw517f538a/images/packshot/Sandro_SFPPA01485-D324_F_P.jpg?sw=650&sh=650,-,Jean large brut,https://fr.sandro-paris.com/fr/p/jean-large-brut-/SFPPA01485_D324.html,jean,F,"[21.176470588235293, 5.0, -10.0]"
2224,https://fr.sandro-paris.com/dw/image/v2/BCMW_PRD/on/demandware.static/-/Sites-master-catalog/default/dw2e6a0621/images/packshot/Sandro_SFPPA01529-20_V_P.jpg?sw=650&sh=650,-,Pantalon droit,https://fr.sandro-paris.com/fr/p/pantalon-droit-/SFPPA01529_20.html,Pantalon,F,"[9.803921568627452, 0.0, 0.0]"
2225,https://fr.sandro-paris.com/dw/image/v2/BCMW_PRD/on/demandware.static/-/Sites-master-catalog/default/dwd7669808/images/packshot/Sandro_SFPPA01536-44_F_P.jpg?sw=650&sh=650,-,Pantalon en laine,https://fr.sandro-paris.com/fr/p/pantalon-en-laine/SFPPA01536_44.html,Pantalon,F,"[9.803921568627452, 0.0, -6.0]"
2226,https://fr.sandro-paris.com/dw/image/v2/BCMW_PRD/on/demandware.static/-/Sites-master-catalog/default/dwea4b96d0/images/packshot/Sandro_SFPPA01563-13_F_P.jpg?sw=650&sh=650,-,Pantalon droit en tweed,https://fr.sandro-paris.com/fr/p/pantalon-droit-en-tweed-/SFPPA01563_13.html,Pantalon,F,"[64.70588235294117, 3.0, 10.0]"
2227,https://fr.sandro-paris.com/dw/image/v2/BCMW_PRD/on/demandware.static/-/Sites-master-catalog/default/dwea4b96d0/images/packshot/Sandro_SFPPA01563-13_F_P.jpg?sw=650&sh=650,-,Pantalon droit en tweed,https://fr.sandro-paris.com/fr/p/pantalon-droit-en-tweed-/SFPPA01563_13.html,Pantalon,F,"[70.98039215686275, 3.0, 10.0]"
2228,https://fr.sandro-paris.com/dw/image/v2/BCMW_PRD/on/demandware.static/-/Sites-master-catalog/default/dwc83385d0/images/packshot/Sandro_SFPPA01579-16_F_P.jpg?sw=650&sh=650,-,Pantalon strassé en maille,https://fr.sandro-paris.com/fr/p/pantalon-strasse-en-maille/SFPPA01579_16.html,Pantalon,F,"[67.05882352941175, 4.0, 3.0]"
2229,https://fr.sandro-paris.com/dw/image/v2/BCMW_PRD/on/demandware.static/-/Sites-master-catalog/default/dwc83385d0/images/packshot/Sandro_SFPPA01579-16_F_P.jpg?sw=650&sh=650,-,Pantalon strassé en maille,https://fr.sandro-paris.com/fr/p/pantalon-strasse-en-maille/SFPPA01579_16.html,Pantalon,F,"[70.98039215686275, 5.0, 3.0]"
2230,https://fr.sandro-paris.com/dw/image/v2/BCMW_PRD/on/demandware.static/-/Sites-master-catalog/default/dwe03a9cad/images/packshot/Sandro_SFPPA01502-20_F_P.jpg?sw=650&sh=650,-,Pantalon rayé à double ceinture,https://fr.sandro-paris.com/fr/p/pantalon-raye-a-double-ceinture/SFPPA01502_20.html,Pantalon,F,"[7.0588235294117645, 0.0, 0.0]"
2231,https://fr.sandro-paris.com/dw/image/v2/BCMW_PRD/on/demandware.static/-/Sites-master-catalog/default/dw0b60281d/images/packshot/Sandro_SFPJE00168-BLAC_V_P.jpg?sw=650&sh=650,-,Jean droit à bords francs,https://fr.sandro-paris.com/fr/p/jean-droit-a-bords-francs/SFPJE00168_BLAC.html,jean,F,"[15.686274509803921, 2.0, -4.0]"
2232,https://fr.sandro-paris.com/dw/image/v2/BCMW_PRD/on/demandware.static/-/Sites-master-catalog/default/dw456c1022/images/packshot/Sandro_SFPPA01555-14_F_P.jpg?sw=650&sh=650,-,Pantalon de costume,https://fr.sandro-paris.com/fr/p/pantalon-de-costume/SFPPA01555_14.html,pantalon habillé,F,"[69.01960784313725, 6.0, 20.0]"
2233,https://fr.sandro-paris.com/dw/image/v2/BCMW_PRD/on/demandware.static/-/Sites-master-catalog/default/dw456c1022/images/packshot/Sandro_SFPPA01555-14_F_P.jpg?sw=650&sh=650,-,Pantalon de costume,https://fr.sandro-paris.com/fr/p/pantalon-de-costume/SFPPA01555_14.html,pantalon habillé,F,"[89.80392156862746, 0.0, 2.0]"
2234,https://fr.sandro-paris.com/dw/image/v2/BCMW_PRD/on/demandware.static/-/Sites-master-catalog/default/dwf5d285ea/images/packshot/Sandro_SFPPA01551-24_F_P.jpg?sw=650&sh=650,-,Pantalon taille haute,https://fr.sandro-paris.com/fr/p/pantalon-taille-haute/SFPPA01551_24.html,Pantalon,F,"[27.84313725490196, 2.0, 0.0]"
2235,https://fr.sandro-paris.com/dw/image/v2/BCMW_PRD/on/demandware.static/-/Sites-master-catalog/default/dwf5d285ea/images/packshot/Sandro_SFPPA01551-24_F_P.jpg?sw=650&sh=650,-,Pantalon taille haute,https://fr.sandro-paris.com/fr/p/pantalon-taille-haute/SFPPA01551_24.html,Pantalon,F,"[32.549019607843135, 2.0, 0.0]"
2236,https://fr.sandro-paris.com/dw/image/v2/BCMW_PRD/on/demandware.static/-/Sites-master-catalog/default/dw004f89c3/images/packshot/Sandro_SFPPA01301-24_V_P.jpg?sw=650&sh=650,-,Pantalon de costume en laine,https://fr.sandro-paris.com/fr/p/pantalon-de-costume-en-laine/SFPPA01301_24.html,pantalon habillé,F,"[22.745098039215687, 1.0, -1.0]"
2237,https://fr.sandro-paris.com/dw/image/v2/BCMW_PRD/on/demandware.static/-/Sites-master-catalog/default/dw516e2bdb/images/packshot/Sandro_SFPJE00628-4785_F_P.jpg?sw=650&sh=650,-,Jean large flare,https://fr.sandro-paris.com/fr/p/jean-large-flare/SFPJE00628_4785.html,jean,F,"[17.254901960784313, 2.0, -13.0]"
2238,https://fr.sandro-paris.com/dw/image/v2/BCMW_PRD/on/demandware.static/-/Sites-master-catalog/default/dw8447e973/images/packshot/Sandro_SFPJE00632-4785_F_P.jpg?sw=650&sh=650,-,Jean à jacquard étoiles,https://fr.sandro-paris.com/fr/p/jean-a-jacquard-etoiles/SFPJE00632_4785.html,jean,F,"[43.13725490196079, -3.0, -7.0]"
2239,https://fr.sandro-paris.com/dw/image/v2/BCMW_PRD/on/demandware.static/-/Sites-master-catalog/default/dw8447e973/images/packshot/Sandro_SFPJE00632-4785_F_P.jpg?sw=650&sh=650,-,Jean à jacquard étoiles,https://fr.sandro-paris.com/fr/p/jean-a-jacquard-etoiles/SFPJE00632_4785.html,jean,F,"[65.49019607843137, -1.0, 0.0]"
2240,https://fr.sandro-paris.com/dw/image/v2/BCMW_PRD/on/demandware.static/-/Sites-master-catalog/default/dwe1e96c1d/images/packshot/Sandro_SFPPA01494-240_F_P.jpg?sw=650&sh=650,-,Pantalon de costume à carreaux,https://fr.sandro-paris.com/fr/p/pantalon-de-costume-a-carreaux/SFPPA01494_240.html,pantalon habillé,F,"[14.901960784313726, -1.0, 0.0]"
2241,https://fr.sandro-paris.com/dw/image/v2/BCMW_PRD/on/demandware.static/-/Sites-master-catalog/default/dwf8ee755e/images/packshot/Sandro_SFPPA01600-20_F_P.jpg?sw=650&sh=650,-,Pantalon taille haute en tweed,https://fr.sandro-paris.com/fr/p/pantalon-taille-haute-en-tweed/SFPPA01600_20.html,Pantalon,F,"[6.666666666666667, 0.0, -2.0]"
2242,https://fr.sandro-paris.com/dw/image/v2/BCMW_PRD/on/demandware.static/-/Sites-master-catalog/default/dw4916a2aa/images/packshot/Sandro_SFPJE00505-10_F_P.jpg?sw=650&sh=650,-,Jean large en toile,https://fr.sandro-paris.com/fr/p/jean-large-en-toile/SFPJE00505_10.html,jean,F,"[92.54901960784314, 0.0, 2.0]"
2243,https://fr.sandro-paris.com/dw/image/v2/BCMW_PRD/on/demandware.static/-/Sites-master-catalog/default/dw4916a2aa/images/packshot/Sandro_SFPJE00505-10_F_P.jpg?sw=650&sh=650,-,Jean large en toile,https://fr.sandro-paris.com/fr/p/jean-large-en-toile/SFPJE00505_10.html,jean,F,"[89.80392156862746, 1.0, 2.0]"
2244,https://fr.sandro-paris.com/dw/image/v2/BCMW_PRD/on/demandware.static/-/Sites-master-catalog/default/dwc3cb777b/images/packshot/Sandro_SFPPA01509-44_F_P.jpg?sw=650&sh=650,-,Pantalon cargo,https://fr.sandro-paris.com/fr/p/pantalon-cargo/SFPPA01509_44.html,Pantalon,F,"[6.666666666666667, 2.0, -6.0]"
2245,https://fr.sandro-paris.com/dw/image/v2/BCMW_PRD/on/demandware.static/-/Sites-master-catalog/default/dwe6963641/images/packshot/Sandro_SFPJE00678-20_F_P.jpg?sw=650&sh=650,-,Jean large strassé,https://fr.sandro-paris.com/fr/p/jean-large-strasse/SFPJE00678_20.html,jean,F,"[14.50980392156863, 1.0, -1.0]"
2246,https://fr.sandro-paris.com/dw/image/v2/BCMW_PRD/on/demandware.static/-/Sites-master-catalog/default/dw416209e6/images/packshot/Sandro_SFPPA01584-751_F_P.jpg?sw=650&sh=650,-,Pantalon à rayures,https://fr.sandro-paris.com/fr/p/pantalon-a-rayures/SFPPA01584_751.html,Pantalon,F,"[9.411764705882353, 0.0, 1.0]"
2247,https://fr.sandro-paris.com/dw/image/v2/BCMW_PRD/on/demandware.static/-/Sites-master-catalog/default/dw416209e6/images/packshot/Sandro_SFPPA01584-751_F_P.jpg?sw=650&sh=650,-,Pantalon à rayures,https://fr.sandro-paris.com/fr/p/pantalon-a-rayures/SFPPA01584_751.html,Pantalon,F,"[13.333333333333334, 1.0, 2.0]"
2248,https://fr.sandro-paris.com/dw/image/v2/BCMW_PRD/on/demandware.static/-/Sites-master-catalog/default/dw0b3fa89d/images/packshot/Sandro_SFPPA01508-G023_F_P.jpg?sw=650&sh=650,-,Pantalon à rayures,https://fr.sandro-paris.com/fr/p/pantalon-a-rayures-/SFPPA01508_G023.html,Pantalon,F,"[25.098039215686274, 6.0, 13.0]"
2249,https://fr.sandro-paris.com/dw/image/v2/BCMW_PRD/on/demandware.static/-/Sites-master-catalog/default/dw0b3fa89d/images/packshot/Sandro_SFPPA01508-G023_F_P.jpg?sw=650&sh=650,-,Pantalon à rayures,https://fr.sandro-paris.com/fr/p/pantalon-a-rayures-/SFPPA01508_G023.html,Pantalon,F,"[41.96078431372549, 6.0, 12.0]"
2250,https://fr.sandro-paris.com/dw/image/v2/BCMW_PRD/on/demandware.static/-/Sites-master-catalog/default/dw45486468/images/packshot/Sandro_SFPPA01505-240_F_P.jpg?sw=650&sh=650,-,Pantalon de costume strassé,https://fr.sandro-paris.com/fr/p/pantalon-de-costume-strasse/SFPPA01505_240.html,pantalon habillé,F,"[10.980392156862745, 1.0, -2.0]"
2251,https://fr.sandro-paris.com/dw/image/v2/BCMW_PRD/on/demandware.static/-/Sites-master-catalog/default/dwf691c990/images/packshot/Sandro_SFPJE00633-J002_F_P.jpg?sw=650&sh=650,-,Jean flare flammes,https://fr.sandro-paris.com/fr/p/jean-flare-flammes/SFPJE00633_J002.html,jean,F,"[30.19607843137255, 1.0, -16.0]"
2252,https://fr.sandro-paris.com/dw/image/v2/BCMW_PRD/on/demandware.static/-/Sites-master-catalog/default/dwf691c990/images/packshot/Sandro_SFPJE00633-J002_F_P.jpg?sw=650&sh=650,-,Jean flare flammes,https://fr.sandro-paris.com/fr/p/jean-flare-flammes/SFPJE00633_J002.html,jean,F,"[47.84313725490196, -2.0, -12.0]"
2253,https://fr.sandro-paris.com/dw/image/v2/BCMW_PRD/on/demandware.static/-/Sites-master-catalog/default/dw4b9b62c9/images/packshot/Sandro_SFPPA01552-G186_F_P.jpg?sw=650&sh=650,-,Pantalon taille élastiquée,https://fr.sandro-paris.com/fr/p/pantalon-taille-elastiquee/SFPPA01552_G186.html,Pantalon,F,"[24.705882352941178, 3.0, 8.0]"
2254,https://fr.sandro-paris.com/dw/image/v2/BCMW_PRD/on/demandware.static/-/Sites-master-catalog/default/dw4b9b62c9/images/packshot/Sandro_SFPPA01552-G186_F_P.jpg?sw=650&sh=650,-,Pantalon taille élastiquée,https://fr.sandro-paris.com/fr/p/pantalon-taille-elastiquee/SFPPA01552_G186.html,Pantalon,F,"[19.607843137254903, 3.0, 7.0]"
2255,https://fr.sandro-paris.com/dw/image/v2/BCMW_PRD/on/demandware.static/-/Sites-master-catalog/default/dw00d64c4b/images/packshot/Sandro_SFPPA01484-20_F_P.jpg?sw=650&sh=650,-,Pantalon large cargo,https://fr.sandro-paris.com/fr/p/pantalon-large-cargo/SFPPA01484_20.html,Pantalon,F,"[10.588235294117647, 0.0, -2.0]"
2256,https://fr.sandro-paris.com/dw/image/v2/BCMW_PRD/on/demandware.static/-/Sites-master-catalog/default/dw5fe5c4db/images/packshot/Sandro_SFPPA01552-20_F_P.jpg?sw=650&sh=650,-,Pantalon taille élastiquée,https://fr.sandro-paris.com/fr/p/pantalon-taille-elastiquee/SFPPA01552_20.html,Pantalon,F,"[9.803921568627452, 0.0, -1.0]"
2257,https://fr.sandro-paris.com/dw/image/v2/BCMW_PRD/on/demandware.static/-/Sites-master-catalog/default/dw2049caa5/images/packshot/Sandro_SFPPA01568-20_F_P.jpg?sw=650&sh=650,-,Pantalon large à bande latérale satinée,https://fr.sandro-paris.com/fr/p/pantalon-large-a-bande-laterale-satinee/SFPPA01568_20.html,Pantalon,F,"[9.019607843137255, 0.0, -1.0]"
2258,https://fr.sandro-paris.com/dw/image/v2/BCMW_PRD/on/demandware.static/-/Sites-master-catalog/default/dwed74a569/images/packshot/Sandro_SFPJE00661-24_F_P.jpg?sw=650&sh=650,-,Jean droit taille basse,https://fr.sandro-paris.com/fr/p/jean-droit-taille-basse/SFPJE00661_24.html,jean,F,"[69.80392156862744, 0.0, 1.0]"
2259,https://fr.sandro-paris.com/dw/image/v2/BCMW_PRD/on/demandware.static/-/Sites-master-catalog/default/dwed74a569/images/packshot/Sandro_SFPJE00661-24_F_P.jpg?sw=650&sh=650,-,Jean droit taille basse,https://fr.sandro-paris.com/fr/p/jean-droit-taille-basse/SFPJE00661_24.html,jean,F,"[51.76470588235295, 0.0, 0.0]"
2260,https://fr.sandro-paris.com/dw/image/v2/BCMW_PRD/on/demandware.static/-/Sites-master-catalog/default/dw1bbc8734/images/packshot/Sandro_SFPPA01601-G023_F_P.jpg?sw=650&sh=650,-,Pantalon de costume pied de poule,https://fr.sandro-paris.com/fr/p/pantalon-de-costume-pied-de-poule/SFPPA01601_G023.html,pantalon habillé,F,"[66.27450980392156, 4.0, 14.0]"
2261,https://fr.sandro-paris.com/dw/image/v2/BCMW_PRD/on/demandware.static/-/Sites-master-catalog/default/dw1bbc8734/images/packshot/Sandro_SFPPA01601-G023_F_P.jpg?sw=650&sh=650,-,Pantalon de costume pied de poule,https://fr.sandro-paris.com/fr/p/pantalon-de-costume-pied-de-poule/SFPPA01601_G023.html,pantalon habillé,F,"[59.21568627450981, 5.0, 14.0]"
2262,https://fr.sandro-paris.com/dw/image/v2/BCMW_PRD/on/demandware.static/-/Sites-master-catalog/default/dwa41af9e4/images/packshot/Sandro_SFPPA01522-20_F_P.jpg?sw=650&sh=650,-,Pantalon évasé en cuir,https://fr.sandro-paris.com/fr/p/pantalon-evase-en-cuir/SFPPA01522_20.html,Pantalon,F,"[11.372549019607844, 1.0, -1.0]"
2263,https://fr.sandro-paris.com/dw/image/v2/BCMW_PRD/on/demandware.static/-/Sites-master-catalog/default/dwa41af9e4/images/packshot/Sandro_SFPPA01522-20_F_P.jpg?sw=650&sh=650,-,Pantalon évasé en cuir,https://fr.sandro-paris.com/fr/p/pantalon-evase-en-cuir/SFPPA01522_20.html,Pantalon,F,"[34.90196078431372, 2.0, 0.0]"
2264,https://fr.sandro-paris.com/dw/image/v2/BCMW_PRD/on/demandware.static/-/Sites-master-catalog/default/dwc6de12c9/images/packshot/Sandro_SFPJE00148-47_V_P.jpg?sw=650&sh=650,-,Jean mom double ceinture,https://fr.sandro-paris.com/fr/p/jean-mom-double-ceinture/SFPJE00148_47.html,jean,F,"[32.94117647058823, 0.0, -26.0]"
2265,https://fr.sandro-paris.com/dw/image/v2/BCMW_PRD/on/demandware.static/-/Sites-master-catalog/default/dwab275cf4/images/packshot/Sandro_SFPJE00655-4785_F_P.jpg?sw=650&sh=650,-,Jean double ceinture,https://fr.sandro-paris.com/fr/p/jean-double-ceinture/SFPJE00655_4785.html,Jean,F,"[32.94117647058823, -1.0, -16.0]"
2266,https://fr.sandro-paris.com/dw/image/v2/BCMW_PRD/on/demandware.static/-/Sites-master-catalog/default/dwab275cf4/images/packshot/Sandro_SFPJE00655-4785_F_P.jpg?sw=650&sh=650,-,Jean double ceinture,https://fr.sandro-paris.com/fr/p/jean-double-ceinture/SFPJE00655_4785.html,Jean,F,"[52.156862745098046, -2.0, -10.0]"
2267,https://fr.sandro-paris.com/dw/image/v2/BCMW_PRD/on/demandware.static/-/Sites-master-catalog/default/dw253c790f/images/packshot/Sandro_SFPPA01559-D324_F_P.jpg?sw=650&sh=650,-,Pantalon cargo modulable en jean,https://fr.sandro-paris.com/fr/p/pantalon-cargo-modulable-en-jean/SFPPA01559_D324.html,Pantalon,F,"[16.862745098039216, 0.0, -4.0]"
2268,https://fr.sandro-paris.com/dw/image/v2/BCMW_PRD/on/demandware.static/-/Sites-master-catalog/default/dwdb3bcb02/images/packshot/Sandro_SFPPA01503-20_F_P.jpg?sw=650&sh=650,-,Pantalon en matière technique,https://fr.sandro-paris.com/fr/p/pantalon-en-matiere-technique-/SFPPA01503_20.html,Pantalon,F,"[5.88235294117647, 0.0, 0.0]"
2269,https://fr.sandro-paris.com/dw/image/v2/BCMW_PRD/on/demandware.static/-/Sites-master-catalog/default/dwb6adda94/images/packshot/Sandro_SFPPA01544-84_F_P.jpg?sw=650&sh=650,-,Pantalon cargo,https://fr.sandro-paris.com/fr/p/pantalon-cargo/SFPPA01544_84.html,Pantalon,F,"[58.43137254901961, 6.0, 23.0]"
2270,https://fr.sandro-paris.com/dw/image/v2/BCMW_PRD/on/demandware.static/-/Sites-master-catalog/default/dw5178b6e2/images/packshot/Sandro_SFPPA01543-G207_F_P.jpg?sw=650&sh=650,-,Pantalon cargo,https://fr.sandro-paris.com/fr/p/pantalon-cargo/SFPPA01543_G207.html,Pantalon,F,"[33.72549019607843, 11.0, 24.0]"
2271,https://fr.sandro-paris.com/dw/image/v2/BCMW_PRD/on/demandware.static/-/Sites-master-catalog/default/dw5178b6e2/images/packshot/Sandro_SFPPA01543-G207_F_P.jpg?sw=650&sh=650,-,Pantalon cargo,https://fr.sandro-paris.com/fr/p/pantalon-cargo/SFPPA01543_G207.html,Pantalon,F,"[38.03921568627451, 11.0, 24.0]"
2272,https://fr.sandro-paris.com/dw/image/v2/BCMW_PRD/on/demandware.static/-/Sites-master-catalog/default/dw3b3ae4cd/images/packshot/Sandro_SFPJE00671-4785_F_P.jpg?sw=650&sh=650,-,Jean délavé,https://fr.sandro-paris.com/fr/p/jean-delave/SFPJE00671_4785.html,jean,F,"[41.568627450980394, -3.0, -17.0]"
2273,https://fr.sandro-paris.com/dw/image/v2/BCMW_PRD/on/demandware.static/-/Sites-master-catalog/default/dw3b3ae4cd/images/packshot/Sandro_SFPJE00671-4785_F_P.jpg?sw=650&sh=650,-,Jean délavé,https://fr.sandro-paris.com/fr/p/jean-delave/SFPJE00671_4785.html,jean,F,"[54.509803921568626, -4.0, -12.0]"
2274,https://fr.sandro-paris.com/dw/image/v2/BCMW_PRD/on/demandware.static/-/Sites-master-catalog/default/dw6c2787c8/images/packshot/Sandro_SFPJE00664-24_F_P.jpg?sw=650&sh=650,-,Jean large,https://fr.sandro-paris.com/fr/p/jean-large/SFPJE00664_24.html,jean,F,"[31.76470588235294, 1.0, 1.0]"
2275,https://fr.sandro-paris.com/dw/image/v2/BCMW_PRD/on/demandware.static/-/Sites-master-catalog/default/dw6c2787c8/images/packshot/Sandro_SFPJE00664-24_F_P.jpg?sw=650&sh=650,-,Jean large,https://fr.sandro-paris.com/fr/p/jean-large/SFPJE00664_24.html,jean,F,"[47.84313725490196, 1.0, 2.0]"
2276,https://fr.sandro-paris.com/dw/image/v2/BCMW_PRD/on/demandware.static/-/Sites-master-catalog/default/dwd5c12b9b/images/packshot/Sandro_SFPJE00625-4785_F_P.jpg?sw=650&sh=650,-,Jean large strassé,https://fr.sandro-paris.com/fr/p/jean-large-strasse-/SFPJE00625_4785.html,jean,F,"[29.411764705882355, -2.0, -24.0]"
2277,https://fr.sandro-paris.com/dw/image/v2/BCMW_PRD/on/demandware.static/-/Sites-master-catalog/default/dwc51c4611/images/packshot/Sandro_SFPJE00663-4785_F_P.jpg?sw=650&sh=650,-,Jean détail gourmettes,https://fr.sandro-paris.com/fr/p/jean-detail-gourmettes/SFPJE00663_4785.html,jean,F,"[36.470588235294116, -2.0, -20.0]"
2278,https://fr.sandro-paris.com/dw/image/v2/BCMW_PRD/on/demandware.static/-/Sites-master-catalog/default/dwc51c4611/images/packshot/Sandro_SFPJE00663-4785_F_P.jpg?sw=650&sh=650,-,Jean détail gourmettes,https://fr.sandro-paris.com/fr/p/jean-detail-gourmettes/SFPJE00663_4785.html,jean,F,"[50.98039215686274, -4.0, -15.0]"
2279,https://fr.sandro-paris.com/dw/image/v2/BCMW_PRD/on/demandware.static/-/Sites-master-catalog/default/dwc51c4611/images/packshot/Sandro_SFPJE00663-4785_F_P.jpg?sw=650&sh=650,-,Jean détail gourmettes,https://fr.sandro-paris.com/fr/p/jean-detail-gourmettes/SFPJE00663_4785.html,jean,F,"[89.41176470588236, 0.0, 0.0]"
2280,https://fr.sandro-paris.com/dw/image/v2/BCMW_PRD/on/demandware.static/-/Sites-master-catalog/default/dw2d2e78b6/images/packshot/Sandro_SFPPA01508-47_F_P.jpg?sw=650&sh=650,-,Pantalon à rayures,https://fr.sandro-paris.com/fr/p/pantalon-a-rayures-/SFPPA01508_47.html,Pantalon,F,"[10.588235294117647, 0.0, -7.0]"
2281,https://fr.sandro-paris.com/dw/image/v2/BCMW_PRD/on/demandware.static/-/Sites-master-catalog/default/dw2d2e78b6/images/packshot/Sandro_SFPPA01508-47_F_P.jpg?sw=650&sh=650,-,Pantalon à rayures,https://fr.sandro-paris.com/fr/p/pantalon-a-rayures-/SFPPA01508_47.html,Pantalon,F,"[27.84313725490196, 1.0, -9.0]"
2282,https://fr.sandro-paris.com/dw/image/v2/BCMW_PRD/on/demandware.static/-/Sites-master-catalog/default/dw1cd4b2fc/images/packshot/Sandro_SFPJU01319-240_F_P.jpg?sw=650&sh=650,-,Jupe courte plissée à carreaux,https://fr.sandro-paris.com/fr/p/jupe-courte-plissee-a-carreaux/SFPJU01319_240.html,jupe,F,"[18.03921568627451, 0.0, 0.0]"
2283,https://fr.sandro-paris.com/dw/image/v2/BCMW_PRD/on/demandware.static/-/Sites-master-catalog/default/dw1c79212d/images/packshot/Sandro_SFPJU00987-20_V_P.jpg?sw=650&sh=650,-,Jupe plissée en tweed,https://fr.sandro-paris.com/fr/p/jupe-plissee-en-tweed/SFPJU00987_20.html,jupe,F,"[12.156862745098039, 1.0, -2.0]"
2284,https://fr.sandro-paris.com/dw/image/v2/BCMW_PRD/on/demandware.static/-/Sites-master-catalog/default/dw1210f135/images/packshot/Sandro_SFPSH00418-20_F_P.jpg?sw=650&sh=650,-,Jupe short plissée,https://fr.sandro-paris.com/fr/p/jupe-short-plissee/SFPSH00418_20.html,jupe,F,"[8.235294117647058, 0.0, -1.0]"
2285,https://fr.sandro-paris.com/dw/image/v2/BCMW_PRD/on/demandware.static/-/Sites-master-catalog/default/dw772bac68/images/packshot/Sandro_SFPJU01320-20_F_P.jpg?sw=650&sh=650,-,Jupe longue en tweed et velours,https://fr.sandro-paris.com/fr/p/jupe-longue-en-tweed-et-velours/SFPJU01320_20.html,jupe,F,"[8.235294117647058, 0.0, -1.0]"
2286,https://fr.sandro-paris.com/dw/image/v2/BCMW_PRD/on/demandware.static/-/Sites-master-catalog/default/dwebd814b0/images/packshot/Sandro_SFPJU01171-D324_F_P.jpg?sw=650&sh=650,-,Jupe plissée en jean,https://fr.sandro-paris.com/fr/p/jupe-plissee-en-jean-/SFPJU01171_D324.html,jupe,F,"[19.215686274509807, 3.0, -4.0]"
2287,https://fr.sandro-paris.com/dw/image/v2/BCMW_PRD/on/demandware.static/-/Sites-master-catalog/default/dw3284359f/images/packshot/Sandro_SFPJU00887-474_F_P.jpg?sw=650&sh=650,-,Jupe courte satinée,https://fr.sandro-paris.com/fr/p/jupe-courte-satinee/SFPJU00887_474.html,jupe,F,"[21.96078431372549, 4.0, -14.0]"
2288,https://fr.sandro-paris.com/dw/image/v2/BCMW_PRD/on/demandware.static/-/Sites-master-catalog/default/dw3284359f/images/packshot/Sandro_SFPJU00887-474_F_P.jpg?sw=650&sh=650,-,Jupe courte satinée,https://fr.sandro-paris.com/fr/p/jupe-courte-satinee/SFPJU00887_474.html,jupe,F,"[15.686274509803921, 4.0, -12.0]"
2289,https://fr.sandro-paris.com/dw/image/v2/BCMW_PRD/on/demandware.static/-/Sites-master-catalog/default/dwa299094e/images/packshot/Sandro_SFPJU01182-20_F_P.jpg?sw=650&sh=650,-,Jupe droite strassée,https://fr.sandro-paris.com/fr/p/jupe-droite-strassee/SFPJU01182_20.html,jupe,F,"[9.803921568627452, 0.0, 0.0]"
2290,https://fr.sandro-paris.com/dw/image/v2/BCMW_PRD/on/demandware.static/-/Sites-master-catalog/default/dwe2657ac6/images/packshot/Sandro_SFPJU01273-13_F_P.jpg?sw=650&sh=650,-,Jupe courte plissée,https://fr.sandro-paris.com/fr/p/jupe-courte-plissee/SFPJU01273_13.html,jupe,F,"[59.21568627450981, 2.0, 5.0]"
2291,https://fr.sandro-paris.com/dw/image/v2/BCMW_PRD/on/demandware.static/-/Sites-master-catalog/default/dwe2657ac6/images/packshot/Sandro_SFPJU01273-13_F_P.jpg?sw=650&sh=650,-,Jupe courte plissée,https://fr.sandro-paris.com/fr/p/jupe-courte-plissee/SFPJU01273_13.html,jupe,F,"[42.35294117647059, 2.0, 6.0]"
2292,https://fr.sandro-paris.com/dw/image/v2/BCMW_PRD/on/demandware.static/-/Sites-master-catalog/default/dwdf697fc9/images/packshot/Sandro_SFPJU00890-20_V_P.jpg?sw=650&sh=650,-,Jupe midi en tweed,https://fr.sandro-paris.com/fr/p/jupe-midi-en-tweed/SFPJU00890_20.html,jupe,F,"[10.588235294117647, 2.0, -2.0]"
2293,https://fr.sandro-paris.com/dw/image/v2/BCMW_PRD/on/demandware.static/-/Sites-master-catalog/default/dw2844162b/images/packshot/Sandro_SFPSH00097-44_V_P.jpg?sw=650&sh=650,-,Short à revers,https://fr.sandro-paris.com/fr/p/short-a-revers/SFPSH00097_44.html,short,F,"[15.686274509803921, 3.0, -7.0]"
2294,https://fr.sandro-paris.com/dw/image/v2/BCMW_PRD/on/demandware.static/-/Sites-master-catalog/default/dw4650b4b8/images/packshot/Sandro_SFPJU01254-4785_F_P.jpg?sw=650&sh=650,-,Jupe longue en jean strassé,https://fr.sandro-paris.com/fr/p/jupe-longue-en-jean-strasse/SFPJU01254_4785.html,jupe,F,"[25.882352941176475, 1.0, -21.0]"
2295,https://fr.sandro-paris.com/dw/image/v2/BCMW_PRD/on/demandware.static/-/Sites-master-catalog/default/dw420e7776/images/packshot/Sandro_SFPJU01257-34_F_P.jpg?sw=650&sh=650,-,Jupe courte en maille plissée,https://fr.sandro-paris.com/fr/p/jupe-courte-en-maille-plissee/SFPJU01257_34.html,jupe,F,"[14.901960784313726, 23.0, 2.0]"
2296,https://fr.sandro-paris.com/dw/image/v2/BCMW_PRD/on/demandware.static/-/Sites-master-catalog/default/dw13686d89/images/packshot/Sandro_SFPJU01243-20_F_P.jpg?sw=650&sh=650,-,Jupe midi en maille velours,https://fr.sandro-paris.com/fr/p/jupe-midi-en-maille-velours/SFPJU01243_20.html,jupe,F,"[4.705882352941177, 0.0, -2.0]"
2297,https://fr.sandro-paris.com/dw/image/v2/BCMW_PRD/on/demandware.static/-/Sites-master-catalog/default/dw05a1e968/images/packshot/Sandro_SFPSH00425-D190_F_P.jpg?sw=650&sh=650,-,Jupe short imprimée,https://fr.sandro-paris.com/fr/p/jupe-short-imprimee/SFPSH00425_D190.html,jupe,F,"[15.686274509803921, 4.0, -14.0]"
2298,https://fr.sandro-paris.com/dw/image/v2/BCMW_PRD/on/demandware.static/-/Sites-master-catalog/default/dw05a1e968/images/packshot/Sandro_SFPSH00425-D190_F_P.jpg?sw=650&sh=650,-,Jupe short imprimée,https://fr.sandro-paris.com/fr/p/jupe-short-imprimee/SFPSH00425_D190.html,jupe,F,"[40.0, 3.0, -23.0]"
2299,https://fr.sandro-paris.com/dw/image/v2/BCMW_PRD/on/demandware.static/-/Sites-master-catalog/default/dw873da842/images/packshot/Sandro_SFPSH00417-40_F_P.jpg?sw=650&sh=650,-,Short à poches,https://fr.sandro-paris.com/fr/p/short-a-poches/SFPSH00417_40.html,short,F,"[81.56862745098039, 1.0, -22.0]"
2300,https://fr.sandro-paris.com/dw/image/v2/BCMW_PRD/on/demandware.static/-/Sites-master-catalog/default/dw873da842/images/packshot/Sandro_SFPSH00417-40_F_P.jpg?sw=650&sh=650,-,Short à poches,https://fr.sandro-paris.com/fr/p/short-a-poches/SFPSH00417_40.html,short,F,"[73.72549019607844, 2.0, -26.0]"
2301,https://fr.sandro-paris.com/dw/image/v2/BCMW_PRD/on/demandware.static/-/Sites-master-catalog/default/dw0e124b2b/images/packshot/Sandro_SFPJU01312-34_F_P.jpg?sw=650&sh=650,-,Jupe courte à pressions,https://fr.sandro-paris.com/fr/p/jupe-courte-a-pressions/SFPJU01312_34.html,jupe,F,"[11.76470588235294, 21.0, 4.0]"
2302,https://fr.sandro-paris.com/dw/image/v2/BCMW_PRD/on/demandware.static/-/Sites-master-catalog/default/dw58548e7e/images/packshot/Sandro_SFPJU01297-24_F_P.jpg?sw=650&sh=650,-,Jupe longue fendue,https://fr.sandro-paris.com/fr/p/jupe-longue-fendue/SFPJU01297_24.html,jupe,F,"[30.58823529411765, -1.0, 0.0]"
2303,https://fr.sandro-paris.com/dw/image/v2/BCMW_PRD/on/demandware.static/-/Sites-master-catalog/default/dw11c564f4/images/packshot/Sandro_SFPJU01210-20_F_P.jpg?sw=650&sh=650,-,Jupe longue asymétrique,https://fr.sandro-paris.com/fr/p/jupe-longue-asymetrique/SFPJU01210_20.html,jupe,F,"[6.2745098039215685, 0.0, 0.0]"
2304,https://fr.sandro-paris.com/dw/image/v2/BCMW_PRD/on/demandware.static/-/Sites-master-catalog/default/dwa2c7e8c2/images/packshot/Sandro_SFPSH00426-16_F_P.jpg?sw=650&sh=650,-,Short à strass,https://fr.sandro-paris.com/fr/p/short-a-strass/SFPSH00426_16.html,short,F,"[57.647058823529406, 3.0, 6.0]"
2305,https://fr.sandro-paris.com/dw/image/v2/BCMW_PRD/on/demandware.static/-/Sites-master-catalog/default/dwa2c7e8c2/images/packshot/Sandro_SFPSH00426-16_F_P.jpg?sw=650&sh=650,-,Short à strass,https://fr.sandro-paris.com/fr/p/short-a-strass/SFPSH00426_16.html,short,F,"[49.80392156862745, 4.0, 6.0]"
2306,https://fr.sandro-paris.com/dw/image/v2/BCMW_PRD/on/demandware.static/-/Sites-master-catalog/default/dw8c57eda2/images/packshot/Sandro_SFPJU01306-20_F_P.jpg?sw=650&sh=650,-,Jupe courte à strass,https://fr.sandro-paris.com/fr/p/jupe-courte-a-strass/SFPJU01306_20.html,jupe,F,"[4.705882352941177, 0.0, 1.0]"
2307,https://fr.sandro-paris.com/dw/image/v2/BCMW_PRD/on/demandware.static/-/Sites-master-catalog/default/dw596245a7/images/packshot/Sandro_SFPSH00388-10_F_P.jpg?sw=650&sh=650,-,Short large strassé,https://fr.sandro-paris.com/fr/p/short-large-strasse/SFPSH00388_10.html,short,F,"[93.33333333333333, 0.0, 3.0]"
2308,https://fr.sandro-paris.com/dw/image/v2/BCMW_PRD/on/demandware.static/-/Sites-master-catalog/default/dw596245a7/images/packshot/Sandro_SFPSH00388-10_F_P.jpg?sw=650&sh=650,-,Short large strassé,https://fr.sandro-paris.com/fr/p/short-large-strasse/SFPSH00388_10.html,short,F,"[90.19607843137256, 0.0, 3.0]"
2309,https://fr.sandro-paris.com/dw/image/v2/BCMW_PRD/on/demandware.static/-/Sites-master-catalog/default/dwb239d510/images/packshot/Sandro_SFPJU01315-B298_F_P.jpg?sw=650&sh=650,-,Jupe longue imprimé Cachemire,https://fr.sandro-paris.com/fr/p/jupe-longue-imprime-cachemire/SFPJU01315_B298.html,jupe,F,"[10.980392156862745, 1.0, 1.0]"
2310,https://fr.sandro-paris.com/dw/image/v2/BCMW_PRD/on/demandware.static/-/Sites-master-catalog/default/dw297f8f2f/images/packshot/Sandro_SFPJU01333-84_F_P.jpg?sw=650&sh=650,-,Jupe courte en laine double face,https://fr.sandro-paris.com/fr/p/jupe-courte-en-laine-double-face/SFPJU01333_84.html,jupe,F,"[21.176470588235293, 9.0, 15.0]"
2311,https://fr.sandro-paris.com/dw/image/v2/BCMW_PRD/on/demandware.static/-/Sites-master-catalog/default/dwd89b66b5/images/packshot/Sandro_SFPSH00388-20_F_P.jpg?sw=650&sh=650,-,Short large strassé,https://fr.sandro-paris.com/fr/p/short-large-strasse/SFPSH00388_20.html,short,F,"[10.588235294117647, 0.0, 0.0]"
2312,https://fr.sandro-paris.com/dw/image/v2/BCMW_PRD/on/demandware.static/-/Sites-master-catalog/default/dwdc93cca9/images/packshot/Sandro_SFPJU01188-20_F_P.jpg?sw=650&sh=650,-,Jupe courte cargo,https://fr.sandro-paris.com/fr/p/jupe-courte-cargo/SFPJU01188_20.html,jupe,F,"[10.588235294117647, 0.0, -1.0]"
2313,https://fr.sandro-paris.com/dw/image/v2/BCMW_PRD/on/demandware.static/-/Sites-master-catalog/default/dwe6930d03/images/packshot/Sandro_SFPSH00393-474_F_P.jpg?sw=650&sh=650,-,Short 2 en 1 en satin,https://fr.sandro-paris.com/fr/p/short-2-en-1-en-satin-/SFPSH00393_474.html,short,F,"[10.196078431372548, 2.0, -9.0]"
2314,https://fr.sandro-paris.com/dw/image/v2/BCMW_PRD/on/demandware.static/-/Sites-master-catalog/default/dwe6930d03/images/packshot/Sandro_SFPSH00393-474_F_P.jpg?sw=650&sh=650,-,Short 2 en 1 en satin,https://fr.sandro-paris.com/fr/p/short-2-en-1-en-satin-/SFPSH00393_474.html,short,F,"[21.568627450980394, 4.0, -13.0]"
2315,https://fr.sandro-paris.com/dw/image/v2/BCMW_PRD/on/demandware.static/-/Sites-master-catalog/default/dwe6930d03/images/packshot/Sandro_SFPSH00393-474_F_P.jpg?sw=650&sh=650,-,Short 2 en 1 en satin,https://fr.sandro-paris.com/fr/p/short-2-en-1-en-satin-/SFPSH00393_474.html,short,F,"[89.41176470588236, 1.0, -1.0]"
2316,https://fr.sandro-paris.com/dw/image/v2/BCMW_PRD/on/demandware.static/-/Sites-master-catalog/default/dwc2987a65/images/packshot/Sandro_SFPJU01290-44_F_P.jpg?sw=650&sh=650,-,Jupe courte plissée cargo,https://fr.sandro-paris.com/fr/p/jupe-courte-plissee-cargo/SFPJU01290_44.html,jupe,F,"[7.450980392156863, 4.0, -8.0]"
2317,https://fr.sandro-paris.com/dw/image/v2/BCMW_PRD/on/demandware.static/-/Sites-master-catalog/default/dw45b65d87/images/packshot/Sandro_SFPSH00419-34_F_P.jpg?sw=650&sh=650,-,Mini short jupe en satin,https://fr.sandro-paris.com/fr/p/mini-short-jupe-en-satin/SFPSH00419_34.html,jupe,F,"[29.80392156862745, 40.0, 4.0]"
2318,https://fr.sandro-paris.com/dw/image/v2/BCMW_PRD/on/demandware.static/-/Sites-master-catalog/default/dw45b65d87/images/packshot/Sandro_SFPSH00419-34_F_P.jpg?sw=650&sh=650,-,Mini short jupe en satin,https://fr.sandro-paris.com/fr/p/mini-short-jupe-en-satin/SFPSH00419_34.html,jupe,F,"[16.07843137254902, 29.0, 3.0]"
2319,https://fr.sandro-paris.com/dw/image/v2/BCMW_PRD/on/demandware.static/-/Sites-master-catalog/default/dwce1e1d59/images/packshot/Sandro_SFPJU01336-84_F_P.jpg?sw=650&sh=650,-,Jupe cargo,https://fr.sandro-paris.com/fr/p/jupe-cargo/SFPJU01336_84.html,jupe,F,"[27.84313725490196, 6.0, 12.0]"
2320,https://fr.sandro-paris.com/dw/image/v2/BCMW_PRD/on/demandware.static/-/Sites-master-catalog/default/dwce1e1d59/images/packshot/Sandro_SFPJU01336-84_F_P.jpg?sw=650&sh=650,-,Jupe cargo,https://fr.sandro-paris.com/fr/p/jupe-cargo/SFPJU01336_84.html,jupe,F,"[21.96078431372549, 5.0, 12.0]"
2321,https://fr.sandro-paris.com/dw/image/v2/BCMW_PRD/on/demandware.static/-/Sites-master-catalog/default/dwe2193f67/images/packshot/Sandro_SFPSH00412-13_F_P.jpg?sw=650&sh=650,-,Short à volants,https://fr.sandro-paris.com/fr/p/short-a-volants/SFPSH00412_13.html,short,F,"[74.11764705882354, 9.0, 32.0]"
2322,https://fr.sandro-paris.com/dw/image/v2/BCMW_PRD/on/demandware.static/-/Sites-master-catalog/default/dw416473a9/images/packshot/Sandro_SFPJU01228-44_F_P.jpg?sw=650&sh=650,-,Jupe courte en laine double face,https://fr.sandro-paris.com/fr/p/jupe-courte-en-laine-double-face/SFPJU01228_44.html,jupe,F,"[5.490196078431373, 2.0, -8.0]"
2323,https://fr.sandro-paris.com/dw/image/v2/BCMW_PRD/on/demandware.static/-/Sites-master-catalog/default/dwfaeb7f24/images/packshot/Sandro_SFPJU01248-44_F_P.jpg?sw=650&sh=650,-,Jupe longue plissée empiècements jean,https://fr.sandro-paris.com/fr/p/jupe-longue-plissee-empiecements-jean/SFPJU01248_44.html,jupe,F,"[6.666666666666667, 2.0, -13.0]"
2324,https://fr.sandro-paris.com/dw/image/v2/BCMW_PRD/on/demandware.static/-/Sites-master-catalog/default/dwfaeb7f24/images/packshot/Sandro_SFPJU01248-44_F_P.jpg?sw=650&sh=650,-,Jupe longue plissée empiècements jean,https://fr.sandro-paris.com/fr/p/jupe-longue-plissee-empiecements-jean/SFPJU01248_44.html,jupe,F,"[25.49019607843137, 4.0, -21.0]"
2325,https://fr.sandro-paris.com/dw/image/v2/BCMW_PRD/on/demandware.static/-/Sites-master-catalog/default/dw6d8813f2/images/packshot/Sandro_SFPSH00416-20_F_P.jpg?sw=650&sh=650,-,Short orné de pastilles,https://fr.sandro-paris.com/fr/p/short-orne-de-pastilles/SFPSH00416_20.html,short,F,"[14.117647058823529, 0.0, 0.0]"
2326,https://fr.sandro-paris.com/dw/image/v2/BCMW_PRD/on/demandware.static/-/Sites-master-catalog/default/dw8ee0ed1e/images/packshot/Sandro_SFPJU01282-44_F_P.jpg?sw=650&sh=650,-,Jupe courte en maille,https://fr.sandro-paris.com/fr/p/jupe-courte-en-maille/SFPJU01282_44.html,jupe,F,"[7.8431372549019605, 4.0, -7.0]"
2327,https://fr.sandro-paris.com/dw/image/v2/BCMW_PRD/on/demandware.static/-/Sites-master-catalog/default/dw2bee1175/images/packshot/Sandro_SFPJU01221-20_F_P.jpg?sw=650&sh=650,-,Jupe bimatière denim et tweed,https://fr.sandro-paris.com/fr/p/jupe-bimatiere-denim-et-tweed/SFPJU01221_20.html,jupe,F,"[8.235294117647058, 0.0, -1.0]"
2328,https://fr.sandro-paris.com/dw/image/v2/BCMW_PRD/on/demandware.static/-/Sites-master-catalog/default/dwb3344015/images/packshot/Sandro_SFPSH00413-E174_F_P.jpg?sw=650&sh=650,-,Short fluide en soie imprimée,https://fr.sandro-paris.com/fr/p/short-fluide-en-soie-imprimee-/SFPSH00413_E174.html,short,F,"[85.09803921568627, -2.0, 34.0]"
2329,https://fr.sandro-paris.com/dw/image/v2/BCMW_PRD/on/demandware.static/-/Sites-master-catalog/default/dwb3344015/images/packshot/Sandro_SFPSH00413-E174_F_P.jpg?sw=650&sh=650,-,Short fluide en soie imprimée,https://fr.sandro-paris.com/fr/p/short-fluide-en-soie-imprimee-/SFPSH00413_E174.html,short,F,"[63.52941176470588, -2.0, 32.0]"
2330,https://fr.sandro-paris.com/dw/image/v2/BCMW_PRD/on/demandware.static/-/Sites-master-catalog/default/dwca32da95/images/packshot/Sandro_SFPSH00402-47_F_P.jpg?sw=650&sh=650,-,Short en jean détails en cuir,https://fr.sandro-paris.com/fr/p/short-en-jean-details-en-cuir/SFPSH00402_47.html,short,F,"[25.882352941176475, 0.0, -13.0]"
2331,https://fr.sandro-paris.com/dw/image/v2/BCMW_PRD/on/demandware.static/-/Sites-master-catalog/default/dwca32da95/images/packshot/Sandro_SFPSH00402-47_F_P.jpg?sw=650&sh=650,-,Short en jean détails en cuir,https://fr.sandro-paris.com/fr/p/short-en-jean-details-en-cuir/SFPSH00402_47.html,short,F,"[34.90196078431372, 0.0, -9.0]"
2332,https://fr.sandro-paris.com/dw/image/v2/BCMW_PRD/on/demandware.static/-/Sites-master-catalog/default/dwc2ec1fec/images/packshot/Sandro_SFPJU01289-44_F_P.jpg?sw=650&sh=650,-,Jupe longue cargo,https://fr.sandro-paris.com/fr/p/jupe-longue-cargo/SFPJU01289_44.html,jupe,F,"[10.588235294117647, 2.0, -7.0]"
2333,https://fr.sandro-paris.com/dw/image/v2/BCMW_PRD/on/demandware.static/-/Sites-master-catalog/default/dwb213f12f/images/packshot/Sandro_SFPJU01302-G023_F_P.jpg?sw=650&sh=650,-,Jupe plissée pied de puce,https://fr.sandro-paris.com/fr/p/jupe-plissee-pied-de-puce/SFPJU01302_G023.html,jupe,F,"[52.94117647058824, 4.0, 13.0]"
2334,https://fr.sandro-paris.com/dw/image/v2/BCMW_PRD/on/demandware.static/-/Sites-master-catalog/default/dwb213f12f/images/packshot/Sandro_SFPJU01302-G023_F_P.jpg?sw=650&sh=650,-,Jupe plissée pied de puce,https://fr.sandro-paris.com/fr/p/jupe-plissee-pied-de-puce/SFPJU01302_G023.html,jupe,F,"[44.70588235294118, 4.0, 14.0]"
2335,https://fr.sandro-paris.com/dw/image/v2/BCMW_PRD/on/demandware.static/-/Sites-master-catalog/default/dw873ca7bd/images/packshot/Sandro_SFPJU01282-24_F_P.jpg?sw=650&sh=650,-,Jupe courte en maille,https://fr.sandro-paris.com/fr/p/jupe-courte-en-maille/SFPJU01282_24.html,jupe,F,"[67.84313725490196, 0.0, 2.0]"
2336,https://fr.sandro-paris.com/dw/image/v2/BCMW_PRD/on/demandware.static/-/Sites-master-catalog/default/dw2118c28b/images/packshot/Sandro_SFPJU01324-20_F_P.jpg?sw=650&sh=650,-,Jupe courte patineuse à paillettes,https://fr.sandro-paris.com/fr/p/jupe-courte-patineuse-a-paillettes/SFPJU01324_20.html,jupe,F,"[7.450980392156863, 2.0, -2.0]"
2337,https://fr.sandro-paris.com/dw/image/v2/BCMW_PRD/on/demandware.static/-/Sites-master-catalog/default/dwdf4faf68/images/packshot/Sandro_SFPJU01284-24_F_P.jpg?sw=650&sh=650,-,Jupe longue en laine,https://fr.sandro-paris.com/fr/p/jupe-longue-en-laine/SFPJU01284_24.html,jupe,F,"[70.19607843137254, -1.0, 0.0]"
2338,https://fr.sandro-paris.com/dw/image/v2/BCMW_PRD/on/demandware.static/-/Sites-master-catalog/default/dwdf4faf68/images/packshot/Sandro_SFPJU01284-24_F_P.jpg?sw=650&sh=650,-,Jupe longue en laine,https://fr.sandro-paris.com/fr/p/jupe-longue-en-laine/SFPJU01284_24.html,jupe,F,"[65.09803921568627, -1.0, 0.0]"
2339,https://fr.sandro-paris.com/dw/image/v2/BCMW_PRD/on/demandware.static/-/Sites-master-catalog/default/dw3983383c/images/packshot/Sandro_SFPJU01287-240_F_P.jpg?sw=650&sh=650,-,Jupe longue double ceinture,https://fr.sandro-paris.com/fr/p/jupe-longue-double-ceinture/SFPJU01287_240.html,jupe,F,"[23.137254901960784, 0.0, -1.0]"
2340,https://fr.sandro-paris.com/dw/image/v2/BCMW_PRD/on/demandware.static/-/Sites-master-catalog/default/dwe381416a/images/packshot/Sandro_SFPJU01190-20_F_P.jpg?sw=650&sh=650,-,Jupe courte strassée,https://fr.sandro-paris.com/fr/p/jupe-courte-strassee/SFPJU01190_20.html,jupe,F,"[7.450980392156863, 2.0, 0.0]"
2341,https://fr.sandro-paris.com/dw/image/v2/BCMW_PRD/on/demandware.static/-/Sites-master-catalog/default/dw2b56b8bc/images/packshot/Sandro_SFPJU01213-11_F_P.jpg?sw=650&sh=650,-,Jupe en maille pointelle,https://fr.sandro-paris.com/fr/p/jupe-en-maille-pointelle/SFPJU01213_11.html,jupe,F,"[89.01960784313725, 1.0, 10.0]"
2342,https://fr.sandro-paris.com/dw/image/v2/BCMW_PRD/on/demandware.static/-/Sites-master-catalog/default/dw35d042fd/images/packshot/Sandro_SFPSH00397-10_F_P.jpg?sw=650&sh=650,-,Short boxer imprimé France,https://fr.sandro-paris.com/fr/p/short-boxer-imprime-france/SFPSH00397_10.html,short,F,"[94.50980392156862, 1.0, -2.0]"
2343,https://fr.sandro-paris.com/dw/image/v2/BCMW_PRD/on/demandware.static/-/Sites-master-catalog/default/dw3beacfa4/images/packshot/Sandro_SFPSH00410-240_F_P.jpg?sw=650&sh=650,-,Short strassé,https://fr.sandro-paris.com/fr/p/short-strasse/SFPSH00410_240.html,short,F,"[12.156862745098039, 1.0, -2.0]"
2344,https://fr.sandro-paris.com/dw/image/v2/BCMW_PRD/on/demandware.static/-/Sites-master-catalog/default/dw2b8e4427/images/packshot/Sandro_SFPSH00385-D324_F_P.jpg?sw=650&sh=650,-,Short en jean brut,https://fr.sandro-paris.com/fr/p/short-en-jean-brut/SFPSH00385_D324.html,short,F,"[22.745098039215687, 1.0, -3.0]"
2345,https://fr.sandro-paris.com/dw/image/v2/BCMW_PRD/on/demandware.static/-/Sites-master-catalog/default/dwdcdbdedf/images/packshot/Sandro_SFPSH00396-20_F_P.jpg?sw=650&sh=650,-,Short cargo,https://fr.sandro-paris.com/fr/p/short-cargo/SFPSH00396_20.html,short,F,"[9.803921568627452, 2.0, -2.0]"
2346,https://fr.sandro-paris.com/dw/image/v2/BCMW_PRD/on/demandware.static/-/Sites-master-catalog/default/dw5279f87f/images/packshot/Sandro_SFACH00860-20_V_P.jpg?sw=650&sh=650,-,Baskets Flame,https://fr.sandro-paris.com/fr/p/baskets-flame/SFACH00860_20.html,sneakers,F,"[89.80392156862746, 0.0, 3.0]"
2347,https://fr.sandro-paris.com/dw/image/v2/BCMW_PRD/on/demandware.static/-/Sites-master-catalog/default/dw5279f87f/images/packshot/Sandro_SFACH00860-20_V_P.jpg?sw=650&sh=650,-,Baskets Flame,https://fr.sandro-paris.com/fr/p/baskets-flame/SFACH00860_20.html,sneakers,F,"[22.745098039215687, 1.0, 0.0]"
2348,https://fr.sandro-paris.com/dw/image/v2/BCMW_PRD/on/demandware.static/-/Sites-master-catalog/default/dwe4d5ac03/images/packshot/Sandro_SFACH01164-47_F_P.jpg?sw=650&sh=650,-,Baskets Flame,https://fr.sandro-paris.com/fr/p/baskets-flame/SFACH01164_47.html,sneakers,F,"[84.31372549019608, 1.0, 3.0]"
2349,https://fr.sandro-paris.com/dw/image/v2/BCMW_PRD/on/demandware.static/-/Sites-master-catalog/default/dwe4d5ac03/images/packshot/Sandro_SFACH01164-47_F_P.jpg?sw=650&sh=650,-,Baskets Flame,https://fr.sandro-paris.com/fr/p/baskets-flame/SFACH01164_47.html,sneakers,F,"[23.92156862745098, 2.0, -8.0]"
2350,https://fr.sandro-paris.com/dw/image/v2/BCMW_PRD/on/demandware.static/-/Sites-master-catalog/default/dwe4d5ac03/images/packshot/Sandro_SFACH01164-47_F_P.jpg?sw=650&sh=650,-,Baskets Flame,https://fr.sandro-paris.com/fr/p/baskets-flame/SFACH01164_47.html,sneakers,F,"[50.588235294117645, 1.0, -8.0]"
2351,https://fr.sandro-paris.com/dw/image/v2/BCMW_PRD/on/demandware.static/-/Sites-master-catalog/default/dwc7cc7584/images/packshot/Sandro_SFACH01024-20_V_P.jpg?sw=650&sh=650,-,Bottines en cuir,https://fr.sandro-paris.com/fr/p/bottines-en-cuir/SFACH01024_20.html,botte,F,"[12.549019607843137, 0.0, -1.0]"
2352,https://fr.sandro-paris.com/dw/image/v2/BCMW_PRD/on/demandware.static/-/Sites-master-catalog/default/dwc7cc7584/images/packshot/Sandro_SFACH01024-20_V_P.jpg?sw=650&sh=650,-,Bottines en cuir,https://fr.sandro-paris.com/fr/p/bottines-en-cuir/SFACH01024_20.html,botte,F,"[40.0, 1.0, -1.0]"
2353,https://fr.sandro-paris.com/dw/image/v2/BCMW_PRD/on/demandware.static/-/Sites-master-catalog/default/dw7a539853/images/packshot/Sandro_SFACH01186-10_F_P.jpg?sw=650&sh=650,-,Baskets Flame,https://fr.sandro-paris.com/fr/p/baskets-flame/SFACH01186_10.html,sneakers,F,"[85.49019607843137, 1.0, 4.0]"
2354,https://fr.sandro-paris.com/dw/image/v2/BCMW_PRD/on/demandware.static/-/Sites-master-catalog/default/dw1e981db8/images/packshot/Sandro_SFACH01136-20_F_P.jpg?sw=650&sh=650,-,Mocassins western,https://fr.sandro-paris.com/fr/p/mocassins-western/SFACH01136_20.html,Chaussures de ville,F,"[10.980392156862745, 1.0, 1.0]"
2355,https://fr.sandro-paris.com/dw/image/v2/BCMW_PRD/on/demandware.static/-/Sites-master-catalog/default/dw1e981db8/images/packshot/Sandro_SFACH01136-20_F_P.jpg?sw=650&sh=650,-,Mocassins western,https://fr.sandro-paris.com/fr/p/mocassins-western/SFACH01136_20.html,Chaussures de ville,F,"[88.62745098039215, 0.0, 1.0]"
2356,https://fr.sandro-paris.com/dw/image/v2/BCMW_PRD/on/demandware.static/-/Sites-master-catalog/default/dwb2989025/images/packshot/Sandro_SFACH01172-34_F_P.jpg?sw=650&sh=650,-,Mocassins strassés et cloutés en cuir,https://fr.sandro-paris.com/fr/p/mocassins-strasses-et-cloutes-en-cuir-/SFACH01172_34.html,Chaussures de ville,F,"[18.03921568627451, 9.0, 2.0]"
2357,https://fr.sandro-paris.com/dw/image/v2/BCMW_PRD/on/demandware.static/-/Sites-master-catalog/default/dwb2989025/images/packshot/Sandro_SFACH01172-34_F_P.jpg?sw=650&sh=650,-,Mocassins strassés et cloutés en cuir,https://fr.sandro-paris.com/fr/p/mocassins-strasses-et-cloutes-en-cuir-/SFACH01172_34.html,Chaussures de ville,F,"[89.80392156862746, 1.0, 1.0]"
2358,https://fr.sandro-paris.com/dw/image/v2/BCMW_PRD/on/demandware.static/-/Sites-master-catalog/default/dwb48c826b/images/packshot/Sandro_SFACH01180-16_F_P.jpg?sw=650&sh=650,-,Mocassins en peau lainée,https://fr.sandro-paris.com/fr/p/mocassins-en-peau-lainee/SFACH01180_16.html,Chaussures de ville,F,"[66.66666666666666, 13.0, 38.0]"
2359,https://fr.sandro-paris.com/dw/image/v2/BCMW_PRD/on/demandware.static/-/Sites-master-catalog/default/dwb48c826b/images/packshot/Sandro_SFACH01180-16_F_P.jpg?sw=650&sh=650,-,Mocassins en peau lainée,https://fr.sandro-paris.com/fr/p/mocassins-en-peau-lainee/SFACH01180_16.html,Chaussures de ville,F,"[88.62745098039215, 2.0, 7.0]"
2360,https://fr.sandro-paris.com/dw/image/v2/BCMW_PRD/on/demandware.static/-/Sites-master-catalog/default/dwb9e5e971/images/packshot/Sandro_SFACH01002-20_V_P.jpg?sw=650&sh=650,-,Bottes biker en cuir,https://fr.sandro-paris.com/fr/p/bottes-biker-en-cuir/SFACH01002_20.html,bottes,F,"[14.901960784313726, 0.0, 0.0]"
2361,https://fr.sandro-paris.com/dw/image/v2/BCMW_PRD/on/demandware.static/-/Sites-master-catalog/default/dw3f6705cd/images/packshot/Sandro_SFACH01007-20_V_P.jpg?sw=650&sh=650,-,Escarpins en daim,https://fr.sandro-paris.com/fr/p/escarpins-en-daim/SFACH01007_20.html,escarpin,F,"[4.313725490196078, 0.0, 2.0]"
2362,https://fr.sandro-paris.com/dw/image/v2/BCMW_PRD/on/demandware.static/-/Sites-master-catalog/default/dwcc9ed829/images/hi-res/Sandro_SFACH01195-G023_F_1.jpg?sw=2000&sh=2000,-,Bottines fourrées,https://fr.sandro-paris.com/fr/p/bottines-fourrees/SFACH01195_G023.html,bottes,F,"[16.470588235294116, 8.0, 6.0]"
2363,https://fr.sandro-paris.com/dw/image/v2/BCMW_PRD/on/demandware.static/-/Sites-master-catalog/default/dwcc9ed829/images/hi-res/Sandro_SFACH01195-G023_F_1.jpg?sw=2000&sh=2000,-,Bottines fourrées,https://fr.sandro-paris.com/fr/p/bottines-fourrees/SFACH01195_G023.html,bottes,F,"[36.86274509803922, 11.0, 7.0]"
2364,https://fr.sandro-paris.com/dw/image/v2/BCMW_PRD/on/demandware.static/-/Sites-master-catalog/default/dwbe023359/images/packshot/Sandro_SFACH01197-20_F_P.jpg?sw=650&sh=650,-,Bottines en cuir,https://fr.sandro-paris.com/fr/p/bottines-en-cuir/SFACH01197_20.html,bottes,F,"[26.27450980392157, 1.0, 0.0]"
2365,https://fr.sandro-paris.com/dw/image/v2/BCMW_PRD/on/demandware.static/-/Sites-master-catalog/default/dwbe023359/images/packshot/Sandro_SFACH01197-20_F_P.jpg?sw=650&sh=650,-,Bottines en cuir,https://fr.sandro-paris.com/fr/p/bottines-en-cuir/SFACH01197_20.html,bottes,F,"[85.49019607843137, 0.0, 1.0]"
2366,https://fr.sandro-paris.com/dw/image/v2/BCMW_PRD/on/demandware.static/-/Sites-master-catalog/default/dw1a0eb4bd/images/packshot/Sandro_SFACH01171-34_F_P.jpg?sw=650&sh=650,-,Bottes hautes à bouts carrés,https://fr.sandro-paris.com/fr/p/bottes-hautes-a-bouts-carres/SFACH01171_34.html,bottes,F,"[16.862745098039216, 10.0, 3.0]"
2367,https://fr.sandro-paris.com/dw/image/v2/BCMW_PRD/on/demandware.static/-/Sites-master-catalog/default/dw1a0eb4bd/images/packshot/Sandro_SFACH01171-34_F_P.jpg?sw=650&sh=650,-,Bottes hautes à bouts carrés,https://fr.sandro-paris.com/fr/p/bottes-hautes-a-bouts-carres/SFACH01171_34.html,bottes,F,"[41.96078431372549, 9.0, 2.0]"
2368,https://fr.sandro-paris.com/dw/image/v2/BCMW_PRD/on/demandware.static/-/Sites-master-catalog/default/dw86277013/images/packshot/Sandro_SFACH01184-G023_F_P.jpg?sw=650&sh=650,-,Mocassins en cuir patiné,https://fr.sandro-paris.com/fr/p/mocassins-en-cuir-patine/SFACH01184_G023.html,Chaussures de ville,F,"[15.294117647058824, 3.0, 3.0]"
2369,https://fr.sandro-paris.com/dw/image/v2/BCMW_PRD/on/demandware.static/-/Sites-master-catalog/default/dw86277013/images/packshot/Sandro_SFACH01184-G023_F_P.jpg?sw=650&sh=650,-,Mocassins en cuir patiné,https://fr.sandro-paris.com/fr/p/mocassins-en-cuir-patine/SFACH01184_G023.html,Chaussures de ville,F,"[89.41176470588236, 0.0, 2.0]"
2370,https://fr.sandro-paris.com/dw/image/v2/BCMW_PRD/on/demandware.static/-/Sites-master-catalog/default/dwf37f7f94/images/packshot/Sandro_SFACH01204-20_F_P.jpg?sw=650&sh=650,-,Boots Chelsea en cuir craquelé,https://fr.sandro-paris.com/fr/p/boots-chelsea-en-cuir-craquele/SFACH01204_20.html,Bottes,F,"[18.823529411764707, 1.0, 4.0]"
2371,https://nestorevintage.fr/cdn/shop/files/0E868EF1-5CD4-4ADF-A5EA-EA2C0BB749EE.jpg?v=1738696361&width=2048,https://nestorevintage.fr/cdn/shop/files/4AE4D682-4574-46FC-9C68-86A1F72CFDB0.jpg?v=1738696361&width=2048,Jean baggy RMC (S),https://nestorevintage.fr/products/jean-baggy-rmc-1,Jean,H,"[19.215686274509807, 2.0, -15.0]"
2372,https://nestorevintage.fr/cdn/shop/files/0E868EF1-5CD4-4ADF-A5EA-EA2C0BB749EE.jpg?v=1738696361&width=2048,https://nestorevintage.fr/cdn/shop/files/4AE4D682-4574-46FC-9C68-86A1F72CFDB0.jpg?v=1738696361&width=2048,Jean baggy RMC (S),https://nestorevintage.fr/products/jean-baggy-rmc-1,Jean,H,"[31.76470588235294, 0.0, -14.0]"
2373,https://nestorevintage.fr/cdn/shop/files/ED396D2D-3F7B-4FD3-862B-78660B6F067F.jpg?v=1738696260&width=2048,https://nestorevintage.fr/cdn/shop/files/E96F511D-DECA-4C6C-836E-E26DB2DEF734.jpg?v=1738696260&width=2048,Jean baggy Evisu Daicock (S),https://nestorevintage.fr/products/jean-baggy-evisu-seagull-s,Jean,H,"[13.725490196078432, 0.0, -6.0]"
2374,https://nestorevintage.fr/cdn/shop/files/ED396D2D-3F7B-4FD3-862B-78660B6F067F.jpg?v=1738696260&width=2048,https://nestorevintage.fr/cdn/shop/files/E96F511D-DECA-4C6C-836E-E26DB2DEF734.jpg?v=1738696260&width=2048,Jean baggy Evisu Daicock (S),https://nestorevintage.fr/products/jean-baggy-evisu-seagull-s,Jean,H,"[81.96078431372548, -6.0, 3.0]"
2375,https://nestorevintage.fr/cdn/shop/files/E8B579E4-9AF8-402F-87AE-1B1832F3506B.jpg?v=1738696168&width=2048,https://nestorevintage.fr/cdn/shop/files/C0E02A03-0C0C-4FE3-A358-A7685CA4C8D1.jpg?v=1738696168&width=2048,Jean baggy Evisu Seagull (S),https://nestorevintage.fr/products/copie-jean-baggy-evisu-seagull-l,Jean,H,"[16.07843137254902, 2.0, -13.0]"
2376,https://nestorevintage.fr/cdn/shop/files/E8B579E4-9AF8-402F-87AE-1B1832F3506B.jpg?v=1738696168&width=2048,https://nestorevintage.fr/cdn/shop/files/C0E02A03-0C0C-4FE3-A358-A7685CA4C8D1.jpg?v=1738696168&width=2048,Jean baggy Evisu Seagull (S),https://nestorevintage.fr/products/copie-jean-baggy-evisu-seagull-l,Jean,H,"[30.58823529411765, 0.0, -13.0]"
2377,https://nestorevintage.fr/cdn/shop/files/DF753C20-ECC1-484E-B0CB-DABFDC3E89D8.jpg?v=1738519439&width=2048,https://nestorevintage.fr/cdn/shop/files/E2BDC2D3-771D-4A05-8183-1D1A4A93234F.jpg?v=1738519439&width=2048,Jean baggy Evisu daicock (L),https://nestorevintage.fr/products/jean-baggy-evisu-daicock-s-6,Jean,H,"[22.745098039215687, -1.0, -14.0]"
2378,https://nestorevintage.fr/cdn/shop/files/DF753C20-ECC1-484E-B0CB-DABFDC3E89D8.jpg?v=1738519439&width=2048,https://nestorevintage.fr/cdn/shop/files/E2BDC2D3-771D-4A05-8183-1D1A4A93234F.jpg?v=1738519439&width=2048,Jean baggy Evisu daicock (L),https://nestorevintage.fr/products/jean-baggy-evisu-daicock-s-6,Jean,H,"[32.94117647058823, -1.0, -14.0]"
2379,https://nestorevintage.fr/cdn/shop/files/D863F90B-8153-4F0A-8F2B-C876CF6327B1.jpg?v=1738519363&width=2048,https://nestorevintage.fr/cdn/shop/files/854B34BD-B80C-44E3-BD84-FBBF6F68B4EA.jpg?v=1738519363&width=2048,Jean baggy Evisu daicock (M),https://nestorevintage.fr/products/jean-baggy-evisu-daicock-s-1,Jean,H,"[17.647058823529413, 0.0, -6.0]"
2380,https://nestorevintage.fr/cdn/shop/files/35A298B0-7529-4FDD-920F-FABACDD9FE71.jpg?v=1738519297&width=2048,https://nestorevintage.fr/cdn/shop/files/E5EE0ADD-C0EC-47BD-9A56-DA6B0A21A3B2.jpg?v=1738519297&width=2048,Jean baggy Evisu daicock (S),https://nestorevintage.fr/products/jean-baggy-evisu-daicock-m-3,Jean,H,"[14.50980392156863, 1.0, -7.0]"
2381,https://nestorevintage.fr/cdn/shop/files/IMG_4962.jpg?v=1738262619&width=2048,https://nestorevintage.fr/cdn/shop/files/IMG_4963.jpg?v=1738262619&width=2048,Jean baggy Evisu daicock (S),https://nestorevintage.fr/products/jean-baggy-evisu-daicock-s,Jean,H,"[12.941176470588237, 0.0, -3.0]"
2382,https://nestorevintage.fr/cdn/shop/files/IMG_4962.jpg?v=1738262619&width=2048,https://nestorevintage.fr/cdn/shop/files/IMG_4963.jpg?v=1738262619&width=2048,Jean baggy Evisu daicock (S),https://nestorevintage.fr/products/jean-baggy-evisu-daicock-s,Jean,H,"[26.27450980392157, 1.0, -2.0]"
2383,https://nestorevintage.fr/cdn/shop/files/4301A096-C373-4304-824D-230044597957.jpg?v=1738174385&width=2048,https://nestorevintage.fr/cdn/shop/files/9D6CC6DC-FD63-4E70-ABDC-C076E0EB475F.jpg?v=1738174385&width=2048,Jean baggy RMC (S),https://nestorevintage.fr/products/jean-baggy-rmc-s,Jean,H,"[19.607843137254903, 0.0, -12.0]"
2384,https://nestorevintage.fr/cdn/shop/files/4301A096-C373-4304-824D-230044597957.jpg?v=1738174385&width=2048,https://nestorevintage.fr/cdn/shop/files/9D6CC6DC-FD63-4E70-ABDC-C076E0EB475F.jpg?v=1738174385&width=2048,Jean baggy RMC (S),https://nestorevintage.fr/products/jean-baggy-rmc-s,Jean,H,"[38.43137254901961, -2.0, -4.0]"
2385,https://nestorevintage.fr/cdn/shop/files/325F55EE-EEE5-42FD-88F5-0F62ED7EC349.jpg?v=1738174304&width=2048,https://nestorevintage.fr/cdn/shop/files/6A19E1C7-68C8-48E6-A496-16F4D6241BD5.jpg?v=1738174304&width=2048,Jean baggy HipHop (S),https://nestorevintage.fr/products/jean-baggy-hiphop-l,Jean,H,"[20.392156862745097, 1.0, -11.0]"
2386,https://nestorevintage.fr/cdn/shop/files/325F55EE-EEE5-42FD-88F5-0F62ED7EC349.jpg?v=1738174304&width=2048,https://nestorevintage.fr/cdn/shop/files/6A19E1C7-68C8-48E6-A496-16F4D6241BD5.jpg?v=1738174304&width=2048,Jean baggy HipHop (S),https://nestorevintage.fr/products/jean-baggy-hiphop-l,Jean,H,"[36.07843137254902, -1.0, -11.0]"
2387,https://nestorevintage.fr/cdn/shop/files/CACD90E3-C40D-488C-A3F4-5429AC596735.jpg?v=1738174243&width=2048,https://nestorevintage.fr/cdn/shop/files/E3B7348F-C9ED-43EC-AB1D-B26BE47810BA.jpg?v=1738174243&width=2048,Jean baggy ECKO HipHop (L),https://nestorevintage.fr/products/jean-baggy-hiphop,Jean,H,"[53.72549019607843, -5.0, 0.0]"
2388,https://nestorevintage.fr/cdn/shop/files/CACD90E3-C40D-488C-A3F4-5429AC596735.jpg?v=1738174243&width=2048,https://nestorevintage.fr/cdn/shop/files/E3B7348F-C9ED-43EC-AB1D-B26BE47810BA.jpg?v=1738174243&width=2048,Jean baggy ECKO HipHop (L),https://nestorevintage.fr/products/jean-baggy-hiphop,Jean,H,"[68.23529411764706, -6.0, 1.0]"
2389,https://nestorevintage.fr/cdn/shop/files/CACD90E3-C40D-488C-A3F4-5429AC596735.jpg?v=1738174243&width=2048,https://nestorevintage.fr/cdn/shop/files/E3B7348F-C9ED-43EC-AB1D-B26BE47810BA.jpg?v=1738174243&width=2048,Jean baggy ECKO HipHop (L),https://nestorevintage.fr/products/jean-baggy-hiphop,Jean,H,"[37.254901960784316, -2.0, 0.0]"
2390,https://nestorevintage.fr/cdn/shop/files/0D56875E-AA19-4892-AA50-1F8AB64B3ED5.jpg?v=1738174139&width=2048,https://nestorevintage.fr/cdn/shop/files/EF3DD64A-D18C-4BCF-AF08-AA009B8352ED.jpg?v=1738174139&width=2048,Jean baggy Evisu daicock (S),https://nestorevintage.fr/products/jean-baggy-evisu-daicock-l-4,Jean,H,"[14.901960784313726, 1.0, -2.0]"
2391,https://nestorevintage.fr/cdn/shop/files/F55E53AF-43DE-4D73-B739-5233CA934D8B.jpg?v=1738174054&width=2048,https://nestorevintage.fr/cdn/shop/files/91E1B9B2-3AAF-4C9F-97D7-95955A80B53A.jpg?v=1738174054&width=2048,Jean baggy Evisu daicock (L),https://nestorevintage.fr/products/jean-baggy-evisu-daicock-60,Jean,H,"[14.117647058823529, 0.0, -7.0]"
2392,https://nestorevintage.fr/cdn/shop/files/A3C37DB8-0180-4DBA-829F-B9698D991F02.jpg?v=1738173955&width=2048,https://nestorevintage.fr/cdn/shop/files/59E68C75-2BBE-4B23-97F5-783D4E579572.jpg?v=1738173955&width=2048,Jean baggy Evisu multi pocket (M),https://nestorevintage.fr/products/jean-baggy-evisu-daicock-m-2,Jean,H,"[7.0588235294117645, 2.0, -6.0]"
2393,https://nestorevintage.fr/cdn/shop/files/A3C37DB8-0180-4DBA-829F-B9698D991F02.jpg?v=1738173955&width=2048,https://nestorevintage.fr/cdn/shop/files/59E68C75-2BBE-4B23-97F5-783D4E579572.jpg?v=1738173955&width=2048,Jean baggy Evisu multi pocket (M),https://nestorevintage.fr/products/jean-baggy-evisu-daicock-m-2,Jean,H,"[20.784313725490197, 1.0, -5.0]"
2394,https://nestorevintage.fr/cdn/shop/files/40E483EE-C01E-4F13-9205-370E115341C9.jpg?v=1737899615&width=2048,https://nestorevintage.fr/cdn/shop/files/1E0AC905-CEDD-4C5E-8831-EF9A5750EC9F.jpg?v=1737899615&width=2048,Veste en jean Evisu x Palace (M),https://nestorevintage.fr/products/veste-en-jean-evisu-x-palace,Veste,H,"[54.509803921568626, -3.0, -7.0]"
2395,https://nestorevintage.fr/cdn/shop/files/40E483EE-C01E-4F13-9205-370E115341C9.jpg?v=1737899615&width=2048,https://nestorevintage.fr/cdn/shop/files/1E0AC905-CEDD-4C5E-8831-EF9A5750EC9F.jpg?v=1737899615&width=2048,Veste en jean Evisu x Palace (M),https://nestorevintage.fr/products/veste-en-jean-evisu-x-palace,Veste,H,"[31.372549019607842, -2.0, -9.0]"
2396,https://nestorevintage.fr/cdn/shop/files/40E483EE-C01E-4F13-9205-370E115341C9.jpg?v=1737899615&width=2048,https://nestorevintage.fr/cdn/shop/files/1E0AC905-CEDD-4C5E-8831-EF9A5750EC9F.jpg?v=1737899615&width=2048,Veste en jean Evisu x Palace (M),https://nestorevintage.fr/products/veste-en-jean-evisu-x-palace,Veste,H,"[76.86274509803923, -3.0, -3.0]"
2397,https://nestorevintage.fr/cdn/shop/files/6A2BDB0F-C8F1-4ADD-8C69-F6A6BB7A3C36.jpg?v=1737896742&width=2048,https://nestorevintage.fr/cdn/shop/files/06EC6029-F68F-44D4-9DB5-0F3ADD31EAEA.jpg?v=1737896742&width=2048,Jean baggy Evisu Seagull (M),https://nestorevintage.fr/products/jean-baggy-evisu-seagull-39,Jean,H,"[16.470588235294116, 1.0, -8.0]"
2398,https://nestorevintage.fr/cdn/shop/files/6A2BDB0F-C8F1-4ADD-8C69-F6A6BB7A3C36.jpg?v=1737896742&width=2048,https://nestorevintage.fr/cdn/shop/files/06EC6029-F68F-44D4-9DB5-0F3ADD31EAEA.jpg?v=1737896742&width=2048,Jean baggy Evisu Seagull (M),https://nestorevintage.fr/products/jean-baggy-evisu-seagull-39,Jean,H,"[32.15686274509804, 0.0, -7.0]"
2399,https://nestorevintage.fr/cdn/shop/files/0F2F8EFA-266D-4B29-9718-7165B086B7A0.jpg?v=1737896710&width=2048,https://nestorevintage.fr/cdn/shop/files/26208365-6384-42A8-ADC8-7D8A4620776A.jpg?v=1737896710&width=2048,Jean baggy Evisu Seagull (L),https://nestorevintage.fr/products/jean-baggy-evisu-seagull-38,Jean,H,"[20.392156862745097, 0.0, -13.0]"
2400,https://nestorevintage.fr/cdn/shop/files/0F2F8EFA-266D-4B29-9718-7165B086B7A0.jpg?v=1737896710&width=2048,https://nestorevintage.fr/cdn/shop/files/26208365-6384-42A8-ADC8-7D8A4620776A.jpg?v=1737896710&width=2048,Jean baggy Evisu Seagull (L),https://nestorevintage.fr/products/jean-baggy-evisu-seagull-38,Jean,H,"[33.33333333333333, 0.0, -14.0]"
2401,https://nestorevintage.fr/cdn/shop/files/E3CE52CE-0585-4EDC-94B0-9356213104DC.jpg?v=1737896674&width=2048,https://nestorevintage.fr/cdn/shop/files/72CDC15E-469D-4F77-BB8F-8C2AE06FAB4E.jpg?v=1737896674&width=2048,Jean baggy Evisu Seagull (XL),https://nestorevintage.fr/products/jean-baggy-evisu-seagull-37,Jean,H,"[14.901960784313726, 1.0, -7.0]"
2402,https://nestorevintage.fr/cdn/shop/files/B8ACBA66-E0CA-4860-BACC-E65073C2BB75.jpg?v=1737896651&width=2048,https://nestorevintage.fr/cdn/shop/files/2016DC7F-188C-4B00-B71D-49C56EBFBC64.jpg?v=1737896651&width=2048,Jean baggy Evisu Seagull (XL),https://nestorevintage.fr/products/jean-baggy-evisu-seagull-36,Jean,H,"[13.725490196078432, 0.0, -6.0]"
2403,https://nestorevintage.fr/cdn/shop/files/B8ACBA66-E0CA-4860-BACC-E65073C2BB75.jpg?v=1737896651&width=2048,https://nestorevintage.fr/cdn/shop/files/2016DC7F-188C-4B00-B71D-49C56EBFBC64.jpg?v=1737896651&width=2048,Jean baggy Evisu Seagull (XL),https://nestorevintage.fr/products/jean-baggy-evisu-seagull-36,Jean,H,"[24.705882352941178, 0.0, -5.0]"
2404,https://nestorevintage.fr/cdn/shop/files/D8A03355-F813-4996-A327-7E98D47AD72D.jpg?v=1737896603&width=2048,https://nestorevintage.fr/cdn/shop/files/ED9751F0-00B4-4E24-B8E8-B7A362728BAB.jpg?v=1737896604&width=2048,Jean baggy Evisu Seagull (M),https://nestorevintage.fr/products/jean-baggy-evisu-seagull-35,Jean,H,"[20.0, 0.0, -6.0]"
2405,https://nestorevintage.fr/cdn/shop/files/5D9CC014-87AB-4DDB-A399-3799995C1DA4.jpg?v=1737896570&width=2048,https://nestorevintage.fr/cdn/shop/files/3595DA03-A053-40A3-A144-F48BF134D873.jpg?v=1737896570&width=2048,Jean baggy Evisu Seagull (L),https://nestorevintage.fr/products/jean-baggy-evisu-daicock-59,Jean,H,"[13.333333333333334, 0.0, -7.0]"
2406,https://nestorevintage.fr/cdn/shop/files/5D9CC014-87AB-4DDB-A399-3799995C1DA4.jpg?v=1737896570&width=2048,https://nestorevintage.fr/cdn/shop/files/3595DA03-A053-40A3-A144-F48BF134D873.jpg?v=1737896570&width=2048,Jean baggy Evisu Seagull (L),https://nestorevintage.fr/products/jean-baggy-evisu-daicock-59,Jean,H,"[23.137254901960784, 1.0, -7.0]"
2407,https://nestorevintage.fr/cdn/shop/files/583F842B-4477-4B3C-94CC-00B0D7608271.jpg?v=1737896530&width=2048,https://nestorevintage.fr/cdn/shop/files/BC1ADA98-8362-4840-9E55-CE0741778D53.jpg?v=1737896529&width=2048,Jean baggy Evisu Daicock (L),https://nestorevintage.fr/products/jean-baggy-evisu-daicock-32,Jean,H,"[12.941176470588237, 1.0, -4.0]"
2408,https://nestorevintage.fr/cdn/shop/files/583F842B-4477-4B3C-94CC-00B0D7608271.jpg?v=1737896530&width=2048,https://nestorevintage.fr/cdn/shop/files/BC1ADA98-8362-4840-9E55-CE0741778D53.jpg?v=1737896529&width=2048,Jean baggy Evisu Daicock (L),https://nestorevintage.fr/products/jean-baggy-evisu-daicock-32,Jean,H,"[23.92156862745098, 1.0, -3.0]"
2409,https://nestorevintage.fr/cdn/shop/files/22924F88-AC8D-4F9F-8EAA-7E04EBAC85ED.jpg?v=1737896499&width=2048,https://nestorevintage.fr/cdn/shop/files/C95C5024-15D5-492F-8EA8-A98DE38B3433.jpg?v=1737896500&width=2048,Jean baggy Evisu Daicock (L),https://nestorevintage.fr/products/copie-jean-baggy-evisu-daicock-xl,Jean,H,"[15.686274509803921, 1.0, -1.0]"
2410,https://nestorevintage.fr/cdn/shop/files/990BB083-5A15-4FBC-809E-3EAE9CDF2ECF.jpg?v=1737289930&width=2048,https://nestorevintage.fr/cdn/shop/files/FB26C097-BC0C-482C-909C-796CA1C3EE7B.jpg?v=1737289929&width=2048,Jean baggy Evisu Daicock (XL),https://nestorevintage.fr/products/jean-baggy-evisu-daicock-26,Jean,H,"[16.470588235294116, 0.0, -3.0]"
2411,https://nestorevintage.fr/cdn/shop/files/3B187F6C-B70E-4D7B-AB79-3BF87172B6D7.jpg?v=1737289717&width=2048,https://nestorevintage.fr/cdn/shop/files/4FAB7C23-E7A6-46D0-BF9F-2219C1452373.jpg?v=1737289717&width=2048,Jean baggy Evisu Seagull (XL),https://nestorevintage.fr/products/jean-baggy-evisu-seagull-33,Jean,H,"[24.705882352941178, -1.0, -12.0]"
2412,https://nestorevintage.fr/cdn/shop/files/3B187F6C-B70E-4D7B-AB79-3BF87172B6D7.jpg?v=1737289717&width=2048,https://nestorevintage.fr/cdn/shop/files/4FAB7C23-E7A6-46D0-BF9F-2219C1452373.jpg?v=1737289717&width=2048,Jean baggy Evisu Seagull (XL),https://nestorevintage.fr/products/jean-baggy-evisu-seagull-33,Jean,H,"[40.3921568627451, -2.0, -10.0]"
2413,https://nestorevintage.fr/cdn/shop/files/EA06E549-F674-436B-A278-6C7D9A615F46.jpg?v=1737289621&width=2048,https://nestorevintage.fr/cdn/shop/files/5A429E37-D5EF-47C3-8A4B-48F99E21BAAF.jpg?v=1737289621&width=2048,Jean baggy Evisu Seagull (L),https://nestorevintage.fr/products/jean-baggy-evisu-seagull-32,Jean,H,"[16.07843137254902, 2.0, -12.0]"
2414,https://nestorevintage.fr/cdn/shop/files/EA06E549-F674-436B-A278-6C7D9A615F46.jpg?v=1737289621&width=2048,https://nestorevintage.fr/cdn/shop/files/5A429E37-D5EF-47C3-8A4B-48F99E21BAAF.jpg?v=1737289621&width=2048,Jean baggy Evisu Seagull (L),https://nestorevintage.fr/products/jean-baggy-evisu-seagull-32,Jean,H,"[29.01960784313726, 1.0, -13.0]"
2415,https://nestorevintage.fr/cdn/shop/files/F7307EC7-4D3D-49FF-9F32-FF151208CDAA.jpg?v=1737289484&width=2048,https://nestorevintage.fr/cdn/shop/files/6A7F1BD1-2FC5-498F-BD75-ED4D8AD51596.jpg?v=1737289484&width=2048,Jean baggy Evisu Seagull (XL),https://nestorevintage.fr/products/jean-baggy-evisu-seagull-30,Jean,H,"[18.43137254901961, 1.0, -14.0]"
2416,https://nestorevintage.fr/cdn/shop/files/F7307EC7-4D3D-49FF-9F32-FF151208CDAA.jpg?v=1737289484&width=2048,https://nestorevintage.fr/cdn/shop/files/6A7F1BD1-2FC5-498F-BD75-ED4D8AD51596.jpg?v=1737289484&width=2048,Jean baggy Evisu Seagull (XL),https://nestorevintage.fr/products/jean-baggy-evisu-seagull-30,Jean,H,"[31.76470588235294, 1.0, -16.0]"
2417,https://nestorevintage.fr/cdn/shop/files/A4E16B1A-48BD-4E3A-A95E-FBF12CB3FECF.jpg?v=1737289442&width=2048,https://nestorevintage.fr/cdn/shop/files/2941DC21-9999-4392-B142-2FBE05B5F9FD.jpg?v=1737289442&width=2048,Jean baggy Evisu Seagull (XL),https://nestorevintage.fr/products/jean-baggy-evisu-seagull-29,Jean,H,"[42.35294117647059, -1.0, -13.0]"
2418,https://nestorevintage.fr/cdn/shop/files/A4E16B1A-48BD-4E3A-A95E-FBF12CB3FECF.jpg?v=1737289442&width=2048,https://nestorevintage.fr/cdn/shop/files/2941DC21-9999-4392-B142-2FBE05B5F9FD.jpg?v=1737289442&width=2048,Jean baggy Evisu Seagull (XL),https://nestorevintage.fr/products/jean-baggy-evisu-seagull-29,Jean,H,"[27.84313725490196, -1.0, -14.0]"
2419,https://nestorevintage.fr/cdn/shop/files/51CEF11C-3CA5-4B0B-A5D4-3783BA41F010.jpg?v=1737289390&width=2048,https://nestorevintage.fr/cdn/shop/files/B78E3F41-7AAA-421C-A3B7-314C08F299F7.jpg?v=1737289389&width=2048,Jean baggy Evisu Seagull (XL),https://nestorevintage.fr/products/jean-baggy-style-karakuri-4,Jean,H,"[47.45098039215686, -4.0, -13.0]"
2420,https://nestorevintage.fr/cdn/shop/files/51CEF11C-3CA5-4B0B-A5D4-3783BA41F010.jpg?v=1737289390&width=2048,https://nestorevintage.fr/cdn/shop/files/B78E3F41-7AAA-421C-A3B7-314C08F299F7.jpg?v=1737289389&width=2048,Jean baggy Evisu Seagull (XL),https://nestorevintage.fr/products/jean-baggy-style-karakuri-4,Jean,H,"[31.372549019607842, -2.0, -13.0]"
2421,https://nestorevintage.fr/cdn/shop/files/ABE348CC-E537-4682-A63F-34D8C26706E1.jpg?v=1737289311&width=2048,https://nestorevintage.fr/cdn/shop/files/29550E9D-84BC-4F79-9A7A-1C6682C40516.jpg?v=1737289311&width=2048,Jean baggy style Karakuri (S),https://nestorevintage.fr/products/jean-baggy-style-karakuri-3,Jean,H,"[23.52941176470588, -4.0, -8.0]"
2422,https://nestorevintage.fr/cdn/shop/files/ABE348CC-E537-4682-A63F-34D8C26706E1.jpg?v=1737289311&width=2048,https://nestorevintage.fr/cdn/shop/files/29550E9D-84BC-4F79-9A7A-1C6682C40516.jpg?v=1737289311&width=2048,Jean baggy style Karakuri (S),https://nestorevintage.fr/products/jean-baggy-style-karakuri-3,Jean,H,"[39.6078431372549, -5.0, -7.0]"
2423,https://nestorevintage.fr/cdn/shop/files/7EF68A91-3888-47DB-B8C5-EBD6F1F4CF58.jpg?v=1737289197&width=2048,https://nestorevintage.fr/cdn/shop/files/E17F49FB-67C3-4E91-8DFA-87EC44E86303.jpg?v=1737289197&width=2048,Jean baggy Bape (M),https://nestorevintage.fr/products/jean-baggy-evisu-daicock-m-1,Jean,H,"[27.84313725490196, -2.0, -12.0]"
2424,https://nestorevintage.fr/cdn/shop/files/7EF68A91-3888-47DB-B8C5-EBD6F1F4CF58.jpg?v=1737289197&width=2048,https://nestorevintage.fr/cdn/shop/files/E17F49FB-67C3-4E91-8DFA-87EC44E86303.jpg?v=1737289197&width=2048,Jean baggy Bape (M),https://nestorevintage.fr/products/jean-baggy-evisu-daicock-m-1,Jean,H,"[45.09803921568628, -3.0, -11.0]"
2425,https://nestorevintage.fr/cdn/shop/files/IMG_2136_787cd8c9-0c4d-49bb-aa7a-86ef44d01423.jpg?v=1736695801&width=2048,https://nestorevintage.fr/cdn/shop/files/IMG_2139.jpg?v=1736695801&width=2048,Jean baggy FUBU (XL),https://nestorevintage.fr/products/jean-baggy-billionaire-boys-club,Jean,H,"[18.03921568627451, 1.0, -3.0]"
2426,https://nestorevintage.fr/cdn/shop/files/IMG_2136_787cd8c9-0c4d-49bb-aa7a-86ef44d01423.jpg?v=1736695801&width=2048,https://nestorevintage.fr/cdn/shop/files/IMG_2139.jpg?v=1736695801&width=2048,Jean baggy FUBU (XL),https://nestorevintage.fr/products/jean-baggy-billionaire-boys-club,Jean,H,"[30.58823529411765, 1.0, -3.0]"
2427,https://nestorevintage.fr/cdn/shop/files/IMG_2133_8fd1cbb0-dc92-4526-a92a-1686e9ebd455.jpg?v=1736695736&width=2048,https://nestorevintage.fr/cdn/shop/files/IMG_2130_ccd2b2a4-f084-4f59-b023-4587d20115ab.jpg?v=1736695736&width=2048,Jean baggy Billionaire Boys Club (L),https://nestorevintage.fr/products/jean-baggy-japonais-copie,Jean,H,"[17.647058823529413, 1.0, -6.0]"
2428,https://nestorevintage.fr/cdn/shop/files/IMG_2133_8fd1cbb0-dc92-4526-a92a-1686e9ebd455.jpg?v=1736695736&width=2048,https://nestorevintage.fr/cdn/shop/files/IMG_2130_ccd2b2a4-f084-4f59-b023-4587d20115ab.jpg?v=1736695736&width=2048,Jean baggy Billionaire Boys Club (L),https://nestorevintage.fr/products/jean-baggy-japonais-copie,Jean,H,"[32.15686274509804, 0.0, -6.0]"
2429,https://nestorevintage.fr/cdn/shop/files/IMG_2122.jpg?v=1736695652&width=2048,https://nestorevintage.fr/cdn/shop/files/IMG_2123_55c3026c-5dde-49c4-bc95-9683251e83b8.jpg?v=1736695652&width=2048,Jean baggy Japonais (S),https://nestorevintage.fr/products/jean-baggy-christian-audigier-copie,Jean,H,"[29.80392156862745, -1.0, -10.0]"
2430,https://nestorevintage.fr/cdn/shop/files/IMG_2122.jpg?v=1736695652&width=2048,https://nestorevintage.fr/cdn/shop/files/IMG_2123_55c3026c-5dde-49c4-bc95-9683251e83b8.jpg?v=1736695652&width=2048,Jean baggy Japonais (S),https://nestorevintage.fr/products/jean-baggy-christian-audigier-copie,Jean,H,"[48.23529411764706, -2.0, -8.0]"
2431,https://nestorevintage.fr/cdn/shop/files/IMG_2117.jpg?v=1736695564&width=2048,https://nestorevintage.fr/cdn/shop/files/IMG_2120.jpg?v=1736695564&width=2048,Jean baggy Christian Audigier (L),https://nestorevintage.fr/products/jean-baggy-christian-audigier,Jean,H,"[22.745098039215687, 0.0, -13.0]"
2432,https://nestorevintage.fr/cdn/shop/files/IMG_2117.jpg?v=1736695564&width=2048,https://nestorevintage.fr/cdn/shop/files/IMG_2120.jpg?v=1736695564&width=2048,Jean baggy Christian Audigier (L),https://nestorevintage.fr/products/jean-baggy-christian-audigier,Jean,H,"[38.03921568627451, 0.0, -14.0]"
2433,https://nestorevintage.fr/cdn/shop/files/IMG_2112_0c51f6fb-b267-4e6e-bebc-73786932f983.jpg?v=1736695478&width=2048,https://nestorevintage.fr/cdn/shop/files/IMG_2115_0cdbcee9-2810-4f7e-a9f3-7e3789eb999d.jpg?v=1736695513&width=2048,Jean baggy Americain (M),https://nestorevintage.fr/products/jean-baggy-ecko-2,Jean,H,"[47.45098039215686, -2.0, -12.0]"
2434,https://nestorevintage.fr/cdn/shop/files/IMG_2112_0c51f6fb-b267-4e6e-bebc-73786932f983.jpg?v=1736695478&width=2048,https://nestorevintage.fr/cdn/shop/files/IMG_2115_0cdbcee9-2810-4f7e-a9f3-7e3789eb999d.jpg?v=1736695513&width=2048,Jean baggy Americain (M),https://nestorevintage.fr/products/jean-baggy-ecko-2,Jean,H,"[31.76470588235294, -1.0, -11.0]"
2435,https://nestorevintage.fr/cdn/shop/files/IMG_2107.jpg?v=1736695366&width=2048,https://nestorevintage.fr/cdn/shop/files/IMG_2110_01e3e5ff-b6d2-46f8-8871-abd56f1bc090.jpg?v=1736695373&width=2048,Jean baggy Ecko (S),https://nestorevintage.fr/products/jean-baggy-onirai-copie,Jean,H,"[20.392156862745097, 0.0, -11.0]"
2436,https://nestorevintage.fr/cdn/shop/files/IMG_2107.jpg?v=1736695366&width=2048,https://nestorevintage.fr/cdn/shop/files/IMG_2110_01e3e5ff-b6d2-46f8-8871-abd56f1bc090.jpg?v=1736695373&width=2048,Jean baggy Ecko (S),https://nestorevintage.fr/products/jean-baggy-onirai-copie,Jean,H,"[42.35294117647059, -1.0, -9.0]"
2437,https://nestorevintage.fr/cdn/shop/files/IMG_2103.jpg?v=1736695284&width=2048,https://nestorevintage.fr/cdn/shop/files/IMG_2106.jpg?v=1736695331&width=2048,Jean baggy Onirai (S),https://nestorevintage.fr/products/jean-baggy-chrisian-audigier,Jean,H,"[18.43137254901961, -1.0, -10.0]"
2438,https://nestorevintage.fr/cdn/shop/files/IMG_2103.jpg?v=1736695284&width=2048,https://nestorevintage.fr/cdn/shop/files/IMG_2106.jpg?v=1736695331&width=2048,Jean baggy Onirai (S),https://nestorevintage.fr/products/jean-baggy-chrisian-audigier,Jean,H,"[37.64705882352941, -3.0, -9.0]"
2439,https://nestorevintage.fr/cdn/shop/files/IMG_2090.jpg?v=1736695101&width=2048,https://nestorevintage.fr/cdn/shop/files/IMG_2093.jpg?v=1736695127&width=2048,Jean baggy Sugoi (M),https://nestorevintage.fr/products/jean-baggy-japonais-1,Jean,H,"[14.901960784313726, 0.0, -5.0]"
2440,https://nestorevintage.fr/cdn/shop/files/IMG_2090.jpg?v=1736695101&width=2048,https://nestorevintage.fr/cdn/shop/files/IMG_2093.jpg?v=1736695127&width=2048,Jean baggy Sugoi (M),https://nestorevintage.fr/products/jean-baggy-japonais-1,Jean,H,"[29.80392156862745, -2.0, -4.0]"
2441,https://nestorevintage.fr/cdn/shop/files/IMG_2079_6de9a3d4-bd13-4f00-967a-b8368d378ac3.jpg?v=1736694937&width=2048,https://nestorevintage.fr/cdn/shop/files/IMG_2083_24ae179e-e9af-4db4-8a71-58d50fd1f49d.jpg?v=1736694946&width=2048,Jean baggy Evisu Seagull (M),https://nestorevintage.fr/products/jean-baggy-evisu-seagull-27,Jean,H,"[28.235294117647058, -1.0, -16.0]"
2442,https://nestorevintage.fr/cdn/shop/files/IMG_2079_6de9a3d4-bd13-4f00-967a-b8368d378ac3.jpg?v=1736694937&width=2048,https://nestorevintage.fr/cdn/shop/files/IMG_2083_24ae179e-e9af-4db4-8a71-58d50fd1f49d.jpg?v=1736694946&width=2048,Jean baggy Evisu Seagull (M),https://nestorevintage.fr/products/jean-baggy-evisu-seagull-27,Jean,H,"[43.13725490196079, -1.0, -16.0]"
2443,https://nestorevintage.fr/cdn/shop/files/IMG_2067_d0bc28e7-b55b-4c28-9b7b-0b1073eab194.jpg?v=1736694841&width=2048,https://nestorevintage.fr/cdn/shop/files/IMG_2071.jpg?v=1736694840&width=2048,Jean baggy Evisu Seagull (M),https://nestorevintage.fr/products/jean-baggy-evisu-seagull-25,Jean,H,"[18.03921568627451, 1.0, -4.0]"
2444,https://nestorevintage.fr/cdn/shop/files/IMG_2067_d0bc28e7-b55b-4c28-9b7b-0b1073eab194.jpg?v=1736694841&width=2048,https://nestorevintage.fr/cdn/shop/files/IMG_2071.jpg?v=1736694840&width=2048,Jean baggy Evisu Seagull (M),https://nestorevintage.fr/products/jean-baggy-evisu-seagull-25,Jean,H,"[31.76470588235294, 1.0, -2.0]"
2445,https://nestorevintage.fr/cdn/shop/files/IMG_2061_91f14057-a77d-43b3-9baa-6c9cc238744d.jpg?v=1736694795&width=2048,https://nestorevintage.fr/cdn/shop/files/IMG_2065_a3371c4f-a57a-41d3-a532-5ec275a996c3.jpg?v=1736694794&width=2048,Jean baggy Evisu Seagull (S),https://nestorevintage.fr/products/jean-baggy-evisu-seagull-24,Jean,H,"[17.647058823529413, 2.0, -15.0]"
2446,https://nestorevintage.fr/cdn/shop/files/IMG_2061_91f14057-a77d-43b3-9baa-6c9cc238744d.jpg?v=1736694795&width=2048,https://nestorevintage.fr/cdn/shop/files/IMG_2065_a3371c4f-a57a-41d3-a532-5ec275a996c3.jpg?v=1736694794&width=2048,Jean baggy Evisu Seagull (S),https://nestorevintage.fr/products/jean-baggy-evisu-seagull-24,Jean,H,"[31.372549019607842, 1.0, -15.0]"
2447,https://nestorevintage.fr/cdn/shop/files/IMG_2055_a1ccc1ac-f944-41db-9427-25d5727bbb0b.jpg?v=1736694733&width=2048,https://nestorevintage.fr/cdn/shop/files/IMG_2059_2f230bf8-f42e-4d19-bc0c-d0fe353702fa.jpg?v=1736694735&width=2048,Jean baggy Evisu Seagull (S),https://nestorevintage.fr/products/jean-baggy-evisu-seagull-20,Jean,H,"[20.392156862745097, 0.0, -10.0]"
2448,https://nestorevintage.fr/cdn/shop/files/IMG_2055_a1ccc1ac-f944-41db-9427-25d5727bbb0b.jpg?v=1736694733&width=2048,https://nestorevintage.fr/cdn/shop/files/IMG_2059_2f230bf8-f42e-4d19-bc0c-d0fe353702fa.jpg?v=1736694735&width=2048,Jean baggy Evisu Seagull (S),https://nestorevintage.fr/products/jean-baggy-evisu-seagull-20,Jean,H,"[34.509803921568626, -1.0, -10.0]"
2449,https://nestorevintage.fr/cdn/shop/files/IMG_2034_7406cc2d-6e40-4688-875a-89055adeb7ad.jpg?v=1736694527&width=2048,https://nestorevintage.fr/cdn/shop/files/IMG_2038.jpg?v=1736694528&width=2048,Jean baggy Evisu Seagull (L),https://nestorevintage.fr/products/jean-baggy-evisu-seagull-17,Jean,H,"[23.137254901960784, 0.0, -9.0]"
2450,https://nestorevintage.fr/cdn/shop/files/IMG_2034_7406cc2d-6e40-4688-875a-89055adeb7ad.jpg?v=1736694527&width=2048,https://nestorevintage.fr/cdn/shop/files/IMG_2038.jpg?v=1736694528&width=2048,Jean baggy Evisu Seagull (L),https://nestorevintage.fr/products/jean-baggy-evisu-seagull-17,Jean,H,"[38.82352941176471, -1.0, -8.0]"
2451,https://nestorevintage.fr/cdn/shop/files/IMG_2023.jpg?v=1736694413&width=2048,https://nestorevintage.fr/cdn/shop/files/IMG_2027.jpg?v=1736694421&width=2048,Jean baggy Evisu Seagull (S),https://nestorevintage.fr/products/jean-baggy-evisu-seagull-15,Jean,H,"[16.862745098039216, 0.0, -7.0]"
2452,https://nestorevintage.fr/cdn/shop/files/IMG_2023.jpg?v=1736694413&width=2048,https://nestorevintage.fr/cdn/shop/files/IMG_2027.jpg?v=1736694421&width=2048,Jean baggy Evisu Seagull (S),https://nestorevintage.fr/products/jean-baggy-evisu-seagull-15,Jean,H,"[31.372549019607842, -1.0, -6.0]"
2453,https://nestorevintage.fr/cdn/shop/files/IMG_2010.jpg?v=1736694295&width=2048,https://nestorevintage.fr/cdn/shop/files/IMG_2014_4a5e4023-0895-4ed3-ae5e-76aedb9d80ae.jpg?v=1736694303&width=2048,Jean baggy Evisu Seagull (S),https://nestorevintage.fr/products/jean-baggy-evisu-daicock-22,Jean,H,"[17.647058823529413, 0.0, -10.0]"
2454,https://nestorevintage.fr/cdn/shop/files/IMG_2010.jpg?v=1736694295&width=2048,https://nestorevintage.fr/cdn/shop/files/IMG_2014_4a5e4023-0895-4ed3-ae5e-76aedb9d80ae.jpg?v=1736694303&width=2048,Jean baggy Evisu Seagull (S),https://nestorevintage.fr/products/jean-baggy-evisu-daicock-22,Jean,H,"[33.72549019607843, -1.0, -8.0]"
2455,https://nestorevintage.fr/cdn/shop/files/IMG_2004_17349440-f15e-43e8-aeab-48b4ed08522f.jpg?v=1736694246&width=2048,https://nestorevintage.fr/cdn/shop/files/IMG_2008.jpg?v=1736694253&width=2048,Jean baggy Evisu Daicock (S),https://nestorevintage.fr/products/jean-baggy-evisu-daicock-21,Jean,H,"[12.549019607843137, 1.0, -14.0]"
2456,https://nestorevintage.fr/cdn/shop/files/IMG_2004_17349440-f15e-43e8-aeab-48b4ed08522f.jpg?v=1736694246&width=2048,https://nestorevintage.fr/cdn/shop/files/IMG_2008.jpg?v=1736694253&width=2048,Jean baggy Evisu Daicock (S),https://nestorevintage.fr/products/jean-baggy-evisu-daicock-21,Jean,H,"[26.27450980392157, -1.0, -12.0]"
2457,https://nestorevintage.fr/cdn/shop/files/IMG_2004_17349440-f15e-43e8-aeab-48b4ed08522f.jpg?v=1736694246&width=2048,https://nestorevintage.fr/cdn/shop/files/IMG_2008.jpg?v=1736694253&width=2048,Jean baggy Evisu Daicock (S),https://nestorevintage.fr/products/jean-baggy-evisu-daicock-21,Jean,H,"[56.07843137254902, 59.0, 23.0]"
2458,https://nestorevintage.fr/cdn/shop/files/IMG_1997.jpg?v=1736694195&width=2048,https://nestorevintage.fr/cdn/shop/files/IMG_2002.jpg?v=1736694201&width=2048,Jean baggy Evisu Daicock (L),https://nestorevintage.fr/products/jean-baggy-evisu-daicock-20,Jean,H,"[11.76470588235294, 1.0, -5.0]"
2459,https://nestorevintage.fr/cdn/shop/files/IMG_1997.jpg?v=1736694195&width=2048,https://nestorevintage.fr/cdn/shop/files/IMG_2002.jpg?v=1736694201&width=2048,Jean baggy Evisu Daicock (L),https://nestorevintage.fr/products/jean-baggy-evisu-daicock-20,Jean,H,"[27.450980392156865, 0.0, -3.0]"
2460,https://nestorevintage.fr/cdn/shop/files/IMG_1997.jpg?v=1736694195&width=2048,https://nestorevintage.fr/cdn/shop/files/IMG_2002.jpg?v=1736694201&width=2048,Jean baggy Evisu Daicock (L),https://nestorevintage.fr/products/jean-baggy-evisu-daicock-20,Jean,H,"[78.43137254901961, -3.0, 2.0]"
2461,https://nestorevintage.fr/cdn/shop/files/IMG_1991_9d161a42-53f8-468f-bfe5-42a80c49f980.jpg?v=1736694099&width=2048,https://nestorevintage.fr/cdn/shop/files/IMG_1992.jpg?v=1736694099&width=2048,Jean baggy Evisu Daicock,https://nestorevintage.fr/products/jean-baggy-evisu-daicock-copie,Jean,H,"[18.43137254901961, 0.0, -17.0]"
2462,https://nestorevintage.fr/cdn/shop/files/IMG_1991_9d161a42-53f8-468f-bfe5-42a80c49f980.jpg?v=1736694099&width=2048,https://nestorevintage.fr/cdn/shop/files/IMG_1992.jpg?v=1736694099&width=2048,Jean baggy Evisu Daicock,https://nestorevintage.fr/products/jean-baggy-evisu-daicock-copie,Jean,H,"[34.11764705882353, 2.0, -16.0]"
2463,https://nestorevintage.fr/cdn/shop/files/IMG_1985_6d39977a-5ca1-4b13-8afd-c395d4bc37e9.jpg?v=1736694040&width=2048,https://nestorevintage.fr/cdn/shop/files/IMG_1989_2528c708-6b2c-4b2d-beeb-257a76773e6d.jpg?v=1736694042&width=2048,Jean baggy Evisu Daicock (L),https://nestorevintage.fr/products/jean-baggy-evisu-daicock-19,Jean,H,"[21.96078431372549, 1.0, -12.0]"
2464,https://nestorevintage.fr/cdn/shop/files/IMG_1972.jpg?v=1736693898&width=2048,https://nestorevintage.fr/cdn/shop/files/IMG_1977_c4234ccd-ef28-49ec-b876-968dd98d7396.jpg?v=1736693904&width=2048,Jean baggy Evisu Daicock (M),https://nestorevintage.fr/products/jean-baggy-evisu-daicock-16,Jean,H,"[18.43137254901961, 0.0, -6.0]"
2465,https://nestorevintage.fr/cdn/shop/files/IMG_1972.jpg?v=1736693898&width=2048,https://nestorevintage.fr/cdn/shop/files/IMG_1977_c4234ccd-ef28-49ec-b876-968dd98d7396.jpg?v=1736693904&width=2048,Jean baggy Evisu Daicock (M),https://nestorevintage.fr/products/jean-baggy-evisu-daicock-16,Jean,H,"[34.509803921568626, -1.0, -3.0]"
2466,https://nestorevintage.fr/cdn/shop/files/IMG_1966.jpg?v=1736693845&width=2048,https://nestorevintage.fr/cdn/shop/files/IMG_1970.jpg?v=1736693845&width=2048,Jean baggy Evisu Daicock (M),https://nestorevintage.fr/products/jean-baggy-evisu-daicock-15,Jean,H,"[16.862745098039216, 0.0, -3.0]"
2467,https://nestorevintage.fr/cdn/shop/files/IMG_1947_8627be3a-3c40-4515-9779-be1ef5f78d82.jpg?v=1736693588&width=2048,https://nestorevintage.fr/cdn/shop/files/IMG_1951.jpg?v=1736693646&width=2048,Jean baggy Evisu multipocket (L),https://nestorevintage.fr/products/jean-baggy-daicock-evisu-2xl-copie-1,Jean,H,"[21.96078431372549, 0.0, -11.0]"
2468,https://nestorevintage.fr/cdn/shop/files/IMG_1947_8627be3a-3c40-4515-9779-be1ef5f78d82.jpg?v=1736693588&width=2048,https://nestorevintage.fr/cdn/shop/files/IMG_1951.jpg?v=1736693646&width=2048,Jean baggy Evisu multipocket (L),https://nestorevintage.fr/products/jean-baggy-daicock-evisu-2xl-copie-1,Jean,H,"[35.294117647058826, -1.0, -10.0]"
2469,https://nestorevintage.fr/cdn/shop/files/0D591EF1-E944-4027-B37E-EBD16051274E.jpg?v=1734892269&width=2048,https://nestorevintage.fr/cdn/shop/files/34D96DE5-DEB6-4514-85E7-6DA20BC573EA.jpg?v=1734892269&width=2048,Jean baggy Ed Hardy (S),https://nestorevintage.fr/products/jean-baggy-ed-hardy-s,Jean,H,"[15.686274509803921, 1.0, -2.0]"
2470,https://nestorevintage.fr/cdn/shop/files/0D591EF1-E944-4027-B37E-EBD16051274E.jpg?v=1734892269&width=2048,https://nestorevintage.fr/cdn/shop/files/34D96DE5-DEB6-4514-85E7-6DA20BC573EA.jpg?v=1734892269&width=2048,Jean baggy Ed Hardy (S),https://nestorevintage.fr/products/jean-baggy-ed-hardy-s,Jean,H,"[31.372549019607842, 2.0, 3.0]"
2471,https://nestorevintage.fr/cdn/shop/files/IMG_01892_68fd5ee0-4387-4e32-b52b-695b1ecf1278.jpg?v=1734875842&width=2048,https://nestorevintage.fr/cdn/shop/files/IMG_01902_b619126b-9d7b-481f-980e-fb83b3deb451.jpg?v=1734875842&width=2048,Jean baggy seagull Evisu (M),https://nestorevintage.fr/products/jean-baggy-seagull-evisu-41,Jean,H,"[25.49019607843137, -1.0, -12.0]"
2472,https://nestorevintage.fr/cdn/shop/files/IMG_01892_68fd5ee0-4387-4e32-b52b-695b1ecf1278.jpg?v=1734875842&width=2048,https://nestorevintage.fr/cdn/shop/files/IMG_01902_b619126b-9d7b-481f-980e-fb83b3deb451.jpg?v=1734875842&width=2048,Jean baggy seagull Evisu (M),https://nestorevintage.fr/products/jean-baggy-seagull-evisu-41,Jean,H,"[42.745098039215684, -4.0, -9.0]"
2473,https://nestorevintage.fr/cdn/shop/files/IMG_01462.jpg?v=1734874711&width=2048,https://nestorevintage.fr/cdn/shop/files/IMG_01502_7d40f020-7c91-43d3-947b-800a0c2819ac.jpg?v=1734874715&width=2048,Jean baggy seagull Evisu (XL),https://nestorevintage.fr/products/jean-baggy-seagull-evisu-25,Jean,H,"[45.09803921568628, -2.0, -12.0]"
2474,https://nestorevintage.fr/cdn/shop/files/IMG_01462.jpg?v=1734874711&width=2048,https://nestorevintage.fr/cdn/shop/files/IMG_01502_7d40f020-7c91-43d3-947b-800a0c2819ac.jpg?v=1734874715&width=2048,Jean baggy seagull Evisu (XL),https://nestorevintage.fr/products/jean-baggy-seagull-evisu-25,Jean,H,"[27.84313725490196, -1.0, -12.0]"
2475,https://nestorevintage.fr/cdn/shop/files/IMG_01462.jpg?v=1734874711&width=2048,https://nestorevintage.fr/cdn/shop/files/IMG_01502_7d40f020-7c91-43d3-947b-800a0c2819ac.jpg?v=1734874715&width=2048,Jean baggy seagull Evisu (XL),https://nestorevintage.fr/products/jean-baggy-seagull-evisu-25,Jean,H,"[64.70588235294117, -3.0, -7.0]"
2476,https://nestorevintage.fr/cdn/shop/files/IMG_01222_68d9aa9f-2322-4872-9a5a-8cf2575368e7.jpg?v=1734874487&width=2048,https://nestorevintage.fr/cdn/shop/files/IMG_01262.jpg?v=1734874490&width=2048,Jean baggy seagull Evisu (M),https://nestorevintage.fr/products/jean-baggy-seagull-evisu-9,Jean,H,"[17.647058823529413, 0.0, -11.0]"
2477,https://nestorevintage.fr/cdn/shop/files/IMG_01222_68d9aa9f-2322-4872-9a5a-8cf2575368e7.jpg?v=1734874487&width=2048,https://nestorevintage.fr/cdn/shop/files/IMG_01262.jpg?v=1734874490&width=2048,Jean baggy seagull Evisu (M),https://nestorevintage.fr/products/jean-baggy-seagull-evisu-9,Jean,H,"[32.549019607843135, -2.0, -9.0]"
2478,https://nestorevintage.fr/cdn/shop/files/IMG_01162.jpg?v=1734873777&width=2048,https://nestorevintage.fr/cdn/shop/files/IMG_01202_3beac5d1-c9e5-407c-bc7c-96cf62efd595.jpg?v=1734873777&width=2048,Jean baggy seagull Evisu (L),https://nestorevintage.fr/products/jean-baggy-seagull-evisu-1,Jean,H,"[23.52941176470588, -1.0, -16.0]"
2479,https://nestorevintage.fr/cdn/shop/files/IMG_01162.jpg?v=1734873777&width=2048,https://nestorevintage.fr/cdn/shop/files/IMG_01202_3beac5d1-c9e5-407c-bc7c-96cf62efd595.jpg?v=1734873777&width=2048,Jean baggy seagull Evisu (L),https://nestorevintage.fr/products/jean-baggy-seagull-evisu-1,Jean,H,"[38.03921568627451, -1.0, -15.0]"
2480,https://nestorevintage.fr/cdn/shop/files/IMG_01102.jpg?v=1734873714&width=2048,https://nestorevintage.fr/cdn/shop/files/IMG_01142.jpg?v=1734873717&width=2048,Jean baggy daicock Evisu (XL),https://nestorevintage.fr/products/jean-baggy-daicock-evisu-8,Jean,H,"[7.450980392156863, 0.0, -6.0]"
2481,https://nestorevintage.fr/cdn/shop/files/IMG_01042_0f6fe4d8-11ca-42e2-a0f5-ae6432a47e47.jpg?v=1734873677&width=2048,https://nestorevintage.fr/cdn/shop/files/IMG_01082.jpg?v=1734873677&width=2048,Jean baggy daicock Evisu (M),https://nestorevintage.fr/products/jean-baggy-daicock-evisu-copie,Jean,H,"[10.196078431372548, 2.0, -10.0]"
2482,https://nestorevintage.fr/cdn/shop/files/IMG_00922_b4172cbd-59dc-49b8-a20b-ff36968d0327.jpg?v=1734873565&width=2048,https://nestorevintage.fr/cdn/shop/files/IMG_00962_a1e438fc-2ed6-4538-963e-b2b23765109c.jpg?v=1734873575&width=2048,Jean baggy daicock Evisu (M),https://nestorevintage.fr/products/jean-baggy-daicock-evisu-2xl-copie,Jean,H,"[11.372549019607844, 0.0, -10.0]"
2483,https://nestorevintage.fr/cdn/shop/files/IMG_00922_b4172cbd-59dc-49b8-a20b-ff36968d0327.jpg?v=1734873565&width=2048,https://nestorevintage.fr/cdn/shop/files/IMG_00962_a1e438fc-2ed6-4538-963e-b2b23765109c.jpg?v=1734873575&width=2048,Jean baggy daicock Evisu (M),https://nestorevintage.fr/products/jean-baggy-daicock-evisu-2xl-copie,Jean,H,"[64.31372549019608, -12.0, -43.0]"
2484,https://nestorevintage.fr/cdn/shop/files/IMG_8539.jpg?v=1734263922&width=2048,https://nestorevintage.fr/cdn/shop/files/IMG_8542.jpg?v=1734263931&width=2048,Jean baggy Ed Hardy (XL),https://nestorevintage.fr/products/jean-baggy-selvedge,Jean,H,"[23.92156862745098, 1.0, -7.0]"
2485,https://nestorevintage.fr/cdn/shop/files/IMG_8531.jpg?v=1734263830&width=2048,https://nestorevintage.fr/cdn/shop/files/IMG_8535.jpg?v=1734263850&width=2048,Jean baggy selvedge (S),https://nestorevintage.fr/products/jean-baggy-8,Jean,H,"[13.725490196078432, 2.0, -9.0]"
2486,https://nestorevintage.fr/cdn/shop/files/IMG_8527.jpg?v=1734263764&width=2048,https://nestorevintage.fr/cdn/shop/files/IMG_8530.jpg?v=1734263764&width=2048,Jean baggy (S),https://nestorevintage.fr/products/jean-baggy-7,Jean,H,"[29.01960784313726, 0.0, -16.0]"
2487,https://nestorevintage.fr/cdn/shop/files/IMG_8527.jpg?v=1734263764&width=2048,https://nestorevintage.fr/cdn/shop/files/IMG_8530.jpg?v=1734263764&width=2048,Jean baggy (S),https://nestorevintage.fr/products/jean-baggy-7,Jean,H,"[45.88235294117647, -1.0, -14.0]"
2488,https://nestorevintage.fr/cdn/shop/files/IMG_8522.jpg?v=1734263687&width=2048,https://nestorevintage.fr/cdn/shop/files/IMG_8525.jpg?v=1734263692&width=2048,Jean baggy (S),https://nestorevintage.fr/products/jean-baggy-style-destroyed,Jean,H,"[13.333333333333334, 3.0, -15.0]"
2489,https://nestorevintage.fr/cdn/shop/files/IMG_8522.jpg?v=1734263687&width=2048,https://nestorevintage.fr/cdn/shop/files/IMG_8525.jpg?v=1734263692&width=2048,Jean baggy (S),https://nestorevintage.fr/products/jean-baggy-style-destroyed,Jean,H,"[27.058823529411764, 1.0, -15.0]"
2490,https://nestorevintage.fr/cdn/shop/files/IMG_8510.jpg?v=1734263492&width=2048,https://nestorevintage.fr/cdn/shop/files/IMG_8517.jpg?v=1734263514&width=2048,Jean baggy style destroyed (L),https://nestorevintage.fr/products/jean-baggy-ecko-1,Jean,H,"[18.43137254901961, 0.0, 2.0]"
2491,https://nestorevintage.fr/cdn/shop/files/3F7E3A30-9BFE-4222-B9A5-812ADF10B9BA.jpg?v=1734285999&width=2048,https://nestorevintage.fr/cdn/shop/files/IMG_8463.jpg?v=1734285996&width=2048,Jean baggy Evisu daicock (L),https://nestorevintage.fr/products/jean-baggy-evisu-daicock-13,Jean,H,"[23.137254901960784, 4.0, -23.0]"
2492,https://nestorevintage.fr/cdn/shop/files/3F7E3A30-9BFE-4222-B9A5-812ADF10B9BA.jpg?v=1734285999&width=2048,https://nestorevintage.fr/cdn/shop/files/IMG_8463.jpg?v=1734285996&width=2048,Jean baggy Evisu daicock (L),https://nestorevintage.fr/products/jean-baggy-evisu-daicock-13,Jean,H,"[36.07843137254902, 2.0, -23.0]"
2493,https://nestorevintage.fr/cdn/shop/files/IMG_8447.jpg?v=1734262906&width=2048,https://nestorevintage.fr/cdn/shop/files/IMG_8451.jpg?v=1734262911&width=2048,Jean baggy Evisu daicock (M),https://nestorevintage.fr/products/jean-baggy-evisu-daicock-11,Jean,H,"[14.901960784313726, 1.0, -2.0]"
2494,https://nestorevintage.fr/cdn/shop/files/IMG_6466.jpg?v=1733668934&width=2048,https://nestorevintage.fr/cdn/shop/files/IMG_6470.jpg?v=1733668934&width=2048,Jean baggy Evisu daicock (L),https://nestorevintage.fr/products/jean-baggy-evisu-daicock-9,Jean,H,"[23.92156862745098, 0.0, -13.0]"
2495,https://nestorevintage.fr/cdn/shop/files/IMG_6460.jpg?v=1733668905&width=2048,https://nestorevintage.fr/cdn/shop/files/IMG_6464.jpg?v=1733668904&width=2048,Jean baggy Evisu daicock (M),https://nestorevintage.fr/products/jean-baggy-evisu-daicock-7,Jean,H,"[30.19607843137255, -1.0, -11.0]"
2496,https://nestorevintage.fr/cdn/shop/files/IMG_6460.jpg?v=1733668905&width=2048,https://nestorevintage.fr/cdn/shop/files/IMG_6464.jpg?v=1733668904&width=2048,Jean baggy Evisu daicock (M),https://nestorevintage.fr/products/jean-baggy-evisu-daicock-7,Jean,H,"[52.94117647058824, -1.0, -8.0]"
2497,https://nestorevintage.fr/cdn/shop/files/IMG_6454.jpg?v=1733668858&width=2048,https://nestorevintage.fr/cdn/shop/files/IMG_6458.jpg?v=1733668856&width=2048,Jean baggy Evisu daicock (M),https://nestorevintage.fr/products/jean-baggy-evisu-daicock-6,Jean,H,"[14.901960784313726, -1.0, -6.0]"
2498,https://nestorevintage.fr/cdn/shop/files/IMG_6442.jpg?v=1733668760&width=2048,https://nestorevintage.fr/cdn/shop/files/IMG_6446.jpg?v=1733668761&width=2048,Jean baggy Evisu daicock (XL),https://nestorevintage.fr/products/jean-baggy-evisu-daicock-2,Jean,H,"[19.215686274509807, 0.0, -5.0]"
2499,https://nestorevintage.fr/cdn/shop/files/IMG_6442.jpg?v=1733668760&width=2048,https://nestorevintage.fr/cdn/shop/files/IMG_6446.jpg?v=1733668761&width=2048,Jean baggy Evisu daicock (XL),https://nestorevintage.fr/products/jean-baggy-evisu-daicock-2,Jean,H,"[36.470588235294116, -2.0, -1.0]"
2500,https://nestorevintage.fr/cdn/shop/files/IMG_6436.jpg?v=1733668717&width=2048,https://nestorevintage.fr/cdn/shop/files/IMG_6441.jpg?v=1733668717&width=2048,Jean baggy Evisu daicock (M),https://nestorevintage.fr/products/jean-baggy-evisu-daicock-1,Jean,H,"[14.117647058823529, 0.0, -1.0]"
2501,https://nestorevintage.fr/cdn/shop/files/IMG_6436.jpg?v=1733668717&width=2048,https://nestorevintage.fr/cdn/shop/files/IMG_6441.jpg?v=1733668717&width=2048,Jean baggy Evisu daicock (M),https://nestorevintage.fr/products/jean-baggy-evisu-daicock-1,Jean,H,"[30.19607843137255, -1.0, 2.0]"
2502,https://nestorevintage.fr/cdn/shop/files/IMG_6404.jpg?v=1733668480&width=2048,https://nestorevintage.fr/cdn/shop/files/IMG_6408.jpg?v=1733668480&width=2048,Jean baggy Evisu seagull (M),https://nestorevintage.fr/products/jean-baggy-evisu-seagull-4,Jean,H,"[19.215686274509807, 1.0, -11.0]"
2503,https://nestorevintage.fr/cdn/shop/files/IMG_6404.jpg?v=1733668480&width=2048,https://nestorevintage.fr/cdn/shop/files/IMG_6408.jpg?v=1733668480&width=2048,Jean baggy Evisu seagull (M),https://nestorevintage.fr/products/jean-baggy-evisu-seagull-4,Jean,H,"[33.72549019607843, -1.0, -10.0]"
2504,https://nestorevintage.fr/cdn/shop/files/IMG_6370.jpg?v=1733668023&width=2048,https://nestorevintage.fr/cdn/shop/files/IMG_6374.jpg?v=1733668022&width=2048,Jean baggy Sugoi (XL),https://nestorevintage.fr/products/jean-baggy-sugoi,Jean,H,"[14.901960784313726, 0.0, -5.0]"
2505,https://nestorevintage.fr/cdn/shop/files/IMG_6364.jpg?v=1733667971&width=2048,https://nestorevintage.fr/cdn/shop/files/IMG_6368.jpg?v=1733667971&width=2048,Jean baggy Sugoi (S),https://nestorevintage.fr/products/jean-baggy-rmc-copie,Jean,H,"[9.803921568627452, 0.0, -3.0]"
2506,https://nestorevintage.fr/cdn/shop/files/IMG_6364.jpg?v=1733667971&width=2048,https://nestorevintage.fr/cdn/shop/files/IMG_6368.jpg?v=1733667971&width=2048,Jean baggy Sugoi (S),https://nestorevintage.fr/products/jean-baggy-rmc-copie,Jean,H,"[31.76470588235294, -1.0, -1.0]"
2507,https://nestorevintage.fr/cdn/shop/files/IMG_6351.jpg?v=1733667876&width=2048,https://nestorevintage.fr/cdn/shop/files/IMG_6353.jpg?v=1733667875&width=2048,Jean baggy style Karakuri (S),https://nestorevintage.fr/products/jean-baggy-style-karakuri,Jean,H,"[10.588235294117647, 3.0, -13.0]"
2508,https://nestorevintage.fr/cdn/shop/files/IMG_6351.jpg?v=1733667876&width=2048,https://nestorevintage.fr/cdn/shop/files/IMG_6353.jpg?v=1733667875&width=2048,Jean baggy style Karakuri (S),https://nestorevintage.fr/products/jean-baggy-style-karakuri,Jean,H,"[24.313725490196077, 1.0, -13.0]"
2509,https://nestorevintage.fr/cdn/shop/files/IMG_6331_740ed87b-a440-4a11-aaf1-472492f7cf1c.jpg?v=1733667584&width=2048,https://nestorevintage.fr/cdn/shop/files/IMG_6335_b1e97fd5-e5f6-4d1b-8870-fa465b45895d.jpg?v=1733667585&width=2048,Jean baggy Ed Hardy (M),https://nestorevintage.fr/products/jean-baggy-ed-hardy,Jean,H,"[39.6078431372549, -1.0, -9.0]"
2510,https://nestorevintage.fr/cdn/shop/files/IMG_6331_740ed87b-a440-4a11-aaf1-472492f7cf1c.jpg?v=1733667584&width=2048,https://nestorevintage.fr/cdn/shop/files/IMG_6335_b1e97fd5-e5f6-4d1b-8870-fa465b45895d.jpg?v=1733667585&width=2048,Jean baggy Ed Hardy (M),https://nestorevintage.fr/products/jean-baggy-ed-hardy,Jean,H,"[23.137254901960784, -1.0, -9.0]"
2511,https://nestorevintage.fr/cdn/shop/files/5405DC55-160E-45CD-8C6F-5CA154F3E786.jpg?v=1732464948&width=2048,https://nestorevintage.fr/cdn/shop/files/59D1D98E-EC8E-4862-BEB0-71EDAA67E370.jpg?v=1732464947&width=2048,Jean baggy Sugoi (XL),https://nestorevintage.fr/products/jean-baggy-sugoi-9,Jean,H,"[21.568627450980394, -2.0, -6.0]"
2512,https://nestorevintage.fr/cdn/shop/files/5405DC55-160E-45CD-8C6F-5CA154F3E786.jpg?v=1732464948&width=2048,https://nestorevintage.fr/cdn/shop/files/59D1D98E-EC8E-4862-BEB0-71EDAA67E370.jpg?v=1732464947&width=2048,Jean baggy Sugoi (XL),https://nestorevintage.fr/products/jean-baggy-sugoi-9,Jean,H,"[36.86274509803922, -2.0, -4.0]"
2513,https://nestorevintage.fr/cdn/shop/files/404C129A-F4BF-4D4D-837F-2F28182ED4FB.jpg?v=1732464830&width=2048,https://nestorevintage.fr/cdn/shop/files/8A09368C-574F-41CE-AD6B-AF1EFA344D9C.jpg?v=1732464831&width=2048,Jean baggy Evisu Daicock (L),https://nestorevintage.fr/products/jean-baggy-evisu-daicock-58,Jean,H,"[11.372549019607844, 0.0, -6.0]"
2514,https://nestorevintage.fr/cdn/shop/files/404C129A-F4BF-4D4D-837F-2F28182ED4FB.jpg?v=1732464830&width=2048,https://nestorevintage.fr/cdn/shop/files/8A09368C-574F-41CE-AD6B-AF1EFA344D9C.jpg?v=1732464831&width=2048,Jean baggy Evisu Daicock (L),https://nestorevintage.fr/products/jean-baggy-evisu-daicock-58,Jean,H,"[85.88235294117646, -9.0, 20.0]"
2515,https://nestorevintage.fr/cdn/shop/files/84C44DCD-92D5-4E6B-86ED-B8076C3CEF7A.jpg?v=1731859734&width=2048,https://nestorevintage.fr/cdn/shop/files/04E156D1-DE82-4BFB-B632-A326213501EA.jpg?v=1731859734&width=2048,Jean baggy Evisu daicock (M),https://nestorevintage.fr/products/jean-baggy-evisu-daicock-55,Jean,H,"[12.156862745098039, 5.0, -21.0]"
2516,https://nestorevintage.fr/cdn/shop/files/6FB78765-EAB7-4735-A358-835EAA41B633.jpg?v=1731859487&width=2048,https://nestorevintage.fr/cdn/shop/files/09F911AF-F31A-43FB-8E28-620699349A03.jpg?v=1731859487&width=2048,Jean baggy Evisu seagull (M),https://nestorevintage.fr/products/jean-baggy-evisu-seagull-106,Jean,H,"[11.372549019607844, 0.0, -4.0]"
2517,https://nestorevintage.fr/cdn/shop/files/6FB78765-EAB7-4735-A358-835EAA41B633.jpg?v=1731859487&width=2048,https://nestorevintage.fr/cdn/shop/files/09F911AF-F31A-43FB-8E28-620699349A03.jpg?v=1731859487&width=2048,Jean baggy Evisu seagull (M),https://nestorevintage.fr/products/jean-baggy-evisu-seagull-106,Jean,H,"[25.49019607843137, 0.0, -3.0]"
2518,https://nestorevintage.fr/cdn/shop/files/DB476B3C-4768-4EC4-911E-4CC4AE726374.jpg?v=1731254375&width=2048,https://nestorevintage.fr/cdn/shop/files/4C221344-5AA1-419C-9687-A36DE9AF0BC1.jpg?v=1731254375&width=2048,Jean baggy Evisu Daicock (M),https://nestorevintage.fr/products/jean-baggy-evisu-daicock-54,Jean,H,"[14.117647058823529, 0.0, -9.0]"
2519,https://nestorevintage.fr/cdn/shop/files/DB476B3C-4768-4EC4-911E-4CC4AE726374.jpg?v=1731254375&width=2048,https://nestorevintage.fr/cdn/shop/files/4C221344-5AA1-419C-9687-A36DE9AF0BC1.jpg?v=1731254375&width=2048,Jean baggy Evisu Daicock (M),https://nestorevintage.fr/products/jean-baggy-evisu-daicock-54,Jean,H,"[26.666666666666668, -1.0, -7.0]"
2520,https://nestorevintage.fr/cdn/shop/files/440BEBDC-34C7-4E0B-A6BA-775C7949B6D1.jpg?v=1731249506&width=2048,https://nestorevintage.fr/cdn/shop/files/BF9BCE13-ED56-458D-B68A-7D63B598995C.jpg?v=1731249506&width=2048,Jean baggy Evisu Daicock (XL),https://nestorevintage.fr/products/jean-baggy-evisu-daicock-53,Jean,H,"[5.88235294117647, 2.0, -7.0]"
2521,https://nestorevintage.fr/cdn/shop/files/7C58922C-5624-45F5-B291-FA0C9F24BFEC.jpg?v=1731249405&width=2048,https://nestorevintage.fr/cdn/shop/files/6702FCDE-DF46-4A30-BF2C-B5286B191C23.jpg?v=1731249405&width=2048,Jean baggy Evisu Daicock (S),https://nestorevintage.fr/products/jean-baggy-evisu-daicock-51,Jean,H,"[13.725490196078432, -1.0, -5.0]"
2522,https://nestorevintage.fr/cdn/shop/files/389E01DC-C739-487A-AA25-5371BB5EAAA6.jpg?v=1731249360&width=2048,https://nestorevintage.fr/cdn/shop/files/D29EFCAD-9196-48A2-8EA1-71A3393D9442.jpg?v=1731249361&width=2048,Jean baggy Evisu Daicock (M),https://nestorevintage.fr/products/jean-baggy-evisu-daicock-50,Jean,H,"[22.745098039215687, -2.0, -10.0]"
2523,https://nestorevintage.fr/cdn/shop/files/389E01DC-C739-487A-AA25-5371BB5EAAA6.jpg?v=1731249360&width=2048,https://nestorevintage.fr/cdn/shop/files/D29EFCAD-9196-48A2-8EA1-71A3393D9442.jpg?v=1731249361&width=2048,Jean baggy Evisu Daicock (M),https://nestorevintage.fr/products/jean-baggy-evisu-daicock-50,Jean,H,"[40.3921568627451, -4.0, -8.0]"
2524,https://nestorevintage.fr/cdn/shop/files/6C832AD9-0156-42B8-856F-D9AD3AC1EEEF.jpg?v=1731249030&width=2048,https://nestorevintage.fr/cdn/shop/files/FCE3BEB1-07E0-443C-9EEB-EA1B0CE03C04.jpg?v=1731249030&width=2048,Jean baggy Evisu Seagull (L),https://nestorevintage.fr/products/jean-baggy-evisu-seagull-100,Jean,H,"[15.686274509803921, 0.0, -15.0]"
2525,https://nestorevintage.fr/cdn/shop/files/6C832AD9-0156-42B8-856F-D9AD3AC1EEEF.jpg?v=1731249030&width=2048,https://nestorevintage.fr/cdn/shop/files/FCE3BEB1-07E0-443C-9EEB-EA1B0CE03C04.jpg?v=1731249030&width=2048,Jean baggy Evisu Seagull (L),https://nestorevintage.fr/products/jean-baggy-evisu-seagull-100,Jean,H,"[29.80392156862745, -2.0, -13.0]"
2526,https://nestorevintage.fr/cdn/shop/files/44CA716C-53D6-47F1-87F5-6629F56FA9D6.jpg?v=1731248831&width=2048,https://nestorevintage.fr/cdn/shop/files/B117CE66-D3E7-463E-99F6-3B77256B9E48.jpg?v=1731248831&width=2048,Jean baggy Evisu Seagull (XL),https://nestorevintage.fr/products/jean-baggy-evisu-seagull-97,Jean,H,"[15.294117647058824, -1.0, -9.0]"
2527,https://nestorevintage.fr/cdn/shop/files/44CA716C-53D6-47F1-87F5-6629F56FA9D6.jpg?v=1731248831&width=2048,https://nestorevintage.fr/cdn/shop/files/B117CE66-D3E7-463E-99F6-3B77256B9E48.jpg?v=1731248831&width=2048,Jean baggy Evisu Seagull (XL),https://nestorevintage.fr/products/jean-baggy-evisu-seagull-97,Jean,H,"[28.235294117647058, -1.0, -9.0]"
2528,https://nestorevintage.fr/cdn/shop/files/74A3374B-8FE0-402A-8E22-475D344740ED.jpg?v=1730042555&width=2048,https://nestorevintage.fr/cdn/shop/files/5F937BEA-1EF8-4557-B05B-99B823162FAF.jpg?v=1730042555&width=2048,Jean Baggy Supreme (L),https://nestorevintage.fr/products/jean-baggy-supreme,Jean,H,"[33.72549019607843, 11.0, -46.0]"
2529,https://nestorevintage.fr/cdn/shop/files/74A3374B-8FE0-402A-8E22-475D344740ED.jpg?v=1730042555&width=2048,https://nestorevintage.fr/cdn/shop/files/5F937BEA-1EF8-4557-B05B-99B823162FAF.jpg?v=1730042555&width=2048,Jean Baggy Supreme (L),https://nestorevintage.fr/products/jean-baggy-supreme,Jean,H,"[13.725490196078432, 4.0, -24.0]"
2530,https://nestorevintage.fr/cdn/shop/files/74A3374B-8FE0-402A-8E22-475D344740ED.jpg?v=1730042555&width=2048,https://nestorevintage.fr/cdn/shop/files/5F937BEA-1EF8-4557-B05B-99B823162FAF.jpg?v=1730042555&width=2048,Jean Baggy Supreme (L),https://nestorevintage.fr/products/jean-baggy-supreme,Jean,H,"[49.80392156862745, 8.0, -55.0]"
2531,https://nestorevintage.fr/cdn/shop/files/E99373AF-0400-4B44-9C68-ADD4DB77708F.jpg?v=1730042435&width=2048,https://nestorevintage.fr/cdn/shop/files/AFE58C67-46FA-45D8-88E9-B7B7E9E292A0.jpg?v=1730042435&width=2048,Jean Baggy Christian Audigier (M),https://nestorevintage.fr/products/jean-baggy-30,Jean,H,"[13.333333333333334, 1.0, -16.0]"
2532,https://nestorevintage.fr/cdn/shop/files/E99373AF-0400-4B44-9C68-ADD4DB77708F.jpg?v=1730042435&width=2048,https://nestorevintage.fr/cdn/shop/files/AFE58C67-46FA-45D8-88E9-B7B7E9E292A0.jpg?v=1730042435&width=2048,Jean Baggy Christian Audigier (M),https://nestorevintage.fr/products/jean-baggy-30,Jean,H,"[35.68627450980392, -3.0, -19.0]"
2533,https://nestorevintage.fr/cdn/shop/files/E6FD7D08-2DCF-46C2-89D0-85CA68D2AB66.jpg?v=1729438969&width=2048,https://nestorevintage.fr/cdn/shop/files/7784D88F-8351-47C2-B8A3-DA9D2CF79A3C.jpg?v=1729438969&width=2048,Jean baggy Evisu seagull (M),https://nestorevintage.fr/products/jean-baggy-evisu-seagull-m-9,Jean,H,"[10.980392156862745, 4.0, -19.0]"
2534,https://nestorevintage.fr/cdn/shop/files/E6FD7D08-2DCF-46C2-89D0-85CA68D2AB66.jpg?v=1729438969&width=2048,https://nestorevintage.fr/cdn/shop/files/7784D88F-8351-47C2-B8A3-DA9D2CF79A3C.jpg?v=1729438969&width=2048,Jean baggy Evisu seagull (M),https://nestorevintage.fr/products/jean-baggy-evisu-seagull-m-9,Jean,H,"[27.058823529411764, 1.0, -20.0]"
2535,https://nestorevintage.fr/cdn/shop/files/IMG_8606.jpg?v=1728828935&width=2048,https://nestorevintage.fr/cdn/shop/files/IMG_8610.jpg?v=1728828934&width=2048,Jean baggy Evisu daicock (L),https://nestorevintage.fr/products/jean-baggy-evisu-daicock-46,Jean,H,"[9.411764705882353, 0.0, -10.0]"
2536,https://nestorevintage.fr/cdn/shop/files/IMG_8606.jpg?v=1728828935&width=2048,https://nestorevintage.fr/cdn/shop/files/IMG_8610.jpg?v=1728828934&width=2048,Jean baggy Evisu daicock (L),https://nestorevintage.fr/products/jean-baggy-evisu-daicock-46,Jean,H,"[23.137254901960784, 0.0, -10.0]"
2537,https://nestorevintage.fr/cdn/shop/files/IMG_8600.jpg?v=1728828883&width=2048,https://nestorevintage.fr/cdn/shop/files/IMG_8604.jpg?v=1728828884&width=2048,Jean baggy Evisu daicock (XL),https://nestorevintage.fr/products/jean-baggy-evisu-daicock-45,Jean,H,"[9.803921568627452, 2.0, -12.0]"
2538,https://nestorevintage.fr/cdn/shop/files/IMG_6843.jpg?v=1728228307&width=2048,https://nestorevintage.fr/cdn/shop/files/IMG_6847.jpg?v=1728228307&width=2048,Jean baggy Evisu daicock (S),https://nestorevintage.fr/products/jean-baggy-evisu-daicock-43,Jean,H,"[18.823529411764707, -1.0, -15.0]"
2539,https://nestorevintage.fr/cdn/shop/files/IMG_6843.jpg?v=1728228307&width=2048,https://nestorevintage.fr/cdn/shop/files/IMG_6847.jpg?v=1728228307&width=2048,Jean baggy Evisu daicock (S),https://nestorevintage.fr/products/jean-baggy-evisu-daicock-43,Jean,H,"[43.529411764705884, -4.0, -6.0]"
2540,https://nestorevintage.fr/cdn/shop/files/IMG_6837.jpg?v=1728228271&width=2048,https://nestorevintage.fr/cdn/shop/files/IMG_6841.jpg?v=1728228270&width=2048,Jean baggy Evisu daicock (S),https://nestorevintage.fr/products/jean-baggy-evisu-daicock-42,Jean,H,"[8.235294117647058, 2.0, -12.0]"
2541,https://nestorevintage.fr/cdn/shop/files/IMG_6829_64134813-42dc-4d8f-a539-068bc3b05256.jpg?v=1728228238&width=2048,https://nestorevintage.fr/cdn/shop/files/IMG_6833_57e791b6-c96c-49f8-b2e3-43c18cddd08a.jpg?v=1728228238&width=2048,Jean baggy Evisu daicock (S),https://nestorevintage.fr/products/jean-baggy-evisu-daicock-41,Jean,H,"[18.03921568627451, -2.0, -11.0]"
2542,https://nestorevintage.fr/cdn/shop/files/IMG_6829_64134813-42dc-4d8f-a539-068bc3b05256.jpg?v=1728228238&width=2048,https://nestorevintage.fr/cdn/shop/files/IMG_6833_57e791b6-c96c-49f8-b2e3-43c18cddd08a.jpg?v=1728228238&width=2048,Jean baggy Evisu daicock (S),https://nestorevintage.fr/products/jean-baggy-evisu-daicock-41,Jean,H,"[33.33333333333333, -2.0, -10.0]"
2543,https://nestorevintage.fr/cdn/shop/files/IMG_6823_89b5ef86-d081-4ec9-937c-e2250a4e3c64.jpg?v=1728228197&width=2048,https://nestorevintage.fr/cdn/shop/files/IMG_6827_88c7bfb3-717b-413b-bf2e-82ffdd28ad77.jpg?v=1728228197&width=2048,Jean baggy Evisu daicock (S),https://nestorevintage.fr/products/jean-baggy-evisu-daicock-40,Jean,H,"[37.254901960784316, -4.0, -12.0]"
2544,https://nestorevintage.fr/cdn/shop/files/IMG_6823_89b5ef86-d081-4ec9-937c-e2250a4e3c64.jpg?v=1728228197&width=2048,https://nestorevintage.fr/cdn/shop/files/IMG_6827_88c7bfb3-717b-413b-bf2e-82ffdd28ad77.jpg?v=1728228197&width=2048,Jean baggy Evisu daicock (S),https://nestorevintage.fr/products/jean-baggy-evisu-daicock-40,Jean,H,"[21.568627450980394, -2.0, -12.0]"
2545,https://nestorevintage.fr/cdn/shop/files/IMG_6813_f94da8d1-697f-4764-95c3-f6b7979c9603.jpg?v=1728228108&width=2048,https://nestorevintage.fr/cdn/shop/files/IMG_6815_c75b6368-ce73-464c-a40a-866744f39a46.jpg?v=1728228108&width=2048,Jean baggy Evisu multipocket (S),https://nestorevintage.fr/products/jean-baggy-evisu-daicock-multipocket-1,Jean,H,"[10.196078431372548, -2.0, -10.0]"
2546,https://nestorevintage.fr/cdn/shop/files/7A8167FE-E39A-4D0A-B8F3-44C39EA11331.jpg?v=1728228079&width=2048,https://nestorevintage.fr/cdn/shop/files/68C72195-1929-4905-9E45-0C8D9CFE6D09.jpg?v=1728228079&width=2048,Jean baggy Evisu Seagull (M),https://nestorevintage.fr/products/jean-baggy-evisu-seagull-m-2,Jean,H,"[9.411764705882353, 2.0, -11.0]"
2547,https://nestorevintage.fr/cdn/shop/files/7A8167FE-E39A-4D0A-B8F3-44C39EA11331.jpg?v=1728228079&width=2048,https://nestorevintage.fr/cdn/shop/files/68C72195-1929-4905-9E45-0C8D9CFE6D09.jpg?v=1728228079&width=2048,Jean baggy Evisu Seagull (M),https://nestorevintage.fr/products/jean-baggy-evisu-seagull-m-2,Jean,H,"[22.745098039215687, -1.0, -13.0]"
2548,https://nestorevintage.fr/cdn/shop/files/IMG_6807_1504f7e6-7087-4d98-abc5-06606b9b2cd9.jpg?v=1728228056&width=2048,https://nestorevintage.fr/cdn/shop/files/IMG_6811_12ae2f5b-798e-46dd-b1ad-4afc3762a5ec.jpg?v=1728228056&width=2048,Jean baggy Evisu daicock (XL),https://nestorevintage.fr/products/jean-baggy-evisu-daicock-38,Jean,H,"[5.490196078431373, 0.0, -2.0]"
2549,https://nestorevintage.fr/cdn/shop/files/IMG_6934_f989df1a-896e-443a-bb80-54e28406321e.jpg?v=1728227817&width=2048,https://nestorevintage.fr/cdn/shop/files/IMG_6938.jpg?v=1728227819&width=2048,Jean baggy RMC (S),https://nestorevintage.fr/products/jean-baggy-rmc-17,Jean,H,"[21.176470588235293, -3.0, -11.0]"
2550,https://nestorevintage.fr/cdn/shop/files/IMG_6934_f989df1a-896e-443a-bb80-54e28406321e.jpg?v=1728227817&width=2048,https://nestorevintage.fr/cdn/shop/files/IMG_6938.jpg?v=1728227819&width=2048,Jean baggy RMC (S),https://nestorevintage.fr/products/jean-baggy-rmc-17,Jean,H,"[37.64705882352941, -3.0, -12.0]"
2551,https://nestorevintage.fr/cdn/shop/files/FB0814E4-0C35-4A72-A6BD-56047D4DB73C.jpg?v=1728227824&width=2048,https://nestorevintage.fr/cdn/shop/files/E6758C41-8B53-4429-BF31-D2EA17469BCA.jpg?v=1728227824&width=2048,Jean baggy Evisu Seagull (XL),https://nestorevintage.fr/products/jean-baggy-evisu-seagull-xl-3,Jean,H,"[22.35294117647059, 3.0, -27.0]"
2552,https://nestorevintage.fr/cdn/shop/files/FB0814E4-0C35-4A72-A6BD-56047D4DB73C.jpg?v=1728227824&width=2048,https://nestorevintage.fr/cdn/shop/files/E6758C41-8B53-4429-BF31-D2EA17469BCA.jpg?v=1728227824&width=2048,Jean baggy Evisu Seagull (XL),https://nestorevintage.fr/products/jean-baggy-evisu-seagull-xl-3,Jean,H,"[36.86274509803922, 0.0, -28.0]"
2553,https://nestorevintage.fr/cdn/shop/files/1CDAED2D-10AD-4057-9146-CE4DC9CFB194.jpg?v=1728227764&width=2048,https://nestorevintage.fr/cdn/shop/files/87FB6B13-E9FE-45A6-A109-84707A0A90C9.jpg?v=1728227763&width=2048,Jean baggy Evisu Seagull (XL),https://nestorevintage.fr/products/jean-baggy-evisu-seagull-xl-2,Jean,H,"[14.50980392156863, 7.0, -26.0]"
2554,https://nestorevintage.fr/cdn/shop/files/1CDAED2D-10AD-4057-9146-CE4DC9CFB194.jpg?v=1728227764&width=2048,https://nestorevintage.fr/cdn/shop/files/87FB6B13-E9FE-45A6-A109-84707A0A90C9.jpg?v=1728227763&width=2048,Jean baggy Evisu Seagull (XL),https://nestorevintage.fr/products/jean-baggy-evisu-seagull-xl-2,Jean,H,"[27.84313725490196, 4.0, -29.0]"
2555,https://nestorevintage.fr/cdn/shop/files/IMG_6904.jpg?v=1728227566&width=2048,https://nestorevintage.fr/cdn/shop/files/IMG_6908.jpg?v=1728227566&width=2048,Jean baggy Bape (M),https://nestorevintage.fr/products/jean-baggy-bape-12,Jean,H,"[14.117647058823529, 1.0, -13.0]"
2556,https://nestorevintage.fr/cdn/shop/files/IMG_6904.jpg?v=1728227566&width=2048,https://nestorevintage.fr/cdn/shop/files/IMG_6908.jpg?v=1728227566&width=2048,Jean baggy Bape (M),https://nestorevintage.fr/products/jean-baggy-bape-12,Jean,H,"[30.19607843137255, 1.0, -13.0]"
2557,https://nestorevintage.fr/cdn/shop/files/IMG_6855.jpg?v=1728227134&width=2048,https://nestorevintage.fr/cdn/shop/files/IMG_6858.jpg?v=1728227135&width=2048,Jean baggy Ed Hardy (S),https://nestorevintage.fr/products/jean-baggy-ed-hardy-23,Jean,H,"[52.94117647058824, -3.0, 0.0]"
2558,https://nestorevintage.fr/cdn/shop/files/IMG_6855.jpg?v=1728227134&width=2048,https://nestorevintage.fr/cdn/shop/files/IMG_6858.jpg?v=1728227135&width=2048,Jean baggy Ed Hardy (S),https://nestorevintage.fr/products/jean-baggy-ed-hardy-23,Jean,H,"[76.07843137254902, -4.0, 7.0]"
2559,https://nestorevintage.fr/cdn/shop/files/E9B75903-19E6-4C8F-8C93-8C479CBBD8FB.jpg?v=1727622831&width=2048,https://nestorevintage.fr/cdn/shop/files/3A04AA76-28ED-4DF5-9093-42BDD55385F8.jpg?v=1727622831&width=2048,Jean baggy RMC (XL),https://nestorevintage.fr/products/jean-baggy-rmc-xl,Jean,H,"[10.588235294117647, 4.0, -19.0]"
2560,https://nestorevintage.fr/cdn/shop/files/E9B75903-19E6-4C8F-8C93-8C479CBBD8FB.jpg?v=1727622831&width=2048,https://nestorevintage.fr/cdn/shop/files/3A04AA76-28ED-4DF5-9093-42BDD55385F8.jpg?v=1727622831&width=2048,Jean baggy RMC (XL),https://nestorevintage.fr/products/jean-baggy-rmc-xl,Jean,H,"[27.058823529411764, 1.0, -18.0]"
2561,https://nestorevintage.fr/cdn/shop/files/2A0ECDE3-D3E5-4A41-8D55-242D60572038.jpg?v=1727623644&width=2048,https://nestorevintage.fr/cdn/shop/files/B3B15C6D-B3E6-4F8E-A172-30F8DCBCCFB1.jpg?v=1727622760&width=2048,Jean baggy RMC (M),https://nestorevintage.fr/products/jean-baggy-rmc-m-1,Jean,H,"[11.372549019607844, 0.0, -7.0]"
2562,https://nestorevintage.fr/cdn/shop/files/2A0ECDE3-D3E5-4A41-8D55-242D60572038.jpg?v=1727623644&width=2048,https://nestorevintage.fr/cdn/shop/files/B3B15C6D-B3E6-4F8E-A172-30F8DCBCCFB1.jpg?v=1727622760&width=2048,Jean baggy RMC (M),https://nestorevintage.fr/products/jean-baggy-rmc-m-1,Jean,H,"[27.058823529411764, 0.0, -7.0]"
2563,https://nestorevintage.fr/cdn/shop/files/F02F1815-9491-4DA6-99E3-A46EF20D9FAC.jpg?v=1727622680&width=2048,https://nestorevintage.fr/cdn/shop/files/78E3AA9B-4991-4F85-AA64-088076736256.jpg?v=1727622681&width=2048,Jean baggy RMC (M),https://nestorevintage.fr/products/jean-baggy-rmc-m,Jean,H,"[22.745098039215687, -2.0, -14.0]"
2564,https://nestorevintage.fr/cdn/shop/files/F02F1815-9491-4DA6-99E3-A46EF20D9FAC.jpg?v=1727622680&width=2048,https://nestorevintage.fr/cdn/shop/files/78E3AA9B-4991-4F85-AA64-088076736256.jpg?v=1727622681&width=2048,Jean baggy RMC (M),https://nestorevintage.fr/products/jean-baggy-rmc-m,Jean,H,"[41.568627450980394, -3.0, -13.0]"
2565,https://nestorevintage.fr/cdn/shop/files/0EA53FFC-F74A-417E-AE59-C776D1455A9D.jpg?v=1727622560&width=2048,https://nestorevintage.fr/cdn/shop/files/0AFF1FB0-BA21-4106-BF87-9A56A3FF0F87.jpg?v=1727622560&width=2048,Jean baggy Christian Audigier (S),https://nestorevintage.fr/products/jean-baggy-christian-audigier-s,Jean,H,"[10.588235294117647, -2.0, -5.0]"
2566,https://nestorevintage.fr/cdn/shop/files/0EA53FFC-F74A-417E-AE59-C776D1455A9D.jpg?v=1727622560&width=2048,https://nestorevintage.fr/cdn/shop/files/0AFF1FB0-BA21-4106-BF87-9A56A3FF0F87.jpg?v=1727622560&width=2048,Jean baggy Christian Audigier (S),https://nestorevintage.fr/products/jean-baggy-christian-audigier-s,Jean,H,"[27.84313725490196, 2.0, -2.0]"
2567,https://nestorevintage.fr/cdn/shop/files/35E7E6C9-5195-4F7F-97F6-C7D607B39956.jpg?v=1727622353&width=2048,https://nestorevintage.fr/cdn/shop/files/6C406420-FB02-4C02-8AA7-1BD5CC7C63BD.jpg?v=1727622353&width=2048,Jean baggy Sugoi (S),https://nestorevintage.fr/products/jean-baggy-sugoi-6,Jean,H,"[15.686274509803921, 0.0, -15.0]"
2568,https://nestorevintage.fr/cdn/shop/files/35E7E6C9-5195-4F7F-97F6-C7D607B39956.jpg?v=1727622353&width=2048,https://nestorevintage.fr/cdn/shop/files/6C406420-FB02-4C02-8AA7-1BD5CC7C63BD.jpg?v=1727622353&width=2048,Jean baggy Sugoi (S),https://nestorevintage.fr/products/jean-baggy-sugoi-6,Jean,H,"[31.76470588235294, -2.0, -16.0]"
2569,https://nestorevintage.fr/cdn/shop/files/74B7538D-2EC6-42AD-8CA2-258E93563699.jpg?v=1727622233&width=2048,https://nestorevintage.fr/cdn/shop/files/971B2B92-D571-45FF-9446-502D4B87F574.jpg?v=1727622233&width=2048,Jean baggy Evisu speacial edition year of pig 2019 (L),https://nestorevintage.fr/products/jean-baggy-evisu-speacial-edition-year-of-pig-2019-xl,Jean,H,"[14.901960784313726, -1.0, -4.0]"
2570,https://nestorevintage.fr/cdn/shop/files/585652A1-AF7B-4256-B17D-B733F0BD56AE.jpg?v=1727026100&width=2048,https://nestorevintage.fr/cdn/shop/files/C8DD5749-8DCB-48E9-BC45-3E824A30DEDF.jpg?v=1727026100&width=2048,Jean baggy Evisu Daicock (XL),https://nestorevintage.fr/products/jean-baggy-evisu-daicock-l-2,Jean,H,"[5.490196078431373, 0.0, -2.0]"
2571,https://nestorevintage.fr/cdn/shop/files/0BDB68C0-0E06-45F9-BB5B-00EC835A43B2.jpg?v=1727017342&width=2048,https://nestorevintage.fr/cdn/shop/files/B1599E41-C5CC-40F7-AF34-D7BD2C1C31AC.jpg?v=1727017343&width=2048,Jean baggy Ed Hardy (XL),https://nestorevintage.fr/products/jean-baggy-ed-hardy-22,Jean,H,"[14.901960784313726, -1.0, -3.0]"
2572,https://nestorevintage.fr/cdn/shop/files/0BDB68C0-0E06-45F9-BB5B-00EC835A43B2.jpg?v=1727017342&width=2048,https://nestorevintage.fr/cdn/shop/files/B1599E41-C5CC-40F7-AF34-D7BD2C1C31AC.jpg?v=1727017343&width=2048,Jean baggy Ed Hardy (XL),https://nestorevintage.fr/products/jean-baggy-ed-hardy-22,Jean,H,"[30.58823529411765, 1.0, -1.0]"
2573,https://nestorevintage.fr/cdn/shop/files/267C10A5-EEAF-4DBA-BF73-232AF48523A0.jpg?v=1727017095&width=2048,https://nestorevintage.fr/cdn/shop/files/A29A58CE-D561-4CD8-A358-2EECD134FEC4.jpg?v=1727017095&width=2048,Jean baggy Evisu Seagull (M),https://nestorevintage.fr/products/jean-baggy-evisu-seagull-85,Jean,H,"[13.725490196078432, -1.0, -15.0]"
2574,https://nestorevintage.fr/cdn/shop/files/267C10A5-EEAF-4DBA-BF73-232AF48523A0.jpg?v=1727017095&width=2048,https://nestorevintage.fr/cdn/shop/files/A29A58CE-D561-4CD8-A358-2EECD134FEC4.jpg?v=1727017095&width=2048,Jean baggy Evisu Seagull (M),https://nestorevintage.fr/products/jean-baggy-evisu-seagull-85,Jean,H,"[29.411764705882355, -2.0, -15.0]"
2575,https://nestorevintage.fr/cdn/shop/files/8751B49D-3D0D-4BE5-AA4C-93EBFED70625.jpg?v=1727016873&width=2048,https://nestorevintage.fr/cdn/shop/files/D8385B07-4F40-4D5B-8476-647ABA3C8F42.jpg?v=1727016872&width=2048,Jean baggy Evisu Daicock (M),https://nestorevintage.fr/products/jean-baggy-evisu-daicock-36,Jean,H,"[4.705882352941177, 0.0, -7.0]"
2576,https://nestorevintage.fr/cdn/shop/files/A7A0D139-8CFA-4DAF-8A0F-2503A9F73C6F.jpg?v=1727016490&width=2048,https://nestorevintage.fr/cdn/shop/files/050C9AEB-7A83-4CA3-A208-8AAB6F584F3A.jpg?v=1727016490&width=2048,Jean baggy RMC (M),https://nestorevintage.fr/products/jean-baggy-rmc-13,Jean,H,"[14.901960784313726, 1.0, -17.0]"
2577,https://nestorevintage.fr/cdn/shop/files/A7A0D139-8CFA-4DAF-8A0F-2503A9F73C6F.jpg?v=1727016490&width=2048,https://nestorevintage.fr/cdn/shop/files/050C9AEB-7A83-4CA3-A208-8AAB6F584F3A.jpg?v=1727016490&width=2048,Jean baggy RMC (M),https://nestorevintage.fr/products/jean-baggy-rmc-13,Jean,H,"[29.80392156862745, 1.0, -18.0]"
2578,https://nestorevintage.fr/cdn/shop/files/62BED457-7077-4E04-B7BE-1EEDA2325767.jpg?v=1727016426&width=2048,https://nestorevintage.fr/cdn/shop/files/4F83A130-2400-4032-AA60-41D75EA2230B.jpg?v=1727016425&width=2048,Jean baggy Bape (L),https://nestorevintage.fr/products/jean-baggy-28,Jean,H,"[13.725490196078432, 2.0, -19.0]"
2579,https://nestorevintage.fr/cdn/shop/files/62BED457-7077-4E04-B7BE-1EEDA2325767.jpg?v=1727016426&width=2048,https://nestorevintage.fr/cdn/shop/files/4F83A130-2400-4032-AA60-41D75EA2230B.jpg?v=1727016425&width=2048,Jean baggy Bape (L),https://nestorevintage.fr/products/jean-baggy-28,Jean,H,"[31.372549019607842, 0.0, -21.0]"
2580,https://nestorevintage.fr/cdn/shop/files/D5151252-A898-47DA-8AAF-3A1094A1A414.jpg?v=1725805166&width=2048,https://nestorevintage.fr/cdn/shop/files/FE7A81DD-A408-4F3E-BA29-5A2FC172521D.jpg?v=1725805166&width=2048,Jean baggy BBC (M),https://nestorevintage.fr/products/jean-baggy-bbc-m,Jean,H,"[8.235294117647058, 0.0, -4.0]"
2581,https://nestorevintage.fr/cdn/shop/files/D5151252-A898-47DA-8AAF-3A1094A1A414.jpg?v=1725805166&width=2048,https://nestorevintage.fr/cdn/shop/files/FE7A81DD-A408-4F3E-BA29-5A2FC172521D.jpg?v=1725805166&width=2048,Jean baggy BBC (M),https://nestorevintage.fr/products/jean-baggy-bbc-m,Jean,H,"[22.35294117647059, -2.0, -5.0]"
2582,https://nestorevintage.fr/cdn/shop/files/673D2D54-F492-4B06-B51B-B2EFE4C31E1F.jpg?v=1725804410&width=2048,https://nestorevintage.fr/cdn/shop/files/70755A15-F667-4D4B-B107-741980DD8F64.jpg?v=1725804409&width=2048,Jean baggy Evisu Daicock (S),https://nestorevintage.fr/products/jean-baggy-evisu-daicock-s-2,Jean,H,"[14.50980392156863, 0.0, -12.0]"
2583,https://nestorevintage.fr/cdn/shop/files/0BFAC812-9813-4D9F-988B-1D104E7C197B.jpg?v=1725804337&width=2048,https://nestorevintage.fr/cdn/shop/files/D6A3609F-9A91-450B-B14D-36EE111CC3AE.jpg?v=1725804338&width=2048,Jean baggy Evisu Daicock (XL),https://nestorevintage.fr/products/jean-baggy-evisu-daicock-l,Jean,H,"[15.686274509803921, 3.0, -18.0]"
2584,https://nestorevintage.fr/cdn/shop/files/0BFAC812-9813-4D9F-988B-1D104E7C197B.jpg?v=1725804337&width=2048,https://nestorevintage.fr/cdn/shop/files/D6A3609F-9A91-450B-B14D-36EE111CC3AE.jpg?v=1725804338&width=2048,Jean baggy Evisu Daicock (XL),https://nestorevintage.fr/products/jean-baggy-evisu-daicock-l,Jean,H,"[89.01960784313725, -2.0, 3.0]"
2585,https://nestorevintage.fr/cdn/shop/files/8E0F7FDB-9A3D-4657-A5A8-85DB0FEAB343.jpg?v=1724595432&width=2048,https://nestorevintage.fr/cdn/shop/files/DFE4AF34-DDD5-43B1-9931-13094101FA55.jpg?v=1724595433&width=2048,Jean baggy Evisu Daicock (L),https://nestorevintage.fr/products/jean-baggy-evisu-daicock-27,Jean,H,"[10.588235294117647, 0.0, -8.0]"
2586,https://nestorevintage.fr/cdn/shop/files/46E5F764-5915-4C4F-BFB4-722EE211D8E5.jpg?v=1724595238&width=2048,https://nestorevintage.fr/cdn/shop/files/5DDE74C0-0BA4-4EFA-895D-1D02AA5677C5.jpg?v=1724595238&width=2048,Jean baggy BBC (XL),https://nestorevintage.fr/products/jean-baggy-bbc,Jean,H,"[10.588235294117647, 0.0, -10.0]"
2587,https://nestorevintage.fr/cdn/shop/files/46E5F764-5915-4C4F-BFB4-722EE211D8E5.jpg?v=1724595238&width=2048,https://nestorevintage.fr/cdn/shop/files/5DDE74C0-0BA4-4EFA-895D-1D02AA5677C5.jpg?v=1724595238&width=2048,Jean baggy BBC (XL),https://nestorevintage.fr/products/jean-baggy-bbc,Jean,H,"[25.098039215686274, 1.0, -11.0]"
2588,https://nestorevintage.fr/cdn/shop/files/61C51B6B-2C9B-42EF-839E-C2A18701872E.jpg?v=1723991938&width=2048,https://nestorevintage.fr/cdn/shop/files/3A7DAA24-07FD-4B79-B418-EF4E99D1C1E4.jpg?v=1723991938&width=2048,Jean baggy Big Train (XL),https://nestorevintage.fr/products/jean-baggy-rmc-10,Jean,H,"[10.588235294117647, -2.0, -11.0]"
2589,https://nestorevintage.fr/cdn/shop/files/61C51B6B-2C9B-42EF-839E-C2A18701872E.jpg?v=1723991938&width=2048,https://nestorevintage.fr/cdn/shop/files/3A7DAA24-07FD-4B79-B418-EF4E99D1C1E4.jpg?v=1723991938&width=2048,Jean baggy Big Train (XL),https://nestorevintage.fr/products/jean-baggy-rmc-10,Jean,H,"[34.90196078431372, -4.0, -8.0]"
2590,https://nestorevintage.fr/cdn/shop/files/4310CE54-97ED-4B82-B375-A6A23D2BC653.jpg?v=1723991776&width=2048,https://nestorevintage.fr/cdn/shop/files/64138FB6-08F1-487D-A75B-F509F209FE86.jpg?v=1723991775&width=2048,Jean baggy daicock Evisu (XL),https://nestorevintage.fr/products/jean-baggy-daicock-evisu-36,Jean,H,"[16.862745098039216, -3.0, -6.0]"
2591,https://nestorevintage.fr/cdn/shop/files/4310CE54-97ED-4B82-B375-A6A23D2BC653.jpg?v=1723991776&width=2048,https://nestorevintage.fr/cdn/shop/files/64138FB6-08F1-487D-A75B-F509F209FE86.jpg?v=1723991775&width=2048,Jean baggy daicock Evisu (XL),https://nestorevintage.fr/products/jean-baggy-daicock-evisu-36,Jean,H,"[38.03921568627451, 1.0, -4.0]"
2592,https://nestorevintage.fr/cdn/shop/files/6DB7F3BE-84F2-487E-8A55-AF815C3CCEB6.jpg?v=1723391671&width=2048,https://nestorevintage.fr/cdn/shop/files/62CF9869-850C-4A43-9C01-A44C710CF52B.jpg?v=1723391670&width=2048,Jean baggy Evisu Daicock (XL),https://nestorevintage.fr/products/jean-baggy-evisu-seagull-78,Jean,H,"[12.941176470588237, 3.0, -20.0]"
2593,https://nestorevintage.fr/cdn/shop/files/6DB7F3BE-84F2-487E-8A55-AF815C3CCEB6.jpg?v=1723391671&width=2048,https://nestorevintage.fr/cdn/shop/files/62CF9869-850C-4A43-9C01-A44C710CF52B.jpg?v=1723391670&width=2048,Jean baggy Evisu Daicock (XL),https://nestorevintage.fr/products/jean-baggy-evisu-seagull-78,Jean,H,"[26.27450980392157, -1.0, -21.0]"
2594,https://nestorevintage.fr/cdn/shop/files/7F9A4D9A-175B-40BC-A57A-4E458A3E0594.jpg?v=1721576874&width=2048,https://nestorevintage.fr/cdn/shop/files/96EC645B-20B1-4AD7-A26D-9A7C5AAA72FE.jpg?v=1721576874&width=2048,Jean baggy evisu seagull (M),https://nestorevintage.fr/products/jean-baggy-evisu-seagull-68,Jean,H,"[16.862745098039216, 2.0, -22.0]"
2595,https://nestorevintage.fr/cdn/shop/files/7F9A4D9A-175B-40BC-A57A-4E458A3E0594.jpg?v=1721576874&width=2048,https://nestorevintage.fr/cdn/shop/files/96EC645B-20B1-4AD7-A26D-9A7C5AAA72FE.jpg?v=1721576874&width=2048,Jean baggy evisu seagull (M),https://nestorevintage.fr/products/jean-baggy-evisu-seagull-68,Jean,H,"[34.11764705882353, -1.0, -22.0]"
2596,https://nestorevintage.fr/cdn/shop/files/9F8A6AAF-5F93-44FA-BE47-5AAEB6CE2BDF.jpg?v=1720365529&width=2048,https://nestorevintage.fr/cdn/shop/files/55299D2F-AFC0-4C0A-8942-6BA3CB04B364.jpg?v=1720365529&width=2048,Jean baggy Evisu daicock (S),https://nestorevintage.fr/products/jean-baggy-evisu-daicock-23,Jean,H,"[10.588235294117647, 0.0, -4.0]"
2597,https://nestorevintage.fr/cdn/shop/files/9F8A6AAF-5F93-44FA-BE47-5AAEB6CE2BDF.jpg?v=1720365529&width=2048,https://nestorevintage.fr/cdn/shop/files/55299D2F-AFC0-4C0A-8942-6BA3CB04B364.jpg?v=1720365529&width=2048,Jean baggy Evisu daicock (S),https://nestorevintage.fr/products/jean-baggy-evisu-daicock-23,Jean,H,"[27.058823529411764, 1.0, -1.0]"
2598,https://nestorevintage.fr/cdn/shop/files/IMG_6825.jpg?v=1719762171&width=2048,https://nestorevintage.fr/cdn/shop/files/IMG_6827.jpg?v=1719762172&width=2048,Jean baggy Ed Hardy (M),https://nestorevintage.fr/products/jean-baggy-ed-hardy-20,Jean,H,"[9.803921568627452, 3.0, -17.0]"
2599,https://nestorevintage.fr/cdn/shop/files/IMG_6825.jpg?v=1719762171&width=2048,https://nestorevintage.fr/cdn/shop/files/IMG_6827.jpg?v=1719762172&width=2048,Jean baggy Ed Hardy (M),https://nestorevintage.fr/products/jean-baggy-ed-hardy-20,Jean,H,"[25.49019607843137, 1.0, -18.0]"
2600,https://nestorevintage.fr/cdn/shop/files/IMG_61933.jpg?v=1719155264&width=2048,https://nestorevintage.fr/cdn/shop/files/IMG_61973.jpg?v=1719155275&width=2048,Jean baggy daicock Evisu (M),https://nestorevintage.fr/products/jean-baggy-daicock-evisu-30,Jean,H,"[9.019607843137255, 0.0, -6.0]"
2601,https://nestorevintage.fr/cdn/shop/files/IMG_61883.jpg?v=1719155202&width=2048,https://nestorevintage.fr/cdn/shop/files/IMG_61924.jpg?v=1719155205&width=2048,Jean baggy daicock Evisu (M),https://nestorevintage.fr/products/jean-baggy-daicock-evisu-copie-1,Jean,H,"[10.196078431372548, -2.0, -10.0]"
2602,https://nestorevintage.fr/cdn/shop/files/IMG_61883.jpg?v=1719155202&width=2048,https://nestorevintage.fr/cdn/shop/files/IMG_61924.jpg?v=1719155205&width=2048,Jean baggy daicock Evisu (M),https://nestorevintage.fr/products/jean-baggy-daicock-evisu-copie-1,Jean,H,"[22.745098039215687, -2.0, -9.0]"
2603,https://nestorevintage.fr/cdn/shop/files/IMG_4723.jpg?v=1717949405&width=2048,https://nestorevintage.fr/cdn/shop/files/IMG_47272.jpg?v=1717949413&width=2048,Jean baggy BBC (M),https://nestorevintage.fr/products/jean-baggy-rmc-6,Jean,H,"[10.980392156862745, 1.0, -16.0]"
2604,https://nestorevintage.fr/cdn/shop/files/IMG_4723.jpg?v=1717949405&width=2048,https://nestorevintage.fr/cdn/shop/files/IMG_47272.jpg?v=1717949413&width=2048,Jean baggy BBC (M),https://nestorevintage.fr/products/jean-baggy-rmc-6,Jean,H,"[23.52941176470588, 1.0, -17.0]"
2605,https://nestorevintage.fr/cdn/shop/files/IMG_40803.jpg?v=1717343958&width=2048,https://nestorevintage.fr/cdn/shop/files/IMG_40843.jpg?v=1717343962&width=2048,Jean baggy RMC (M),https://nestorevintage.fr/products/jean-baggy-rmc-5,Jean,H,"[15.686274509803921, 6.0, -26.0]"
2606,https://nestorevintage.fr/cdn/shop/files/IMG_40803.jpg?v=1717343958&width=2048,https://nestorevintage.fr/cdn/shop/files/IMG_40843.jpg?v=1717343962&width=2048,Jean baggy RMC (M),https://nestorevintage.fr/products/jean-baggy-rmc-5,Jean,H,"[29.411764705882355, 3.0, -27.0]"
2607,https://nestorevintage.fr/cdn/shop/files/IMG_40703.jpg?v=1717343848&width=2048,https://nestorevintage.fr/cdn/shop/files/IMG_40713.jpg?v=1717343848&width=2048,Jean baggy Ed Hardy (M),https://nestorevintage.fr/products/jean-baggy-ed-hardy-17,Jean,H,"[21.96078431372549, -4.0, -12.0]"
2608,https://nestorevintage.fr/cdn/shop/files/IMG_40703.jpg?v=1717343848&width=2048,https://nestorevintage.fr/cdn/shop/files/IMG_40713.jpg?v=1717343848&width=2048,Jean baggy Ed Hardy (M),https://nestorevintage.fr/products/jean-baggy-ed-hardy-17,Jean,H,"[43.13725490196079, -5.0, -11.0]"
2609,https://nestorevintage.fr/cdn/shop/files/IMG_40503.jpg?v=1717343665&width=2048,https://nestorevintage.fr/cdn/shop/files/IMG_40543.jpg?v=1717343673&width=2048,Jean baggy Bape (XL),https://nestorevintage.fr/products/jean-baggy-bape-9,Jean,H,"[21.568627450980394, 3.0, -28.0]"
2610,https://nestorevintage.fr/cdn/shop/files/IMG_40503.jpg?v=1717343665&width=2048,https://nestorevintage.fr/cdn/shop/files/IMG_40543.jpg?v=1717343673&width=2048,Jean baggy Bape (XL),https://nestorevintage.fr/products/jean-baggy-bape-9,Jean,H,"[36.86274509803922, 1.0, -31.0]"
2611,https://nestorevintage.fr/cdn/shop/files/IMG_40353.jpg?v=1717343582&width=2048,https://nestorevintage.fr/cdn/shop/files/IMG_40363.jpg?v=1717343581&width=2048,Jean baggy daicock Evisu (M),https://nestorevintage.fr/products/jean-baggy-daicock-evisu-27,Jean,H,"[7.0588235294117645, 2.0, -10.0]"
2612,https://nestorevintage.fr/cdn/shop/files/IMG_40293.jpg?v=1717343551&width=2048,https://nestorevintage.fr/cdn/shop/files/IMG_40333.jpg?v=1717345671&width=2048,Jean baggy seagull Evisu (M),https://nestorevintage.fr/products/jean-baggy-seagull-evisu-34,Jean,H,"[20.0, 8.0, -32.0]"
2613,https://nestorevintage.fr/cdn/shop/files/IMG_40293.jpg?v=1717343551&width=2048,https://nestorevintage.fr/cdn/shop/files/IMG_40333.jpg?v=1717345671&width=2048,Jean baggy seagull Evisu (M),https://nestorevintage.fr/products/jean-baggy-seagull-evisu-34,Jean,H,"[38.82352941176471, 3.0, -34.0]"
2614,https://nestorevintage.fr/cdn/shop/files/IMG_2127.jpg?v=1715528945&width=2048,https://nestorevintage.fr/cdn/shop/files/IMG_2129.jpg?v=1715528969&width=2048,Jean baggy Niko and...  (XS),https://nestorevintage.fr/products/jean-baggy-inspi-jnco,Jean,H,"[43.529411764705884, -3.0, -1.0]"
2615,https://nestorevintage.fr/cdn/shop/files/IMG_2127.jpg?v=1715528945&width=2048,https://nestorevintage.fr/cdn/shop/files/IMG_2129.jpg?v=1715528969&width=2048,Jean baggy Niko and...  (XS),https://nestorevintage.fr/products/jean-baggy-inspi-jnco,Jean,H,"[23.137254901960784, -3.0, -2.0]"
2616,https://nestorevintage.fr/cdn/shop/files/IMG_2127.jpg?v=1715528945&width=2048,https://nestorevintage.fr/cdn/shop/files/IMG_2129.jpg?v=1715528969&width=2048,Jean baggy Niko and...  (XS),https://nestorevintage.fr/products/jean-baggy-inspi-jnco,Jean,H,"[67.05882352941175, -3.0, 4.0]"
2617,https://nestorevintage.fr/cdn/shop/files/IMG_2131.jpg?v=1715528599&width=2048,https://nestorevintage.fr/cdn/shop/files/IMG_2133.jpg?v=1715528607&width=2048,Jean baggy Christian Audigier (M),https://nestorevintage.fr/products/jean-baggy-christian-audigier-2,Jean,H,"[18.03921568627451, -3.0, -6.0]"
2618,https://nestorevintage.fr/cdn/shop/files/IMG_2131.jpg?v=1715528599&width=2048,https://nestorevintage.fr/cdn/shop/files/IMG_2133.jpg?v=1715528607&width=2048,Jean baggy Christian Audigier (M),https://nestorevintage.fr/products/jean-baggy-christian-audigier-2,Jean,H,"[37.254901960784316, -3.0, -2.0]"
2619,https://nestorevintage.fr/cdn/shop/files/IMG_1083.jpg?v=1714924221&width=2048,https://nestorevintage.fr/cdn/shop/files/IMG_1087.jpg?v=1714924233&width=2048,Jean baggy daicock Evisu (M),https://nestorevintage.fr/products/jean-baggy-daicock-evisu-20,Jean,H,"[14.901960784313726, -1.0, -12.0]"
2620,https://nestorevintage.fr/cdn/shop/files/IMG_1083.jpg?v=1714924221&width=2048,https://nestorevintage.fr/cdn/shop/files/IMG_1087.jpg?v=1714924233&width=2048,Jean baggy daicock Evisu (M),https://nestorevintage.fr/products/jean-baggy-daicock-evisu-20,Jean,H,"[30.19607843137255, -3.0, -12.0]"
2621,https://nestorevintage.fr/cdn/shop/files/IMG_1070.jpg?v=1714924035&width=2048,https://nestorevintage.fr/cdn/shop/files/IMG_1074.jpg?v=1714924057&width=2048,Jean baggy daicock Evisu (M),https://nestorevintage.fr/products/jean-baggy-daicock-evisu-18,Jean,H,"[13.725490196078432, 0.0, -9.0]"
2622,https://nestorevintage.fr/cdn/shop/files/IMG_1070.jpg?v=1714924035&width=2048,https://nestorevintage.fr/cdn/shop/files/IMG_1074.jpg?v=1714924057&width=2048,Jean baggy daicock Evisu (M),https://nestorevintage.fr/products/jean-baggy-daicock-evisu-18,Jean,H,"[28.235294117647058, -2.0, -9.0]"
2623,https://nestorevintage.fr/cdn/shop/files/IMG_96583.jpg?v=1713712721&width=2048,https://nestorevintage.fr/cdn/shop/files/IMG_96623.jpg?v=1713712726&width=2048,Jean baggy daicock Evisu (S),https://nestorevintage.fr/products/jean-baggy-daicock-evisu-13,Jean,H,"[16.470588235294116, 1.0, -16.0]"
2624,https://nestorevintage.fr/cdn/shop/files/IMG_96513.jpg?v=1713712617&width=2048,https://nestorevintage.fr/cdn/shop/files/IMG_96543.jpg?v=1713712645&width=2048,Jean baggy Bape (XL),https://nestorevintage.fr/products/jean-baggy-bape-6,Jean,H,"[39.21568627450981, -5.0, -8.0]"
2625,https://nestorevintage.fr/cdn/shop/files/IMG_96513.jpg?v=1713712617&width=2048,https://nestorevintage.fr/cdn/shop/files/IMG_96543.jpg?v=1713712645&width=2048,Jean baggy Bape (XL),https://nestorevintage.fr/products/jean-baggy-bape-6,Jean,H,"[21.176470588235293, -3.0, -9.0]"
2626,https://nestorevintage.fr/cdn/shop/files/IMG_7157.jpg?v=1711898238&width=2048,https://nestorevintage.fr/cdn/shop/files/IMG_7155.jpg?v=1711898238&width=2048,Jean baggy Bape sadface (L),https://nestorevintage.fr/products/jean-baggy-bape-sadface,Jean,H,"[16.862745098039216, 1.0, -20.0]"
2627,https://nestorevintage.fr/cdn/shop/files/IMG_7157.jpg?v=1711898238&width=2048,https://nestorevintage.fr/cdn/shop/files/IMG_7155.jpg?v=1711898238&width=2048,Jean baggy Bape sadface (L),https://nestorevintage.fr/products/jean-baggy-bape-sadface,Jean,H,"[33.72549019607843, -1.0, -20.0]"
2628,https://nestorevintage.fr/cdn/shop/files/IMG_55583.jpg?v=1710693477&width=2048,https://nestorevintage.fr/cdn/shop/files/IMG_55613.jpg?v=1710693484&width=2048,Jean baggy Christian Audigier (S),https://nestorevintage.fr/products/jean-baggy-dc-1,Jean,H,"[14.901960784313726, -1.0, -9.0]"
2629,https://nestorevintage.fr/cdn/shop/files/IMG_55583.jpg?v=1710693477&width=2048,https://nestorevintage.fr/cdn/shop/files/IMG_55613.jpg?v=1710693484&width=2048,Jean baggy Christian Audigier (S),https://nestorevintage.fr/products/jean-baggy-dc-1,Jean,H,"[33.72549019607843, -2.0, -7.0]"
2630,https://nestorevintage.fr/cdn/shop/files/IMG_50032.jpg?v=1709477728&width=2048,https://nestorevintage.fr/cdn/shop/files/IMG_50072.jpg?v=1709477736&width=2048,Jean baggy Evisu daicock (M),https://nestorevintage.fr/products/jean-baggy-evisu-daicock-17,Jean,H,"[11.76470588235294, 0.0, -9.0]"
2631,https://nestorevintage.fr/cdn/shop/files/IMG_36343.jpg?v=1708270960&width=2048,https://nestorevintage.fr/cdn/shop/files/IMG_36372.jpg?v=1708270974&width=2048,Jean baggy Ed Hardy vintage (S),https://nestorevintage.fr/products/jean-baggy-evisu-seagull-48,Jean,H,"[17.647058823529413, 0.0, -7.0]"
2632,https://nestorevintage.fr/cdn/shop/files/IMG_36343.jpg?v=1708270960&width=2048,https://nestorevintage.fr/cdn/shop/files/IMG_36372.jpg?v=1708270974&width=2048,Jean baggy Ed Hardy vintage (S),https://nestorevintage.fr/products/jean-baggy-evisu-seagull-48,Jean,H,"[33.72549019607843, 0.0, -6.0]"
2633,https://nestorevintage.fr/cdn/shop/files/IMG_3171.jpg?v=1707665663&width=2048,https://nestorevintage.fr/cdn/shop/files/IMG_3174.jpg?v=1707665667&width=2048,Jean baggy Bape vintage (L),https://nestorevintage.fr/products/jean-baggy-sohk-vintage,Jean,H,"[13.725490196078432, 2.0, -20.0]"
2634,https://nestorevintage.fr/cdn/shop/files/IMG_3171.jpg?v=1707665663&width=2048,https://nestorevintage.fr/cdn/shop/files/IMG_3174.jpg?v=1707665667&width=2048,Jean baggy Bape vintage (L),https://nestorevintage.fr/products/jean-baggy-sohk-vintage,Jean,H,"[28.235294117647058, 2.0, -24.0]"
2635,https://nestorevintage.fr/cdn/shop/files/IMG_3164.jpg?v=1707665573&width=2048,https://nestorevintage.fr/cdn/shop/files/IMG_3167.jpg?v=1707665571&width=2048,Jean baggy Sohk vintage (XS),https://nestorevintage.fr/products/jean-baggy-big-train-4,Jean,H,"[12.941176470588237, 4.0, -20.0]"
2636,https://nestorevintage.fr/cdn/shop/files/IMG_3164.jpg?v=1707665573&width=2048,https://nestorevintage.fr/cdn/shop/files/IMG_3167.jpg?v=1707665571&width=2048,Jean baggy Sohk vintage (XS),https://nestorevintage.fr/products/jean-baggy-big-train-4,Jean,H,"[28.627450980392155, 2.0, -25.0]"
2637,https://nestorevintage.fr/cdn/shop/files/IMG_3133_cc3dd9ee-eb99-4148-9a80-10ea588c1231.jpg?v=1707665270&width=2048,https://nestorevintage.fr/cdn/shop/files/IMG_3136_c4ff7311-5888-4488-9099-00c0816e845f.jpg?v=1707665268&width=2048,Jean baggy Sugoi vintage (XL),https://nestorevintage.fr/products/jean-baggy-sugoi-vintage,Jean,H,"[20.392156862745097, -2.0, -12.0]"
2638,https://nestorevintage.fr/cdn/shop/files/IMG_3133_cc3dd9ee-eb99-4148-9a80-10ea588c1231.jpg?v=1707665270&width=2048,https://nestorevintage.fr/cdn/shop/files/IMG_3136_c4ff7311-5888-4488-9099-00c0816e845f.jpg?v=1707665268&width=2048,Jean baggy Sugoi vintage (XL),https://nestorevintage.fr/products/jean-baggy-sugoi-vintage,Jean,H,"[39.21568627450981, -2.0, -11.0]"
2639,https://nestorevintage.fr/cdn/shop/files/IMG_2433.jpg?v=1707056828&width=2048,https://nestorevintage.fr/cdn/shop/files/IMG_2436.jpg?v=1707056905&width=2048,Jean baggy Christian Audigier (S),https://nestorevintage.fr/products/jean-baggy-christian-audigier-1,Jean,H,"[13.333333333333334, 1.0, -14.0]"
2640,https://nestorevintage.fr/cdn/shop/files/IMG_13902.jpg?v=1706457522&width=2048,https://nestorevintage.fr/cdn/shop/files/IMG_13932.jpg?v=1706457522&width=2048,Jean baggy Evisu daicock (M),https://nestorevintage.fr/products/jean-baggy-evisu-daicock-5,Jean,H,"[10.980392156862745, 1.0, -12.0]"
2641,https://nestorevintage.fr/cdn/shop/files/IMG_13902.jpg?v=1706457522&width=2048,https://nestorevintage.fr/cdn/shop/files/IMG_13932.jpg?v=1706457522&width=2048,Jean baggy Evisu daicock (M),https://nestorevintage.fr/products/jean-baggy-evisu-daicock-5,Jean,H,"[29.80392156862745, 0.0, -14.0]"
2642,https://nestorevintage.fr/cdn/shop/files/IMG_0656_461576c1-7b73-450c-b30d-16f47cead06c.jpg?v=1705877339&width=2048,https://nestorevintage.fr/cdn/shop/files/IMG_0659_dbc83186-72dd-4c37-8da3-328f3c21196d.jpg?v=1705877341&width=2048,Jean baggy Bape vintage (S),https://nestorevintage.fr/products/jean-baggy-bape-vintage-20,Jean,H,"[6.666666666666667, 2.0, -10.0]"
2643,https://nestorevintage.fr/cdn/shop/files/IMG_0656_461576c1-7b73-450c-b30d-16f47cead06c.jpg?v=1705877339&width=2048,https://nestorevintage.fr/cdn/shop/files/IMG_0659_dbc83186-72dd-4c37-8da3-328f3c21196d.jpg?v=1705877341&width=2048,Jean baggy Bape vintage (S),https://nestorevintage.fr/products/jean-baggy-bape-vintage-20,Jean,H,"[20.392156862745097, 1.0, -12.0]"
2644,https://nestorevintage.fr/cdn/shop/files/IMG_05293.jpg?v=1705872984&width=2048,https://nestorevintage.fr/cdn/shop/files/IMG_05323.jpg?v=1705872986&width=2048,Jean baggy Bape vintage (L),https://nestorevintage.fr/products/jean-baggy-bape-vintage-19,Jean,H,"[11.372549019607844, 0.0, -14.0]"
2645,https://nestorevintage.fr/cdn/shop/files/IMG_05293.jpg?v=1705872984&width=2048,https://nestorevintage.fr/cdn/shop/files/IMG_05323.jpg?v=1705872986&width=2048,Jean baggy Bape vintage (L),https://nestorevintage.fr/products/jean-baggy-bape-vintage-19,Jean,H,"[25.882352941176475, 0.0, -15.0]"
2646,https://nestorevintage.fr/cdn/shop/files/IMG_0064.jpg?v=1705237824&width=2048,https://nestorevintage.fr/cdn/shop/files/IMG_0067.jpg?v=1705237827&width=2048,Jean baggy Evisu daicock (S),https://nestorevintage.fr/products/jean-baggy-evisu-daicock-3,Jean,H,"[11.76470588235294, 3.0, -17.0]"
2647,https://nestorevintage.fr/cdn/shop/files/IMG_0064.jpg?v=1705237824&width=2048,https://nestorevintage.fr/cdn/shop/files/IMG_0067.jpg?v=1705237827&width=2048,Jean baggy Evisu daicock (S),https://nestorevintage.fr/products/jean-baggy-evisu-daicock-3,Jean,H,"[29.80392156862745, -4.0, -14.0]"
2648,https://nestorevintage.fr/cdn/shop/files/IMG_0061.jpg?v=1705237735&width=2048,https://nestorevintage.fr/cdn/shop/files/IMG_0062.jpg?v=1705237740&width=2048,Jean baggy Ed Hardy vintage (L),https://nestorevintage.fr/products/jean-baggy-ed-hardy-vintage-12,Jean,H,"[18.03921568627451, 3.0, -15.0]"
2649,https://nestorevintage.fr/cdn/shop/files/IMG_0061.jpg?v=1705237735&width=2048,https://nestorevintage.fr/cdn/shop/files/IMG_0062.jpg?v=1705237740&width=2048,Jean baggy Ed Hardy vintage (L),https://nestorevintage.fr/products/jean-baggy-ed-hardy-vintage-12,Jean,H,"[35.294117647058826, 5.0, -13.0]"
2650,https://nestorevintage.fr/cdn/shop/files/IMG_57412_fdc15e2a-04fd-489b-bd20-55abc6ab26b6.jpg?v=1738779077&width=2048,https://nestorevintage.fr/cdn/shop/files/IMG_57472.jpg?v=1738779077&width=2048,Sweat Off-white (M),https://nestorevintage.fr/products/sweat-off-white-m,Hoodie,H/F,"[84.70588235294117, -1.0, 1.0]"
2651,https://nestorevintage.fr/cdn/shop/files/IMG_57412_fdc15e2a-04fd-489b-bd20-55abc6ab26b6.jpg?v=1738779077&width=2048,https://nestorevintage.fr/cdn/shop/files/IMG_57472.jpg?v=1738779077&width=2048,Sweat Off-white (M),https://nestorevintage.fr/products/sweat-off-white-m,Hoodie,H/F,"[72.15686274509804, -1.0, 1.0]"
2652,https://nestorevintage.fr/cdn/shop/files/IMG_5732.jpg?v=1738779008&width=2048,https://nestorevintage.fr/cdn/shop/files/IMG_57382_c0dc398a-aae7-4501-a326-b6821538d8aa.jpg?v=1738779013&width=2048,Sweat Palm Angels (M),https://nestorevintage.fr/products/sweat-palm-angels-m,Hoodie,H/F,"[59.6078431372549, -18.0, 6.0]"
2653,https://nestorevintage.fr/cdn/shop/files/IMG_5724.jpg?v=1738778911&width=2048,https://nestorevintage.fr/cdn/shop/files/IMG_57292.jpg?v=1738778919&width=2048,Sweat Burberry (S),https://nestorevintage.fr/products/sweat-burberry-s-1,Hoodie,H/F,"[27.058823529411764, -1.0, -1.0]"
2654,https://nestorevintage.fr/cdn/shop/files/IMG_5724.jpg?v=1738778911&width=2048,https://nestorevintage.fr/cdn/shop/files/IMG_57292.jpg?v=1738778919&width=2048,Sweat Burberry (S),https://nestorevintage.fr/products/sweat-burberry-s-1,Hoodie,H/F,"[36.470588235294116, 0.0, -1.0]"
2655,https://nestorevintage.fr/cdn/shop/files/IMG_5724.jpg?v=1738778911&width=2048,https://nestorevintage.fr/cdn/shop/files/IMG_57292.jpg?v=1738778919&width=2048,Sweat Burberry (S),https://nestorevintage.fr/products/sweat-burberry-s-1,Hoodie,H/F,"[16.07843137254902, 1.0, -1.0]"
2656,https://nestorevintage.fr/cdn/shop/files/IMG_5708.jpg?v=1738778776&width=2048,https://nestorevintage.fr/cdn/shop/files/IMG_57092_43fa6abb-1c74-402f-b721-4be83e27f079.jpg?v=1738778776&width=2048,Sweat Ami (L),https://nestorevintage.fr/products/sweat-ami-l-4,Hoodie,H/F,"[16.862745098039216, -1.0, -4.0]"
2657,https://nestorevintage.fr/cdn/shop/files/IMG_5700_2e20af19-5ffb-4fc9-b55a-b949ec246031.jpg?v=1738778709&width=2048,https://nestorevintage.fr/cdn/shop/files/IMG_57042.jpg?v=1738778718&width=2048,Sweat Ami (S),https://nestorevintage.fr/products/sweat-ami-24,Hoodie,H/F,"[71.37254901960785, -1.0, 17.0]"
2658,https://nestorevintage.fr/cdn/shop/files/IMG_5700_2e20af19-5ffb-4fc9-b55a-b949ec246031.jpg?v=1738778709&width=2048,https://nestorevintage.fr/cdn/shop/files/IMG_57042.jpg?v=1738778718&width=2048,Sweat Ami (S),https://nestorevintage.fr/products/sweat-ami-24,Hoodie,H/F,"[60.3921568627451, -1.0, 17.0]"
2659,https://nestorevintage.fr/cdn/shop/files/IMG_56782.jpg?v=1738778625&width=2048,https://nestorevintage.fr/cdn/shop/files/IMG_56812.jpg?v=1738778625&width=2048,Sweat Vivienne Westwood (M),https://nestorevintage.fr/products/sweat-vivienne-westwood-m-1,Hoodie,H/F,"[15.686274509803921, 2.0, -9.0]"
2660,https://nestorevintage.fr/cdn/shop/files/IMG_56782.jpg?v=1738778625&width=2048,https://nestorevintage.fr/cdn/shop/files/IMG_56812.jpg?v=1738778625&width=2048,Sweat Vivienne Westwood (M),https://nestorevintage.fr/products/sweat-vivienne-westwood-m-1,Hoodie,H/F,"[9.411764705882353, 0.0, -7.0]"
2661,https://nestorevintage.fr/cdn/shop/files/IMG_56722.jpg?v=1738778576&width=2048,https://nestorevintage.fr/cdn/shop/files/IMG_56752_e0ef0b6f-77dd-49c5-9565-f4edf5190f1f.jpg?v=1738778576&width=2048,Sweat Vivienne Westwood (L),https://nestorevintage.fr/products/sweat-vivienne-westwood-13,Hoodie,H/F,"[21.176470588235293, 6.0, -18.0]"
2662,https://nestorevintage.fr/cdn/shop/files/IMG_56722.jpg?v=1738778576&width=2048,https://nestorevintage.fr/cdn/shop/files/IMG_56752_e0ef0b6f-77dd-49c5-9565-f4edf5190f1f.jpg?v=1738778576&width=2048,Sweat Vivienne Westwood (L),https://nestorevintage.fr/products/sweat-vivienne-westwood-13,Hoodie,H/F,"[11.76470588235294, 5.0, -15.0]"
2663,https://nestorevintage.fr/cdn/shop/files/IMG_56682.jpg?v=1738778513&width=2048,https://nestorevintage.fr/cdn/shop/files/IMG_56652.jpg?v=1738778513&width=2048,Sweat Stussy (S),https://nestorevintage.fr/products/sweat-stussy-37,Hoodie,H/F,"[23.137254901960784, -1.0, -3.0]"
2664,https://nestorevintage.fr/cdn/shop/files/IMG_56682.jpg?v=1738778513&width=2048,https://nestorevintage.fr/cdn/shop/files/IMG_56652.jpg?v=1738778513&width=2048,Sweat Stussy (S),https://nestorevintage.fr/products/sweat-stussy-37,Hoodie,H/F,"[13.333333333333334, 0.0, -3.0]"
2665,https://nestorevintage.fr/cdn/shop/files/IMG_56612.jpg?v=1738778457&width=2048,https://nestorevintage.fr/cdn/shop/files/IMG_56582_1664058b-fc62-40cf-9a83-f85cecf119cb.jpg?v=1738778457&width=2048,Sweat Stussy (M),https://nestorevintage.fr/products/sweat-stussy-33,Hoodie,H/F,"[14.117647058823529, 1.0, -2.0]"
2666,https://nestorevintage.fr/cdn/shop/files/IMG_56612.jpg?v=1738778457&width=2048,https://nestorevintage.fr/cdn/shop/files/IMG_56582_1664058b-fc62-40cf-9a83-f85cecf119cb.jpg?v=1738778457&width=2048,Sweat Stussy (M),https://nestorevintage.fr/products/sweat-stussy-33,Hoodie,H/F,"[5.88235294117647, 0.0, -2.0]"
2667,https://nestorevintage.fr/cdn/shop/files/IMG_5655_2.jpg?v=1738778388&width=2048,https://nestorevintage.fr/cdn/shop/files/IMG_5652.jpg?v=1738778388&width=2048,Sweat Stussy (S),https://nestorevintage.fr/products/sweat-stussy-s-5,Hoodie,H/F,"[8.235294117647058, 0.0, -3.0]"
2668,https://nestorevintage.fr/cdn/shop/files/IMG_5655_2.jpg?v=1738778388&width=2048,https://nestorevintage.fr/cdn/shop/files/IMG_5652.jpg?v=1738778388&width=2048,Sweat Stussy (S),https://nestorevintage.fr/products/sweat-stussy-s-5,Hoodie,H/F,"[2.7450980392156863, 0.0, -2.0]"
2669,https://nestorevintage.fr/cdn/shop/files/IMG_56332.jpg?v=1738778288&width=2048,https://nestorevintage.fr/cdn/shop/files/IMG_5636.jpg?v=1738778306&width=2048,Sweat Palace (L),https://nestorevintage.fr/products/sweat-palace-12,Hoodie,H/F,"[79.2156862745098, 3.0, 0.0]"
2670,https://nestorevintage.fr/cdn/shop/files/IMG_56332.jpg?v=1738778288&width=2048,https://nestorevintage.fr/cdn/shop/files/IMG_5636.jpg?v=1738778306&width=2048,Sweat Palace (L),https://nestorevintage.fr/products/sweat-palace-12,Hoodie,H/F,"[63.13725490196078, 4.0, 1.0]"
2671,https://nestorevintage.fr/cdn/shop/files/IMG_5627.jpg?v=1738778229&width=2048,https://nestorevintage.fr/cdn/shop/files/IMG_56282.jpg?v=1738778230&width=2048,Sweat Comme Des Garçons (L),https://nestorevintage.fr/products/sweat-comme-des-garcons-l-2,Hoodie,H/F,"[27.84313725490196, 21.0, -49.0]"
2672,https://nestorevintage.fr/cdn/shop/files/IMG_5627.jpg?v=1738778229&width=2048,https://nestorevintage.fr/cdn/shop/files/IMG_56282.jpg?v=1738778230&width=2048,Sweat Comme Des Garçons (L),https://nestorevintage.fr/products/sweat-comme-des-garcons-l-2,Hoodie,H/F,"[17.647058823529413, 17.0, -40.0]"
2673,https://nestorevintage.fr/cdn/shop/files/IMG_56222.jpg?v=1738778136&width=2048,https://nestorevintage.fr/cdn/shop/files/IMG_56232.jpg?v=1738778136&width=2048,Sweat Comme Des Garçons (M),https://nestorevintage.fr/products/sweat-comme-des-garcons-38,Hoodie,H/F,"[21.96078431372549, 20.0, -45.0]"
2674,https://nestorevintage.fr/cdn/shop/files/IMG_56222.jpg?v=1738778136&width=2048,https://nestorevintage.fr/cdn/shop/files/IMG_56232.jpg?v=1738778136&width=2048,Sweat Comme Des Garçons (M),https://nestorevintage.fr/products/sweat-comme-des-garcons-38,Hoodie,H/F,"[29.411764705882355, 19.0, -48.0]"
2675,https://nestorevintage.fr/cdn/shop/files/C9E01AF5-1ECA-44B3-8919-C37B4F97B4E4.jpg?v=1738695729&width=2048,https://nestorevintage.fr/cdn/shop/files/0B1DC532-9891-4B2E-B136-7E75634DEF94.jpg?v=1738695730&width=2048,Sweat Evisu (L),https://nestorevintage.fr/products/copie-t-shirt-manches-longues-ami-m,Hoodie,H/F,"[14.901960784313726, 0.0, -3.0]"
2676,https://nestorevintage.fr/cdn/shop/files/C9E01AF5-1ECA-44B3-8919-C37B4F97B4E4.jpg?v=1738695729&width=2048,https://nestorevintage.fr/cdn/shop/files/0B1DC532-9891-4B2E-B136-7E75634DEF94.jpg?v=1738695730&width=2048,Sweat Evisu (L),https://nestorevintage.fr/products/copie-t-shirt-manches-longues-ami-m,Hoodie,H/F,"[7.0588235294117645, 2.0, -3.0]"
2677,https://nestorevintage.fr/cdn/shop/files/6C0787E2-A806-4D35-BDD2-8058AD9892F4.jpg?v=1738695475&width=2048,https://nestorevintage.fr/cdn/shop/files/39403B98-A482-4846-91D4-04D3AA22160B.jpg?v=1738695475&width=2048,Sweat Comme des garçons (M),https://nestorevintage.fr/products/copie-sweat-stussy-s,Hoodie,H/F,"[58.03921568627452, -1.0, 2.0]"
2678,https://nestorevintage.fr/cdn/shop/files/6C0787E2-A806-4D35-BDD2-8058AD9892F4.jpg?v=1738695475&width=2048,https://nestorevintage.fr/cdn/shop/files/39403B98-A482-4846-91D4-04D3AA22160B.jpg?v=1738695475&width=2048,Sweat Comme des garçons (M),https://nestorevintage.fr/products/copie-sweat-stussy-s,Hoodie,H/F,"[72.94117647058823, -2.0, 2.0]"
2679,https://nestorevintage.fr/cdn/shop/files/1447D6BB-1ECF-4A4A-BF51-2FCFFD24BA5E.jpg?v=1738695386&width=2048,https://nestorevintage.fr/cdn/shop/files/72AA9277-0D28-4474-B305-554D1F9A766B.jpg?v=1738695386&width=2048,Sweat Stussy (S),https://nestorevintage.fr/products/sweat-comme-des-garcons-m-2,Hoodie,H/F,"[12.941176470588237, 0.0, -3.0]"
2680,https://nestorevintage.fr/cdn/shop/files/1447D6BB-1ECF-4A4A-BF51-2FCFFD24BA5E.jpg?v=1738695386&width=2048,https://nestorevintage.fr/cdn/shop/files/72AA9277-0D28-4474-B305-554D1F9A766B.jpg?v=1738695386&width=2048,Sweat Stussy (S),https://nestorevintage.fr/products/sweat-comme-des-garcons-m-2,Hoodie,H/F,"[5.88235294117647, 0.0, -2.0]"
2681,https://nestorevintage.fr/cdn/shop/files/744CD5D5-4353-481F-B480-FD8F740FE8A0.jpg?v=1738695308&width=2048,https://nestorevintage.fr/cdn/shop/files/F44E0005-1A6B-47EF-8FF8-53C576E67941.jpg?v=1738695308&width=2048,Sweat Comme des garçons (M),https://nestorevintage.fr/products/copie-sweat-ami-x-puma-m,Hoodie,H/F,"[19.607843137254903, 0.0, -2.0]"
2682,https://nestorevintage.fr/cdn/shop/files/744CD5D5-4353-481F-B480-FD8F740FE8A0.jpg?v=1738695308&width=2048,https://nestorevintage.fr/cdn/shop/files/F44E0005-1A6B-47EF-8FF8-53C576E67941.jpg?v=1738695308&width=2048,Sweat Comme des garçons (M),https://nestorevintage.fr/products/copie-sweat-ami-x-puma-m,Hoodie,H/F,"[7.0588235294117645, 0.0, -2.0]"
2683,https://nestorevintage.fr/cdn/shop/files/924EF6EE-7425-4C32-99A0-9996480F2E14.jpg?v=1738519083&width=2048,https://nestorevintage.fr/cdn/shop/files/0EAFC07E-4BB2-442B-BC7B-7A226B905FEE.jpg?v=1738519083&width=2048,Sweat Ami (M),https://nestorevintage.fr/products/sweat-ami-m-3,Hoodie,H/F,"[69.01960784313725, 1.0, 17.0]"
2684,https://nestorevintage.fr/cdn/shop/files/924EF6EE-7425-4C32-99A0-9996480F2E14.jpg?v=1738519083&width=2048,https://nestorevintage.fr/cdn/shop/files/0EAFC07E-4BB2-442B-BC7B-7A226B905FEE.jpg?v=1738519083&width=2048,Sweat Ami (M),https://nestorevintage.fr/products/sweat-ami-m-3,Hoodie,H/F,"[55.294117647058826, 2.0, 16.0]"
2685,https://nestorevintage.fr/cdn/shop/files/C147C6E9-19FC-4C09-B8CA-73D5726428F1.jpg?v=1738348461&width=2048,https://nestorevintage.fr/cdn/shop/files/888D69C3-2482-46C7-BE18-85EC2F3F5E7D.jpg?v=1738348461&width=2048,Sweat C.P. Company (M),https://nestorevintage.fr/products/sweat-c-p-company-m-10,Hoodie,H/F,"[58.43137254901961, -1.0, 0.0]"
2686,https://nestorevintage.fr/cdn/shop/files/C147C6E9-19FC-4C09-B8CA-73D5726428F1.jpg?v=1738348461&width=2048,https://nestorevintage.fr/cdn/shop/files/888D69C3-2482-46C7-BE18-85EC2F3F5E7D.jpg?v=1738348461&width=2048,Sweat C.P. Company (M),https://nestorevintage.fr/products/sweat-c-p-company-m-10,Hoodie,H/F,"[71.37254901960785, -1.0, 0.0]"
2687,https://nestorevintage.fr/cdn/shop/files/307FDA5D-D3FB-48D6-8DA2-2478DF104BD3.jpg?v=1738348432&width=2048,https://nestorevintage.fr/cdn/shop/files/4A4E29B2-F2CE-4493-8B23-CC22E78D79DC.jpg?v=1738348433&width=2048,Sweat C.P. Company (M),https://nestorevintage.fr/products/sweat-c-p-company-m-9,Hoodie,H/F,"[58.03921568627452, -5.0, 26.0]"
2688,https://nestorevintage.fr/cdn/shop/files/307FDA5D-D3FB-48D6-8DA2-2478DF104BD3.jpg?v=1738348432&width=2048,https://nestorevintage.fr/cdn/shop/files/4A4E29B2-F2CE-4493-8B23-CC22E78D79DC.jpg?v=1738348433&width=2048,Sweat C.P. Company (M),https://nestorevintage.fr/products/sweat-c-p-company-m-9,Hoodie,H/F,"[46.27450980392157, -3.0, 23.0]"
2689,https://nestorevintage.fr/cdn/shop/files/18F048C5-2CC0-409C-910E-EFB3885D7765.jpg?v=1738348314&width=2048,https://nestorevintage.fr/cdn/shop/files/DA6B5DFB-7EF0-4E38-B2A0-7944F1ED4B6B.jpg?v=1738348313&width=2048,Sweat C.P. Company (M),https://nestorevintage.fr/products/sweat-c-p-company-xs,Hoodie,H/F,"[64.70588235294117, 0.0, 11.0]"
2690,https://nestorevintage.fr/cdn/shop/files/18F048C5-2CC0-409C-910E-EFB3885D7765.jpg?v=1738348314&width=2048,https://nestorevintage.fr/cdn/shop/files/DA6B5DFB-7EF0-4E38-B2A0-7944F1ED4B6B.jpg?v=1738348313&width=2048,Sweat C.P. Company (M),https://nestorevintage.fr/products/sweat-c-p-company-xs,Hoodie,H/F,"[79.2156862745098, 0.0, 11.0]"
2691,https://nestorevintage.fr/cdn/shop/files/7B9D9B4E-1E67-4CC1-BC6F-F6F1CB294498.jpg?v=1738348210&width=2048,https://nestorevintage.fr/cdn/shop/files/FAF7A156-54B7-424A-ADF5-3047C71005AD.jpg?v=1738348210&width=2048,Sweat C.P. Company (XS),https://nestorevintage.fr/products/sweat-c-p-company-s-8,Hoodie,H/F,"[72.54901960784314, -2.0, -1.0]"
2692,https://nestorevintage.fr/cdn/shop/files/7B9D9B4E-1E67-4CC1-BC6F-F6F1CB294498.jpg?v=1738348210&width=2048,https://nestorevintage.fr/cdn/shop/files/FAF7A156-54B7-424A-ADF5-3047C71005AD.jpg?v=1738348210&width=2048,Sweat C.P. Company (XS),https://nestorevintage.fr/products/sweat-c-p-company-s-8,Hoodie,H/F,"[56.86274509803921, -1.0, 0.0]"
2693,https://nestorevintage.fr/cdn/shop/files/B7ACC53E-3BA3-4FF7-9931-B074D146297E.jpg?v=1738348115&width=2048,https://nestorevintage.fr/cdn/shop/files/FE679699-22D0-40C7-8A98-FF317AF8FC93.jpg?v=1738348115&width=2048,Sweat C.P. Company (S),https://nestorevintage.fr/products/sweat-stone-island-m-13,Hoodie,H/F,"[60.3921568627451, -25.0, -2.0]"
2694,https://nestorevintage.fr/cdn/shop/files/B7ACC53E-3BA3-4FF7-9931-B074D146297E.jpg?v=1738348115&width=2048,https://nestorevintage.fr/cdn/shop/files/FE679699-22D0-40C7-8A98-FF317AF8FC93.jpg?v=1738348115&width=2048,Sweat C.P. Company (S),https://nestorevintage.fr/products/sweat-stone-island-m-13,Hoodie,H/F,"[49.80392156862745, -23.0, -1.0]"
2695,https://nestorevintage.fr/cdn/shop/files/FE5CC301-29F8-448E-B834-A12371EC8E50.jpg?v=1738347851&width=2048,https://nestorevintage.fr/cdn/shop/files/BA4109A2-3DB8-4F07-AD39-90A838728303.jpg?v=1738347851&width=2048,Sweat Stone Island (M),https://nestorevintage.fr/products/sweat-stone-island-m-12,Hoodie,H/F,"[84.70588235294117, -1.0, 2.0]"
2696,https://nestorevintage.fr/cdn/shop/files/FE5CC301-29F8-448E-B834-A12371EC8E50.jpg?v=1738347851&width=2048,https://nestorevintage.fr/cdn/shop/files/BA4109A2-3DB8-4F07-AD39-90A838728303.jpg?v=1738347851&width=2048,Sweat Stone Island (M),https://nestorevintage.fr/products/sweat-stone-island-m-12,Hoodie,H/F,"[70.98039215686275, -1.0, 2.0]"
2697,https://nestorevintage.fr/cdn/shop/files/16A091FF-E9BA-4E69-855F-2EF3DA12AA3A.jpg?v=1738347622&width=2048,https://nestorevintage.fr/cdn/shop/files/858BAFCB-1C1C-49CE-AE9B-4F8DA073E98E.jpg?v=1738347623&width=2048,Sweat Stone Island (M),https://nestorevintage.fr/products/sweat-stone-island-m-11,Hoodie,H/F,"[68.23529411764706, -1.0, 0.0]"
2698,https://nestorevintage.fr/cdn/shop/files/16A091FF-E9BA-4E69-855F-2EF3DA12AA3A.jpg?v=1738347622&width=2048,https://nestorevintage.fr/cdn/shop/files/858BAFCB-1C1C-49CE-AE9B-4F8DA073E98E.jpg?v=1738347623&width=2048,Sweat Stone Island (M),https://nestorevintage.fr/products/sweat-stone-island-m-11,Hoodie,H/F,"[54.509803921568626, 0.0, 0.0]"
2699,https://nestorevintage.fr/cdn/shop/files/48A4632E-D7E9-48CD-B2A8-5F8BB201A80A.jpg?v=1738347558&width=2048,https://nestorevintage.fr/cdn/shop/files/76854F62-1D10-4CA7-A328-CBC9EABDF9C6.jpg?v=1738347558&width=2048,Sweat Stone Island (M),https://nestorevintage.fr/products/sweat-stone-island-m-10,Hoodie,H/F,"[34.11764705882353, -1.0, 18.0]"
2700,https://nestorevintage.fr/cdn/shop/files/48A4632E-D7E9-48CD-B2A8-5F8BB201A80A.jpg?v=1738347558&width=2048,https://nestorevintage.fr/cdn/shop/files/76854F62-1D10-4CA7-A328-CBC9EABDF9C6.jpg?v=1738347558&width=2048,Sweat Stone Island (M),https://nestorevintage.fr/products/sweat-stone-island-m-10,Hoodie,H/F,"[23.137254901960784, -1.0, 14.0]"
2701,https://nestorevintage.fr/cdn/shop/files/3349FD74-07A4-4C86-A0CA-40320F9A3E52.jpg?v=1738347446&width=2048,https://nestorevintage.fr/cdn/shop/files/D34A724E-D911-4014-BB32-9B9708B03457.jpg?v=1738347446&width=2048,Sweat Stone Island (S),https://nestorevintage.fr/products/sweat-stone-island-s-11,Hoodie,H/F,"[56.07843137254902, 0.0, 0.0]"
2702,https://nestorevintage.fr/cdn/shop/files/3349FD74-07A4-4C86-A0CA-40320F9A3E52.jpg?v=1738347446&width=2048,https://nestorevintage.fr/cdn/shop/files/D34A724E-D911-4014-BB32-9B9708B03457.jpg?v=1738347446&width=2048,Sweat Stone Island (S),https://nestorevintage.fr/products/sweat-stone-island-s-11,Hoodie,H/F,"[68.62745098039215, -1.0, 0.0]"
2703,https://nestorevintage.fr/cdn/shop/files/BD66FE02-1390-49C1-BAB5-D8EFED645FFC.jpg?v=1738347421&width=2048,https://nestorevintage.fr/cdn/shop/files/ABB25C76-3A96-4631-86F7-ABF8640BA1B8.jpg?v=1738347421&width=2048,Sweat Stone Island (S),https://nestorevintage.fr/products/sweat-stone-island-s-10,Hoodie,H/F,"[61.96078431372549, -8.0, 13.0]"
2704,https://nestorevintage.fr/cdn/shop/files/BD66FE02-1390-49C1-BAB5-D8EFED645FFC.jpg?v=1738347421&width=2048,https://nestorevintage.fr/cdn/shop/files/ABB25C76-3A96-4631-86F7-ABF8640BA1B8.jpg?v=1738347421&width=2048,Sweat Stone Island (S),https://nestorevintage.fr/products/sweat-stone-island-s-10,Hoodie,H/F,"[48.627450980392155, -7.0, 11.0]"
2705,https://nestorevintage.fr/cdn/shop/files/08F21EE0-B3C1-45AD-A64E-F3CD3CAE84F7.jpg?v=1738347394&width=2048,https://nestorevintage.fr/cdn/shop/files/1F4A2B98-A9D9-41C6-B693-930AED576EBA.jpg?v=1738347394&width=2048,Sweat Stone Island (S),https://nestorevintage.fr/products/sweat-stone-island-s-9,Hoodie,H/F,"[32.549019607843135, -1.0, -1.0]"
2706,https://nestorevintage.fr/cdn/shop/files/08F21EE0-B3C1-45AD-A64E-F3CD3CAE84F7.jpg?v=1738347394&width=2048,https://nestorevintage.fr/cdn/shop/files/1F4A2B98-A9D9-41C6-B693-930AED576EBA.jpg?v=1738347394&width=2048,Sweat Stone Island (S),https://nestorevintage.fr/products/sweat-stone-island-s-9,Hoodie,H/F,"[20.784313725490197, 0.0, -2.0]"
2707,https://nestorevintage.fr/cdn/shop/files/86EB2477-A40E-4CA2-ACA2-DF390310EE4A.jpg?v=1738347280&width=2048,https://nestorevintage.fr/cdn/shop/files/ED20DE04-1379-45A1-8149-50F811E40CE2.jpg?v=1738347280&width=2048,Sweat Stone Island (14YO/S),https://nestorevintage.fr/products/copie-sweat-stone-island-s-1,Hoodie,H/F,"[27.058823529411764, 22.0, 3.0]"
2708,https://nestorevintage.fr/cdn/shop/files/86EB2477-A40E-4CA2-ACA2-DF390310EE4A.jpg?v=1738347280&width=2048,https://nestorevintage.fr/cdn/shop/files/ED20DE04-1379-45A1-8149-50F811E40CE2.jpg?v=1738347280&width=2048,Sweat Stone Island (14YO/S),https://nestorevintage.fr/products/copie-sweat-stone-island-s-1,Hoodie,H/F,"[34.509803921568626, 24.0, 3.0]"
2709,https://nestorevintage.fr/cdn/shop/files/27B3240F-593E-43B4-B174-8B0CB2CF46EF.jpg?v=1738262256&width=2048,https://nestorevintage.fr/cdn/shop/files/A36C7B90-5378-4C18-80DC-D2CE29A2A089.jpg?v=1738262256&width=2048,Sweat AMI (XL),https://nestorevintage.fr/products/copie-sweat-jacquemus-s,Hoodie,H/F,"[34.509803921568626, -27.0, 6.0]"
2710,https://nestorevintage.fr/cdn/shop/files/27B3240F-593E-43B4-B174-8B0CB2CF46EF.jpg?v=1738262256&width=2048,https://nestorevintage.fr/cdn/shop/files/A36C7B90-5378-4C18-80DC-D2CE29A2A089.jpg?v=1738262256&width=2048,Sweat AMI (XL),https://nestorevintage.fr/products/copie-sweat-jacquemus-s,Hoodie,H/F,"[42.745098039215684, -30.0, 7.0]"
2711,https://nestorevintage.fr/cdn/shop/files/B6B6C132-6955-466B-A43C-10E2933F7951.jpg?v=1738173747&width=2048,https://nestorevintage.fr/cdn/shop/files/F83E9880-3EB9-4CCF-9F8F-0C30872594DA.jpg?v=1738173747&width=2048,Sweat Comme des garçons (M),https://nestorevintage.fr/products/sweat-comme-des-garcons-m-1,Hoodie,H/F,"[17.647058823529413, 0.0, -3.0]"
2712,https://nestorevintage.fr/cdn/shop/files/B6B6C132-6955-466B-A43C-10E2933F7951.jpg?v=1738173747&width=2048,https://nestorevintage.fr/cdn/shop/files/F83E9880-3EB9-4CCF-9F8F-0C30872594DA.jpg?v=1738173747&width=2048,Sweat Comme des garçons (M),https://nestorevintage.fr/products/sweat-comme-des-garcons-m-1,Hoodie,H/F,"[8.235294117647058, 0.0, -3.0]"
2713,https://nestorevintage.fr/cdn/shop/files/EEBB3527-9E6D-4D17-B8C7-CE290E132BEC.jpg?v=1738173636&width=2048,https://nestorevintage.fr/cdn/shop/files/7FF6E4ED-0D81-41EB-B57F-0C8B209A7144.jpg?v=1738173636&width=2048,Sweat Stussy (L),https://nestorevintage.fr/products/sweat-stussy-l-4,Hoodie,H/F,"[81.96078431372548, -1.0, 0.0]"
2714,https://nestorevintage.fr/cdn/shop/files/EEBB3527-9E6D-4D17-B8C7-CE290E132BEC.jpg?v=1738173636&width=2048,https://nestorevintage.fr/cdn/shop/files/7FF6E4ED-0D81-41EB-B57F-0C8B209A7144.jpg?v=1738173636&width=2048,Sweat Stussy (L),https://nestorevintage.fr/products/sweat-stussy-l-4,Hoodie,H/F,"[64.70588235294117, 0.0, 1.0]"
2715,https://nestorevintage.fr/cdn/shop/files/B9ED0CDC-7B67-4B63-ACF9-ABF52276300F.jpg?v=1738173597&width=2048,https://nestorevintage.fr/cdn/shop/files/6A4216CF-1450-40D1-98D3-23C7E78D98D3.jpg?v=1738173597&width=2048,Sweat Stussy (L),https://nestorevintage.fr/products/sweat-stussy-32,Hoodie,H/F,"[10.588235294117647, 0.0, -2.0]"
2716,https://nestorevintage.fr/cdn/shop/files/1C230D59-BBED-49CA-B9DB-32F56839FE18.jpg?v=1738173511&width=2048,https://nestorevintage.fr/cdn/shop/files/60D9A9CA-E82C-455C-BF9E-9E1967096ED3.jpg?v=1738173511&width=2048,Sweat Stussy (L),https://nestorevintage.fr/products/sweat-vivienne-westwood-s,Hoodie,H/F,"[50.19607843137255, 51.0, -17.0]"
2717,https://nestorevintage.fr/cdn/shop/files/1C230D59-BBED-49CA-B9DB-32F56839FE18.jpg?v=1738173511&width=2048,https://nestorevintage.fr/cdn/shop/files/60D9A9CA-E82C-455C-BF9E-9E1967096ED3.jpg?v=1738173511&width=2048,Sweat Stussy (L),https://nestorevintage.fr/products/sweat-vivienne-westwood-s,Hoodie,H/F,"[39.21568627450981, 45.0, -15.0]"
2718,https://nestorevintage.fr/cdn/shop/files/32303EE6-EF5E-4E1D-A786-E70451255866.jpg?v=1738173308&width=2048,https://nestorevintage.fr/cdn/shop/files/FCA0C8ED-95FC-49A9-8D09-30CAD254EC0D.jpg?v=1738173308&width=2048,Sweat Oakley (L),https://nestorevintage.fr/products/sweat-supreme-m-4,Hoodie,H/F,"[44.31372549019608, 5.0, 15.0]"
2719,https://nestorevintage.fr/cdn/shop/files/32303EE6-EF5E-4E1D-A786-E70451255866.jpg?v=1738173308&width=2048,https://nestorevintage.fr/cdn/shop/files/FCA0C8ED-95FC-49A9-8D09-30CAD254EC0D.jpg?v=1738173308&width=2048,Sweat Oakley (L),https://nestorevintage.fr/products/sweat-supreme-m-4,Hoodie,H/F,"[30.19607843137255, 5.0, 13.0]"
2720,https://nestorevintage.fr/cdn/shop/files/226DAE5C-BEF5-42D0-87C3-D3E8BEA1FFFC.jpg?v=1738173258&width=2048,https://nestorevintage.fr/cdn/shop/files/94F65782-150A-4B98-80C9-67E1F91F07F4.jpg?v=1738173258&width=2048,Sweat Supreme (M),https://nestorevintage.fr/products/sweat-supreme-16,Hoodie,H/F,"[82.74509803921568, -1.0, 0.0]"
2721,https://nestorevintage.fr/cdn/shop/files/226DAE5C-BEF5-42D0-87C3-D3E8BEA1FFFC.jpg?v=1738173258&width=2048,https://nestorevintage.fr/cdn/shop/files/94F65782-150A-4B98-80C9-67E1F91F07F4.jpg?v=1738173258&width=2048,Sweat Supreme (M),https://nestorevintage.fr/products/sweat-supreme-16,Hoodie,H/F,"[67.84313725490196, 0.0, 1.0]"
2722,https://nestorevintage.fr/cdn/shop/files/D5DE8CA8-3599-4384-BACC-618AF3A37423.jpg?v=1738173197&width=2048,https://nestorevintage.fr/cdn/shop/files/5911D1B5-507E-4DA5-AE79-99FF9580B502.jpg?v=1738173197&width=2048,Sweat Evisu (M),https://nestorevintage.fr/products/copie-sweat-evisu-s,Hoodie,H/F,"[7.450980392156863, 0.0, -2.0]"
2723,https://nestorevintage.fr/cdn/shop/files/D5DE8CA8-3599-4384-BACC-618AF3A37423.jpg?v=1738173197&width=2048,https://nestorevintage.fr/cdn/shop/files/5911D1B5-507E-4DA5-AE79-99FF9580B502.jpg?v=1738173197&width=2048,Sweat Evisu (M),https://nestorevintage.fr/products/copie-sweat-evisu-s,Hoodie,H/F,"[13.725490196078432, 1.0, -2.0]"
2724,https://nestorevintage.fr/cdn/shop/files/8618C9ED-F762-4959-800A-A52CE41B7F1B.jpg?v=1738173107&width=2048,https://nestorevintage.fr/cdn/shop/files/BEDD4818-4F93-4E69-BB5D-AB24CB6805D6.jpg?v=1738173107&width=2048,Sweat Evisu (S),https://nestorevintage.fr/products/copie-t-shirt-comme-des-garcons-m,Hoodie,H/F,"[46.666666666666664, -1.0, -19.0]"
2725,https://nestorevintage.fr/cdn/shop/files/8618C9ED-F762-4959-800A-A52CE41B7F1B.jpg?v=1738173107&width=2048,https://nestorevintage.fr/cdn/shop/files/BEDD4818-4F93-4E69-BB5D-AB24CB6805D6.jpg?v=1738173107&width=2048,Sweat Evisu (S),https://nestorevintage.fr/products/copie-t-shirt-comme-des-garcons-m,Hoodie,H/F,"[34.11764705882353, -1.0, -15.0]"
2726,https://nestorevintage.fr/cdn/shop/files/99CDE6CC-D62F-49FE-B899-7B1346189641.jpg?v=1737898432&width=2048,https://nestorevintage.fr/cdn/shop/files/1292492E-A2FD-4E60-A614-FEC673EA03E8.jpg?v=1737898432&width=2048,Sweat Stussy (L),https://nestorevintage.fr/products/sweat-stussy-35,Hoodie,H/F,"[83.52941176470588, -1.0, 3.0]"
2727,https://nestorevintage.fr/cdn/shop/files/99CDE6CC-D62F-49FE-B899-7B1346189641.jpg?v=1737898432&width=2048,https://nestorevintage.fr/cdn/shop/files/1292492E-A2FD-4E60-A614-FEC673EA03E8.jpg?v=1737898432&width=2048,Sweat Stussy (L),https://nestorevintage.fr/products/sweat-stussy-35,Hoodie,H/F,"[67.84313725490196, -1.0, 3.0]"
2728,https://nestorevintage.fr/cdn/shop/files/14D4EF4B-1FF9-43CE-A982-DC8CA371488D.jpg?v=1737898368&width=2048,https://nestorevintage.fr/cdn/shop/files/59F8F29E-F169-41DA-BB91-41C09A75FFBF.jpg?v=1737898369&width=2048,Sweat Stussy (M),https://nestorevintage.fr/products/sweat-stussy-34,Hoodie,H/F,"[23.92156862745098, 0.0, -7.0]"
2729,https://nestorevintage.fr/cdn/shop/files/14D4EF4B-1FF9-43CE-A982-DC8CA371488D.jpg?v=1737898368&width=2048,https://nestorevintage.fr/cdn/shop/files/59F8F29E-F169-41DA-BB91-41C09A75FFBF.jpg?v=1737898369&width=2048,Sweat Stussy (M),https://nestorevintage.fr/products/sweat-stussy-34,Hoodie,H/F,"[12.941176470588237, -1.0, -4.0]"
2730,https://nestorevintage.fr/cdn/shop/files/B6761F1B-9554-44AD-AF8E-A371501FC0EB.jpg?v=1737899077&width=2048,https://nestorevintage.fr/cdn/shop/files/615A908A-425F-4105-8D41-9364CEDC900F.jpg?v=1737899077&width=2048,Sweat Stussy (M),https://nestorevintage.fr/products/sweat-stussy-31,Hoodie,H/F,"[55.68627450980392, 15.0, -4.0]"
2731,https://nestorevintage.fr/cdn/shop/files/8BC0F8F4-D5AC-414B-9BDA-7F31E56BA54B.jpg?v=1737898188&width=2048,https://nestorevintage.fr/cdn/shop/files/2DD27E9F-67DA-4443-8528-DDDCCD8AB985.jpg?v=1737898188&width=2048,Sweat Comme des Garçons (M),https://nestorevintage.fr/products/sweat-supreme-15,Hoodie,H/F,"[14.901960784313726, -1.0, -2.0]"
2732,https://nestorevintage.fr/cdn/shop/files/8BC0F8F4-D5AC-414B-9BDA-7F31E56BA54B.jpg?v=1737898188&width=2048,https://nestorevintage.fr/cdn/shop/files/2DD27E9F-67DA-4443-8528-DDDCCD8AB985.jpg?v=1737898188&width=2048,Sweat Comme des Garçons (M),https://nestorevintage.fr/products/sweat-supreme-15,Hoodie,H/F,"[5.88235294117647, 0.0, -2.0]"
2733,https://nestorevintage.fr/cdn/shop/files/42EE8DC6-4A4E-49D4-93B5-9C4C2A1B74F0.jpg?v=1737898126&width=2048,https://nestorevintage.fr/cdn/shop/files/2609129D-5265-49AB-9D53-BDAE80FC6B81.jpg?v=1737898127&width=2048,Sweat Supreme (S),https://nestorevintage.fr/products/sweat-off-white,Hoodie,H/F,"[56.07843137254902, -18.0, -3.0]"
2734,https://nestorevintage.fr/cdn/shop/files/42EE8DC6-4A4E-49D4-93B5-9C4C2A1B74F0.jpg?v=1737898126&width=2048,https://nestorevintage.fr/cdn/shop/files/2609129D-5265-49AB-9D53-BDAE80FC6B81.jpg?v=1737898127&width=2048,Sweat Supreme (S),https://nestorevintage.fr/products/sweat-off-white,Hoodie,H/F,"[44.70588235294118, -19.0, -3.0]"
2735,https://nestorevintage.fr/cdn/shop/files/ED17FCAF-C49E-4AFD-B0B2-663219FC7D98.jpg?v=1737898046&width=2048,https://nestorevintage.fr/cdn/shop/files/293A01C0-C0EE-48A0-A294-1A8E1675F989.jpg?v=1737898046&width=2048,Sweat Off White (S),https://nestorevintage.fr/products/sweat-stone-island-84,Hoodie,H/F,"[82.35294117647058, -1.0, 2.0]"
2736,https://nestorevintage.fr/cdn/shop/files/ED17FCAF-C49E-4AFD-B0B2-663219FC7D98.jpg?v=1737898046&width=2048,https://nestorevintage.fr/cdn/shop/files/293A01C0-C0EE-48A0-A294-1A8E1675F989.jpg?v=1737898046&width=2048,Sweat Off White (S),https://nestorevintage.fr/products/sweat-stone-island-84,Hoodie,H/F,"[63.921568627450974, -1.0, 1.0]"
2737,https://nestorevintage.fr/cdn/shop/files/19DE70F4-7B7B-4E2F-9931-0A331EF63672.jpg?v=1737897979&width=2048,https://nestorevintage.fr/cdn/shop/files/C9E7E0BC-9FD4-46A2-B488-3591E444EC6A.jpg?v=1737897979&width=2048,Sweat Stone Island (S),https://nestorevintage.fr/products/sweat-stone-island-83,Hoodie,H/F,"[25.49019607843137, 3.0, -12.0]"
2738,https://nestorevintage.fr/cdn/shop/files/19DE70F4-7B7B-4E2F-9931-0A331EF63672.jpg?v=1737897979&width=2048,https://nestorevintage.fr/cdn/shop/files/C9E7E0BC-9FD4-46A2-B488-3591E444EC6A.jpg?v=1737897979&width=2048,Sweat Stone Island (S),https://nestorevintage.fr/products/sweat-stone-island-83,Hoodie,H/F,"[14.117647058823529, 2.0, -10.0]"
2739,https://nestorevintage.fr/cdn/shop/files/9D3B92BF-A397-4838-9B2B-86F87F8A8921.jpg?v=1737897638&width=2048,https://nestorevintage.fr/cdn/shop/files/06FAD12D-BBC8-4CCB-B55A-3D52D36F6B02.jpg?v=1737897639&width=2048,Sweat Stone Island (M),https://nestorevintage.fr/products/sweat-stone-island-62,Hoodie,H/F,"[17.647058823529413, 1.0, -9.0]"
2740,https://nestorevintage.fr/cdn/shop/files/9D3B92BF-A397-4838-9B2B-86F87F8A8921.jpg?v=1737897638&width=2048,https://nestorevintage.fr/cdn/shop/files/06FAD12D-BBC8-4CCB-B55A-3D52D36F6B02.jpg?v=1737897639&width=2048,Sweat Stone Island (M),https://nestorevintage.fr/products/sweat-stone-island-62,Hoodie,H/F,"[9.411764705882353, 0.0, -7.0]"
2741,https://nestorevintage.fr/cdn/shop/files/CE11D259-117F-4A3D-909D-C23AED6CB9DA.jpg?v=1737897602&width=2048,https://nestorevintage.fr/cdn/shop/files/6DD1B54B-975C-4863-9E13-BAE3657D78B1.jpg?v=1737897602&width=2048,Sweat Stone Island (M),https://nestorevintage.fr/products/sweat-stone-island-60,Hoodie,H/F,"[7.450980392156863, 0.0, -2.0]"
2742,https://nestorevintage.fr/cdn/shop/files/CE11D259-117F-4A3D-909D-C23AED6CB9DA.jpg?v=1737897602&width=2048,https://nestorevintage.fr/cdn/shop/files/6DD1B54B-975C-4863-9E13-BAE3657D78B1.jpg?v=1737897602&width=2048,Sweat Stone Island (M),https://nestorevintage.fr/products/sweat-stone-island-60,Hoodie,H/F,"[16.862745098039216, 0.0, -2.0]"
2743,https://nestorevintage.fr/cdn/shop/files/83629BE5-C604-44D6-88BA-8D9B69B9B566.jpg?v=1737897556&width=2048,https://nestorevintage.fr/cdn/shop/files/C03C236B-FB2D-425B-9C43-007C99F78C6A.jpg?v=1737897557&width=2048,Sweat Stone Island (XL),https://nestorevintage.fr/products/sweat-stone-island-56,Hoodie,H/F,"[40.0, -15.0, 0.0]"
2744,https://nestorevintage.fr/cdn/shop/files/83629BE5-C604-44D6-88BA-8D9B69B9B566.jpg?v=1737897556&width=2048,https://nestorevintage.fr/cdn/shop/files/C03C236B-FB2D-425B-9C43-007C99F78C6A.jpg?v=1737897557&width=2048,Sweat Stone Island (XL),https://nestorevintage.fr/products/sweat-stone-island-56,Hoodie,H/F,"[50.98039215686274, -18.0, 1.0]"
2745,https://nestorevintage.fr/cdn/shop/files/83629BE5-C604-44D6-88BA-8D9B69B9B566.jpg?v=1737897556&width=2048,https://nestorevintage.fr/cdn/shop/files/C03C236B-FB2D-425B-9C43-007C99F78C6A.jpg?v=1737897557&width=2048,Sweat Stone Island (XL),https://nestorevintage.fr/products/sweat-stone-island-56,Hoodie,H/F,"[25.49019607843137, -10.0, -1.0]"
2746,https://nestorevintage.fr/cdn/shop/files/9EBBFD49-9AFB-4CB4-8B7E-B76459F2E349.jpg?v=1737897421&width=2048,https://nestorevintage.fr/cdn/shop/files/AA1DA445-7EA2-4DA3-A57E-988FE6C615C2.jpg?v=1737897420&width=2048,Sweat C.P. Company (S),https://nestorevintage.fr/products/sweat-c-p-company-54,Hoodie,H/F,"[23.92156862745098, -2.0, -7.0]"
2747,https://nestorevintage.fr/cdn/shop/files/9EBBFD49-9AFB-4CB4-8B7E-B76459F2E349.jpg?v=1737897421&width=2048,https://nestorevintage.fr/cdn/shop/files/AA1DA445-7EA2-4DA3-A57E-988FE6C615C2.jpg?v=1737897420&width=2048,Sweat C.P. Company (S),https://nestorevintage.fr/products/sweat-c-p-company-54,Hoodie,H/F,"[12.549019607843137, -1.0, -6.0]"
2748,https://nestorevintage.fr/cdn/shop/files/BAF32EB8-66F5-48AA-A665-5425E0E5DD62.jpg?v=1737897357&width=2048,https://nestorevintage.fr/cdn/shop/files/494269F3-22C2-4FC1-942D-CF8C44A54944.jpg?v=1737897357&width=2048,Sweat C.P. Company (2XL),https://nestorevintage.fr/products/sweat-c-p-company-53,Hoodie,H/F,"[71.76470588235294, -1.0, 1.0]"
2749,https://nestorevintage.fr/cdn/shop/files/BAF32EB8-66F5-48AA-A665-5425E0E5DD62.jpg?v=1737897357&width=2048,https://nestorevintage.fr/cdn/shop/files/494269F3-22C2-4FC1-942D-CF8C44A54944.jpg?v=1737897357&width=2048,Sweat C.P. Company (2XL),https://nestorevintage.fr/products/sweat-c-p-company-53,Hoodie,H/F,"[54.90196078431373, -1.0, 1.0]"
2750,https://nestorevintage.fr/cdn/shop/files/AF592E13-5AD0-446A-89A2-226ED68CEF62.jpg?v=1737897306&width=2048,https://nestorevintage.fr/cdn/shop/files/C890D260-0C9C-465B-B6C3-86F85AF0A9D3.jpg?v=1737897307&width=2048,Sweat C.P. Company (XL),https://nestorevintage.fr/products/sweat-c-p-company-52,Hoodie,H/F,"[65.88235294117646, 0.0, 3.0]"
2751,https://nestorevintage.fr/cdn/shop/files/AF592E13-5AD0-446A-89A2-226ED68CEF62.jpg?v=1737897306&width=2048,https://nestorevintage.fr/cdn/shop/files/C890D260-0C9C-465B-B6C3-86F85AF0A9D3.jpg?v=1737897307&width=2048,Sweat C.P. Company (XL),https://nestorevintage.fr/products/sweat-c-p-company-52,Hoodie,H/F,"[80.0, -1.0, 4.0]"
2752,https://nestorevintage.fr/cdn/shop/files/88C75213-C9A0-49DA-B074-D176F93B7EC9.jpg?v=1737897267&width=2048,https://nestorevintage.fr/cdn/shop/files/C9F75F39-BF2A-4545-B168-2B22BB11E676.jpg?v=1737897268&width=2048,Sweat C.P. Company (M),https://nestorevintage.fr/products/sweat-c-p-company-51,Hoodie,H/F,"[17.647058823529413, 0.0, -6.0]"
2753,https://nestorevintage.fr/cdn/shop/files/88C75213-C9A0-49DA-B074-D176F93B7EC9.jpg?v=1737897267&width=2048,https://nestorevintage.fr/cdn/shop/files/C9F75F39-BF2A-4545-B168-2B22BB11E676.jpg?v=1737897268&width=2048,Sweat C.P. Company (M),https://nestorevintage.fr/products/sweat-c-p-company-51,Hoodie,H/F,"[10.588235294117647, 0.0, -5.0]"
2754,https://nestorevintage.fr/cdn/shop/files/2A6F83FB-EC8C-47F1-9B44-017383A513C6.jpg?v=1737897164&width=2048,https://nestorevintage.fr/cdn/shop/files/7E72BD67-0937-4A19-BDA3-F7FE4B644055.jpg?v=1737897166&width=2048,Sweat C.P. Company (M),https://nestorevintage.fr/products/sweat-c-p-company-50,Hoodie,H/F,"[55.294117647058826, -4.0, 17.0]"
2755,https://nestorevintage.fr/cdn/shop/files/2A6F83FB-EC8C-47F1-9B44-017383A513C6.jpg?v=1737897164&width=2048,https://nestorevintage.fr/cdn/shop/files/7E72BD67-0937-4A19-BDA3-F7FE4B644055.jpg?v=1737897166&width=2048,Sweat C.P. Company (M),https://nestorevintage.fr/products/sweat-c-p-company-50,Hoodie,H/F,"[43.92156862745098, -3.0, 14.0]"
2756,https://nestorevintage.fr/cdn/shop/files/D605281F-4633-41D0-AD43-73456B8B00D1.jpg?v=1737897141&width=2048,https://nestorevintage.fr/cdn/shop/files/9E0DAB4D-B971-411E-BAFB-D905AF4C61E2.jpg?v=1737897140&width=2048,Sweat C.P. Company (M),https://nestorevintage.fr/products/sweat-c-p-company-49,Hoodie,H/F,"[12.549019607843137, 0.0, -4.0]"
2757,https://nestorevintage.fr/cdn/shop/files/D605281F-4633-41D0-AD43-73456B8B00D1.jpg?v=1737897141&width=2048,https://nestorevintage.fr/cdn/shop/files/9E0DAB4D-B971-411E-BAFB-D905AF4C61E2.jpg?v=1737897140&width=2048,Sweat C.P. Company (M),https://nestorevintage.fr/products/sweat-c-p-company-49,Hoodie,H/F,"[6.2745098039215685, 0.0, -3.0]"
2758,https://nestorevintage.fr/cdn/shop/files/297A4684-5EAD-483F-AC2A-CC5B7A79B8A0.jpg?v=1737897065&width=2048,https://nestorevintage.fr/cdn/shop/files/AB1BBB6D-0DC4-4035-974E-E2A443B31813.jpg?v=1737897064&width=2048,Sweat C.P. Company Goggle (L),https://nestorevintage.fr/products/sweat-c-p-company-goggle,Hoodie,H/F,"[19.607843137254903, 1.0, -3.0]"
2759,https://nestorevintage.fr/cdn/shop/files/297A4684-5EAD-483F-AC2A-CC5B7A79B8A0.jpg?v=1737897065&width=2048,https://nestorevintage.fr/cdn/shop/files/AB1BBB6D-0DC4-4035-974E-E2A443B31813.jpg?v=1737897064&width=2048,Sweat C.P. Company Goggle (L),https://nestorevintage.fr/products/sweat-c-p-company-goggle,Hoodie,H/F,"[9.803921568627452, 2.0, -3.0]"
2760,https://nestorevintage.fr/cdn/shop/files/91D912F0-3E3C-40DA-AC96-20D2A1533068.jpg?v=1737896991&width=2048,https://nestorevintage.fr/cdn/shop/files/51F5BA26-B454-41EF-9327-08EB4F14011E.jpg?v=1737896991&width=2048,Sweat C.P. Company (S),https://nestorevintage.fr/products/sweat-c-p-company-47,Hoodie,H/F,"[71.37254901960785, -8.0, 19.0]"
2761,https://nestorevintage.fr/cdn/shop/files/91D912F0-3E3C-40DA-AC96-20D2A1533068.jpg?v=1737896991&width=2048,https://nestorevintage.fr/cdn/shop/files/51F5BA26-B454-41EF-9327-08EB4F14011E.jpg?v=1737896991&width=2048,Sweat C.P. Company (S),https://nestorevintage.fr/products/sweat-c-p-company-47,Hoodie,H/F,"[56.470588235294116, -6.0, 17.0]"
2762,https://nestorevintage.fr/cdn/shop/files/0EF5CB63-9A30-4FC2-9DAF-F9A6196C0447.jpg?v=1737896942&width=2048,https://nestorevintage.fr/cdn/shop/files/C6F9F14C-E73E-4BE8-9DBE-0D7047BD9788.jpg?v=1737896942&width=2048,Sweat C.P. Company (M),https://nestorevintage.fr/products/sweat-stone-island-54,Hoodie,H/F,"[56.86274509803921, -4.0, -29.0]"
2763,https://nestorevintage.fr/cdn/shop/files/0EF5CB63-9A30-4FC2-9DAF-F9A6196C0447.jpg?v=1737896942&width=2048,https://nestorevintage.fr/cdn/shop/files/C6F9F14C-E73E-4BE8-9DBE-0D7047BD9788.jpg?v=1737896942&width=2048,Sweat C.P. Company (M),https://nestorevintage.fr/products/sweat-stone-island-54,Hoodie,H/F,"[45.88235294117647, -3.0, -24.0]"
2764,https://nestorevintage.fr/cdn/shop/files/D92FDC02-E425-4450-92CB-BAB3DE60FBF2.jpg?v=1737576273&width=2048,https://nestorevintage.fr/cdn/shop/files/744804BC-E650-4AD8-B742-0AD9D226065A.jpg?v=1737576274&width=2048,Sweat C.P. Company (XL),https://nestorevintage.fr/products/sweat-c-p-company-xl,Hoodie,H/F,"[34.509803921568626, 0.0, 0.0]"
2765,https://nestorevintage.fr/cdn/shop/files/D92FDC02-E425-4450-92CB-BAB3DE60FBF2.jpg?v=1737576273&width=2048,https://nestorevintage.fr/cdn/shop/files/744804BC-E650-4AD8-B742-0AD9D226065A.jpg?v=1737576274&width=2048,Sweat C.P. Company (XL),https://nestorevintage.fr/products/sweat-c-p-company-xl,Hoodie,H/F,"[21.96078431372549, 0.0, 0.0]"
2766,https://nestorevintage.fr/cdn/shop/files/046EC953-32ED-4422-AD57-4818D4160186.jpg?v=1737576234&width=2048,https://nestorevintage.fr/cdn/shop/files/FCFCDE64-CC3D-47E0-966F-F0BFF62D67BC.jpg?v=1737576233&width=2048,Sweat C.P. Company (XL),https://nestorevintage.fr/products/sweat-c-p-company-s-7,Hoodie,H/F,"[36.470588235294116, -11.0, -14.0]"
2767,https://nestorevintage.fr/cdn/shop/files/046EC953-32ED-4422-AD57-4818D4160186.jpg?v=1737576234&width=2048,https://nestorevintage.fr/cdn/shop/files/FCFCDE64-CC3D-47E0-966F-F0BFF62D67BC.jpg?v=1737576233&width=2048,Sweat C.P. Company (XL),https://nestorevintage.fr/products/sweat-c-p-company-s-7,Hoodie,H/F,"[47.45098039215686, -13.0, -15.0]"
2768,https://nestorevintage.fr/cdn/shop/files/4BD17042-6076-4423-8868-9E8F717A0512.jpg?v=1737576121&width=2048,https://nestorevintage.fr/cdn/shop/files/8C86A45D-58E9-40EC-B4BA-CB60D834B4CA.jpg?v=1737576121&width=2048,Sweat C.P. Company (L),https://nestorevintage.fr/products/sweat-c-p-company-46,Hoodie,H/F,"[35.294117647058826, 0.0, 14.0]"
2769,https://nestorevintage.fr/cdn/shop/files/4BD17042-6076-4423-8868-9E8F717A0512.jpg?v=1737576121&width=2048,https://nestorevintage.fr/cdn/shop/files/8C86A45D-58E9-40EC-B4BA-CB60D834B4CA.jpg?v=1737576121&width=2048,Sweat C.P. Company (L),https://nestorevintage.fr/products/sweat-c-p-company-46,Hoodie,H/F,"[21.568627450980394, 0.0, 11.0]"
2770,https://nestorevintage.fr/cdn/shop/files/46B6BDB8-93AB-454E-B5DF-B34720626975.jpg?v=1737576023&width=2048,https://nestorevintage.fr/cdn/shop/files/577B4442-E16C-4AF2-B3F4-0811AF19A696.jpg?v=1737576023&width=2048,Sweat Stone island (S),https://nestorevintage.fr/products/sweat-stone-island-m-8,Hoodie,H/F,"[47.45098039215686, 23.0, 8.0]"
2771,https://nestorevintage.fr/cdn/shop/files/46B6BDB8-93AB-454E-B5DF-B34720626975.jpg?v=1737576023&width=2048,https://nestorevintage.fr/cdn/shop/files/577B4442-E16C-4AF2-B3F4-0811AF19A696.jpg?v=1737576023&width=2048,Sweat Stone island (S),https://nestorevintage.fr/products/sweat-stone-island-m-8,Hoodie,H/F,"[36.470588235294116, 20.0, 7.0]"
2772,https://nestorevintage.fr/cdn/shop/files/899E9250-B3C6-4F0D-BF0B-432B88850F07.jpg?v=1737575931&width=2048,https://nestorevintage.fr/cdn/shop/files/EC4A8F89-1A4C-44D5-B65C-1186058764DC.jpg?v=1737575930&width=2048,Pull Stone island (M),https://nestorevintage.fr/products/pull-stone-island-m,Hoodie,H/F,"[24.705882352941178, 1.0, -7.0]"
2773,https://nestorevintage.fr/cdn/shop/files/899E9250-B3C6-4F0D-BF0B-432B88850F07.jpg?v=1737575931&width=2048,https://nestorevintage.fr/cdn/shop/files/EC4A8F89-1A4C-44D5-B65C-1186058764DC.jpg?v=1737575930&width=2048,Pull Stone island (M),https://nestorevintage.fr/products/pull-stone-island-m,Hoodie,H/F,"[14.901960784313726, 0.0, -7.0]"
2774,https://nestorevintage.fr/cdn/shop/files/412D63EB-6B35-495D-85BA-F26344D3024F.jpg?v=1737575887&width=2048,https://nestorevintage.fr/cdn/shop/files/30D5BCA2-1F1D-4DC4-AEDD-3559EBB75C91.jpg?v=1737575887&width=2048,Pull Stone island (M),https://nestorevintage.fr/products/pull-stone-island-8,Hoodie,H/F,"[43.92156862745098, -4.0, 25.0]"
2775,https://nestorevintage.fr/cdn/shop/files/412D63EB-6B35-495D-85BA-F26344D3024F.jpg?v=1737575887&width=2048,https://nestorevintage.fr/cdn/shop/files/30D5BCA2-1F1D-4DC4-AEDD-3559EBB75C91.jpg?v=1737575887&width=2048,Pull Stone island (M),https://nestorevintage.fr/products/pull-stone-island-8,Hoodie,H/F,"[55.294117647058826, -5.0, 26.0]"
2776,https://nestorevintage.fr/cdn/shop/files/412D63EB-6B35-495D-85BA-F26344D3024F.jpg?v=1737575887&width=2048,https://nestorevintage.fr/cdn/shop/files/30D5BCA2-1F1D-4DC4-AEDD-3559EBB75C91.jpg?v=1737575887&width=2048,Pull Stone island (M),https://nestorevintage.fr/products/pull-stone-island-8,Hoodie,H/F,"[29.80392156862745, -4.0, 20.0]"
2777,https://nestorevintage.fr/cdn/shop/files/1321297E-25FC-4D11-BEB7-E15B4EDC3B61.jpg?v=1737575803&width=2048,https://nestorevintage.fr/cdn/shop/files/9AE98EC6-5BC9-40FC-A4CB-4B9CA5A6F513.jpg?v=1737575815&width=2048,Pull Stone island (L),https://nestorevintage.fr/products/pull-stone-island-7,Hoodie,H/F,"[80.7843137254902, 3.0, 0.0]"
2778,https://nestorevintage.fr/cdn/shop/files/1321297E-25FC-4D11-BEB7-E15B4EDC3B61.jpg?v=1737575803&width=2048,https://nestorevintage.fr/cdn/shop/files/9AE98EC6-5BC9-40FC-A4CB-4B9CA5A6F513.jpg?v=1737575815&width=2048,Pull Stone island (L),https://nestorevintage.fr/products/pull-stone-island-7,Hoodie,H/F,"[67.45098039215686, 4.0, 0.0]"
2779,https://nestorevintage.fr/cdn/shop/files/881583F0-9F90-47CB-95E1-909C4D95EC23.jpg?v=1737575722&width=2048,https://nestorevintage.fr/cdn/shop/files/4676C71E-A832-441A-A118-3C619892ABC9.jpg?v=1737575734&width=2048,Pull Stone island,https://nestorevintage.fr/products/pull-stone-island-6,Hoodie,H/F,"[80.3921568627451, 1.0, 0.0]"
2780,https://nestorevintage.fr/cdn/shop/files/881583F0-9F90-47CB-95E1-909C4D95EC23.jpg?v=1737575722&width=2048,https://nestorevintage.fr/cdn/shop/files/4676C71E-A832-441A-A118-3C619892ABC9.jpg?v=1737575734&width=2048,Pull Stone island,https://nestorevintage.fr/products/pull-stone-island-6,Hoodie,H/F,"[66.27450980392156, 1.0, -1.0]"
2781,https://nestorevintage.fr/cdn/shop/files/IMG_3726_e805e7d3-ce2e-4a75-8ac1-b4bca69828bc.jpg?v=1737393126&width=2048,https://nestorevintage.fr/cdn/shop/files/IMG_3723_e248d059-0b78-4f5c-a34f-d579c1d60744.jpg?v=1737393126&width=2048,Sweat zippé Stussy (L),https://nestorevintage.fr/products/sweat-zippe-stussy-l,Hoodie,H/F,"[13.333333333333334, -1.0, -1.0]"
2782,https://nestorevintage.fr/cdn/shop/files/IMG_3726_e805e7d3-ce2e-4a75-8ac1-b4bca69828bc.jpg?v=1737393126&width=2048,https://nestorevintage.fr/cdn/shop/files/IMG_3723_e248d059-0b78-4f5c-a34f-d579c1d60744.jpg?v=1737393126&width=2048,Sweat zippé Stussy (L),https://nestorevintage.fr/products/sweat-zippe-stussy-l,Hoodie,H/F,"[6.666666666666667, -2.0, -1.0]"
2783,https://nestorevintage.fr/cdn/shop/files/IMG_3716.jpg?v=1737393057&width=2048,https://nestorevintage.fr/cdn/shop/files/IMG_3722_53979078-ac5a-4cf8-aba6-2f8880b92adc.jpg?v=1737393057&width=2048,Sweat Ami (L),https://nestorevintage.fr/products/sweat-ami-l-3,Hoodie,H/F,"[85.09803921568627, -1.0, 2.0]"
2784,https://nestorevintage.fr/cdn/shop/files/IMG_3716.jpg?v=1737393057&width=2048,https://nestorevintage.fr/cdn/shop/files/IMG_3722_53979078-ac5a-4cf8-aba6-2f8880b92adc.jpg?v=1737393057&width=2048,Sweat Ami (L),https://nestorevintage.fr/products/sweat-ami-l-3,Hoodie,H/F,"[72.94117647058823, -1.0, 1.0]"
2785,https://nestorevintage.fr/cdn/shop/files/IMG_3702_cc580146-d4c0-497b-a075-fb51c814741f.jpg?v=1737392943&width=2048,https://nestorevintage.fr/cdn/shop/files/IMG_3706.jpg?v=1737392944&width=2048,Sweat 1/4 zippé Ami (S),https://nestorevintage.fr/products/sweat-ami-23,Hoodie,H/F,"[10.196078431372548, 3.0, -10.0]"
2786,https://nestorevintage.fr/cdn/shop/files/IMG_3702_cc580146-d4c0-497b-a075-fb51c814741f.jpg?v=1737392943&width=2048,https://nestorevintage.fr/cdn/shop/files/IMG_3706.jpg?v=1737392944&width=2048,Sweat 1/4 zippé Ami (S),https://nestorevintage.fr/products/sweat-ami-23,Hoodie,H/F,"[22.35294117647059, 2.0, -10.0]"
2787,https://nestorevintage.fr/cdn/shop/files/178D1D5D-EA1D-4E14-AD4F-68DD1592B4D6.jpg?v=1737291675&width=2048,https://nestorevintage.fr/cdn/shop/files/18885404-4BA7-4DDA-BF08-69D23078DC28.jpg?v=1737291675&width=2048,Sweat Comme des Garçons (M),https://nestorevintage.fr/products/sweat-comme-des-garcons-35,Hoodie,H/F,"[84.70588235294117, 0.0, 5.0]"
2788,https://nestorevintage.fr/cdn/shop/files/178D1D5D-EA1D-4E14-AD4F-68DD1592B4D6.jpg?v=1737291675&width=2048,https://nestorevintage.fr/cdn/shop/files/18885404-4BA7-4DDA-BF08-69D23078DC28.jpg?v=1737291675&width=2048,Sweat Comme des Garçons (M),https://nestorevintage.fr/products/sweat-comme-des-garcons-35,Hoodie,H/F,"[73.72549019607844, 0.0, 6.0]"
2789,https://nestorevintage.fr/cdn/shop/files/949CE36C-4B08-42C0-B354-771C51A4FC24.jpg?v=1737291625&width=2048,https://nestorevintage.fr/cdn/shop/files/CAB70086-2C8B-42D1-ADAC-B9E959C50D31.jpg?v=1737291625&width=2048,Sweat Comme des Garçons (M),https://nestorevintage.fr/products/sweat-stussy-30,Hoodie,H/F,"[13.333333333333334, -1.0, -1.0]"
2790,https://nestorevintage.fr/cdn/shop/files/949CE36C-4B08-42C0-B354-771C51A4FC24.jpg?v=1737291625&width=2048,https://nestorevintage.fr/cdn/shop/files/CAB70086-2C8B-42D1-ADAC-B9E959C50D31.jpg?v=1737291625&width=2048,Sweat Comme des Garçons (M),https://nestorevintage.fr/products/sweat-stussy-30,Hoodie,H/F,"[4.705882352941177, 0.0, -2.0]"
2791,https://nestorevintage.fr/cdn/shop/files/FED1700A-E33A-4A04-8856-8FB890052298.jpg?v=1737291439&width=2048,https://nestorevintage.fr/cdn/shop/files/82F0E0E1-4EEF-43B7-9F7D-67376ED950BC.jpg?v=1737291438&width=2048,Sweat True Religion (M),https://nestorevintage.fr/products/sweat-vivienne-westwood-12,Hoodie,H/F,"[9.803921568627452, 2.0, -3.0]"
2792,https://nestorevintage.fr/cdn/shop/files/39DB84D6-18F9-4F81-A41B-17AABE2572DF.jpg?v=1737291362&width=2048,https://nestorevintage.fr/cdn/shop/files/99538C41-E44E-4675-B002-5E00FF6E5453.jpg?v=1737291363&width=2048,Sweat Vivienne Westwood (S),https://nestorevintage.fr/products/sweat-vivienne-westwood-11,Hoodie,H/F,"[33.33333333333333, -5.0, 6.0]"
2793,https://nestorevintage.fr/cdn/shop/files/39DB84D6-18F9-4F81-A41B-17AABE2572DF.jpg?v=1737291362&width=2048,https://nestorevintage.fr/cdn/shop/files/99538C41-E44E-4675-B002-5E00FF6E5453.jpg?v=1737291363&width=2048,Sweat Vivienne Westwood (S),https://nestorevintage.fr/products/sweat-vivienne-westwood-11,Hoodie,H/F,"[20.392156862745097, -3.0, 4.0]"
2794,https://nestorevintage.fr/cdn/shop/files/920F93B2-A826-4B29-BB02-7CD47B1BC0D2.jpg?v=1737291318&width=2048,https://nestorevintage.fr/cdn/shop/files/66B07F8A-3B4D-4AA4-A3FC-E2A61F9E1CD4.jpg?v=1737291318&width=2048,Sweat Vivienne Westwood (XS),https://nestorevintage.fr/products/sweat-palace-11,Hoodie,H/F,"[9.803921568627452, 2.0, -3.0]"
2795,https://nestorevintage.fr/cdn/shop/files/920F93B2-A826-4B29-BB02-7CD47B1BC0D2.jpg?v=1737291318&width=2048,https://nestorevintage.fr/cdn/shop/files/66B07F8A-3B4D-4AA4-A3FC-E2A61F9E1CD4.jpg?v=1737291318&width=2048,Sweat Vivienne Westwood (XS),https://nestorevintage.fr/products/sweat-palace-11,Hoodie,H/F,"[4.313725490196078, 0.0, -2.0]"
2796,https://nestorevintage.fr/cdn/shop/files/E22E193D-277A-44F0-9857-E62FA8FB6965.jpg?v=1737291248&width=2048,https://nestorevintage.fr/cdn/shop/files/105CD661-64CC-4B01-A52B-E0FD886BE6F0.jpg?v=1737291249&width=2048,Sweat Palace (M),https://nestorevintage.fr/products/sweat-stussy-29,Hoodie,H/F,"[19.607843137254903, -1.0, -2.0]"
2797,https://nestorevintage.fr/cdn/shop/files/E22E193D-277A-44F0-9857-E62FA8FB6965.jpg?v=1737291248&width=2048,https://nestorevintage.fr/cdn/shop/files/105CD661-64CC-4B01-A52B-E0FD886BE6F0.jpg?v=1737291249&width=2048,Sweat Palace (M),https://nestorevintage.fr/products/sweat-stussy-29,Hoodie,H/F,"[9.019607843137255, 2.0, -3.0]"
2798,https://nestorevintage.fr/cdn/shop/files/3E2E60CA-E964-4683-A497-7AB1607F57CE.jpg?v=1737291182&width=2048,https://nestorevintage.fr/cdn/shop/files/20A9ED2A-99DF-44B3-B6B4-5D7B22E909B4.jpg?v=1737291181&width=2048,Sweat Stussy (S),https://nestorevintage.fr/products/sweat-stussy-28,Hoodie,H/F,"[13.333333333333334, 0.0, -1.0]"
2799,https://nestorevintage.fr/cdn/shop/files/A4F308D1-1FFF-4EF1-BE95-BBF5B77496F2.jpg?v=1737291143&width=2048,https://nestorevintage.fr/cdn/shop/files/2978081D-11FC-42A9-876B-2CD87CC377D0.jpg?v=1737291142&width=2048,Sweat Stussy (M),https://nestorevintage.fr/products/sweat-stussy-27,Hoodie,H/F,"[57.647058823529406, -1.0, 1.0]"
2800,https://nestorevintage.fr/cdn/shop/files/A4F308D1-1FFF-4EF1-BE95-BBF5B77496F2.jpg?v=1737291143&width=2048,https://nestorevintage.fr/cdn/shop/files/2978081D-11FC-42A9-876B-2CD87CC377D0.jpg?v=1737291142&width=2048,Sweat Stussy (M),https://nestorevintage.fr/products/sweat-stussy-27,Hoodie,H/F,"[72.15686274509804, -1.0, 1.0]"
2801,https://nestorevintage.fr/cdn/shop/files/39E5048B-0165-4F96-A756-02F77158781C.jpg?v=1737291095&width=2048,https://nestorevintage.fr/cdn/shop/files/412189C9-FC64-41C2-BD75-AE5D28880744.jpg?v=1737291094&width=2048,Sweat Stussy (L),https://nestorevintage.fr/products/sweat-stussy-26,Hoodie,H/F,"[82.74509803921568, -1.0, 0.0]"
2802,https://nestorevintage.fr/cdn/shop/files/39E5048B-0165-4F96-A756-02F77158781C.jpg?v=1737291095&width=2048,https://nestorevintage.fr/cdn/shop/files/412189C9-FC64-41C2-BD75-AE5D28880744.jpg?v=1737291094&width=2048,Sweat Stussy (L),https://nestorevintage.fr/products/sweat-stussy-26,Hoodie,H/F,"[66.66666666666666, 0.0, 0.0]"
2803,https://nestorevintage.fr/cdn/shop/files/E45EFA57-4669-4732-A15D-1D4ECDD5A205.jpg?v=1737290999&width=2048,https://nestorevintage.fr/cdn/shop/files/BF6047F0-5BB9-48E5-91C2-6AC9AB635143.jpg?v=1737290999&width=2048,Sweat Stussy (XS),https://nestorevintage.fr/products/sweat-stussy-25,Hoodie,H/F,"[31.76470588235294, 39.0, 11.0]"
2804,https://nestorevintage.fr/cdn/shop/files/E45EFA57-4669-4732-A15D-1D4ECDD5A205.jpg?v=1737290999&width=2048,https://nestorevintage.fr/cdn/shop/files/BF6047F0-5BB9-48E5-91C2-6AC9AB635143.jpg?v=1737290999&width=2048,Sweat Stussy (XS),https://nestorevintage.fr/products/sweat-stussy-25,Hoodie,H/F,"[41.17647058823529, 44.0, 12.0]"
2805,https://nestorevintage.fr/cdn/shop/files/748EDFF7-00AF-4A65-8A38-8BD11B3936E4.jpg?v=1737290942&width=2048,https://nestorevintage.fr/cdn/shop/files/DCC88AE0-C04A-413C-AB36-39473D010717.jpg?v=1737290942&width=2048,Sweat Stussy (M),https://nestorevintage.fr/products/sweat-stussy-24,Hoodie,H/F,"[64.70588235294117, -2.0, 0.0]"
2806,https://nestorevintage.fr/cdn/shop/files/748EDFF7-00AF-4A65-8A38-8BD11B3936E4.jpg?v=1737290942&width=2048,https://nestorevintage.fr/cdn/shop/files/DCC88AE0-C04A-413C-AB36-39473D010717.jpg?v=1737290942&width=2048,Sweat Stussy (M),https://nestorevintage.fr/products/sweat-stussy-24,Hoodie,H/F,"[78.03921568627452, -1.0, 1.0]"
2807,https://nestorevintage.fr/cdn/shop/files/981BFCBF-3AB1-4519-A11D-329384C9A8CD.jpg?v=1737290879&width=2048,https://nestorevintage.fr/cdn/shop/files/828D01C2-7742-4DCA-9391-65745C7A23CC.jpg?v=1737290879&width=2048,Sweat Stussy (XL),https://nestorevintage.fr/products/copiet-shirt-stussy,Hoodie,H/F,"[12.156862745098039, 0.0, -2.0]"
2808,https://nestorevintage.fr/cdn/shop/files/39E06DD1-66F2-4C52-AE00-EF5E5083AB92.jpg?v=1737290779&width=2048,https://nestorevintage.fr/cdn/shop/files/935CB962-95C9-4A24-8209-5727770D701B.jpg?v=1737290779&width=2048,T-shirt Stussy (S),https://nestorevintage.fr/products/t-shirt-stussy,Hoodie,H/F,"[53.72549019607843, -11.0, 10.0]"
2809,https://nestorevintage.fr/cdn/shop/files/39E06DD1-66F2-4C52-AE00-EF5E5083AB92.jpg?v=1737290779&width=2048,https://nestorevintage.fr/cdn/shop/files/935CB962-95C9-4A24-8209-5727770D701B.jpg?v=1737290779&width=2048,T-shirt Stussy (S),https://nestorevintage.fr/products/t-shirt-stussy,Hoodie,H/F,"[43.92156862745098, -11.0, 9.0]"
2810,https://nestorevintage.fr/cdn/shop/files/48382F35-96D7-41B8-85BB-3C4D7A8598F2.jpg?v=1737290749&width=2048,https://nestorevintage.fr/cdn/shop/files/1A2017B5-F368-4A81-8464-DE041072D79B.jpg?v=1737290749&width=2048,T-shirt Stussy (S),https://nestorevintage.fr/products/copie-t-shirt-comme-des-garcons-1,Hoodie,H/F,"[5.88235294117647, 0.0, -2.0]"
2811,https://nestorevintage.fr/cdn/shop/files/6FA5CC00-BEE3-4448-A608-124AFEC1478D.jpg?v=1737290650&width=2048,https://nestorevintage.fr/cdn/shop/files/9514A366-5852-4031-87C3-751398D6986C.jpg?v=1737290650&width=2048,T-shirt Comme des garçons (L),https://nestorevintage.fr/products/t-shirt-comme-des-garcons-15,Hoodie,H/F,"[86.66666666666667, -2.0, 3.0]"
2812,https://nestorevintage.fr/cdn/shop/files/6FA5CC00-BEE3-4448-A608-124AFEC1478D.jpg?v=1737290650&width=2048,https://nestorevintage.fr/cdn/shop/files/9514A366-5852-4031-87C3-751398D6986C.jpg?v=1737290650&width=2048,T-shirt Comme des garçons (L),https://nestorevintage.fr/products/t-shirt-comme-des-garcons-15,Hoodie,H/F,"[78.03921568627452, -1.0, 3.0]"
2813,https://nestorevintage.fr/cdn/shop/files/45AB668F-ACDE-4348-A3B5-D0592C2C2E36.jpg?v=1737290103&width=2048,https://nestorevintage.fr/cdn/shop/files/11A2DED9-A833-4C17-B8E5-5024CF101CF9.jpg?v=1737290102&width=2048,Polo AMI (XL),https://nestorevintage.fr/products/sweat-11,Hoodie,H/F,"[4.705882352941177, 0.0, -3.0]"
2814,https://nestorevintage.fr/cdn/shop/files/IMG_2239.jpg?v=1736696618&width=2048,https://nestorevintage.fr/cdn/shop/files/IMG_2243.jpg?v=1736696620&width=2048,Sweat AMI (XL),https://nestorevintage.fr/products/sweat-ami-16,Hoodie,H/F,"[56.86274509803921, -1.0, 1.0]"
2815,https://nestorevintage.fr/cdn/shop/files/IMG_2239.jpg?v=1736696618&width=2048,https://nestorevintage.fr/cdn/shop/files/IMG_2243.jpg?v=1736696620&width=2048,Sweat AMI (XL),https://nestorevintage.fr/products/sweat-ami-16,Hoodie,H/F,"[69.80392156862744, -1.0, 1.0]"
2816,https://nestorevintage.fr/cdn/shop/files/IMG_2225.jpg?v=1736696505&width=2048,https://nestorevintage.fr/cdn/shop/files/IMG_2231.jpg?v=1736696505&width=2048,Sweat AMI (XS),https://nestorevintage.fr/products/sweat-ami-14,Hoodie,H/F,"[81.17647058823529, -14.0, 11.0]"
2817,https://nestorevintage.fr/cdn/shop/files/IMG_2225.jpg?v=1736696505&width=2048,https://nestorevintage.fr/cdn/shop/files/IMG_2231.jpg?v=1736696505&width=2048,Sweat AMI (XS),https://nestorevintage.fr/products/sweat-ami-14,Hoodie,H/F,"[67.84313725490196, -13.0, 10.0]"
2818,https://nestorevintage.fr/cdn/shop/files/IMG_2212.jpg?v=1736696412&width=2048,https://nestorevintage.fr/cdn/shop/files/IMG_2217.jpg?v=1736696421&width=2048,Sweat AMI (XL),https://nestorevintage.fr/products/sweat-ami-12,Hoodie,H/F,"[36.470588235294116, 34.0, -68.0]"
2819,https://nestorevintage.fr/cdn/shop/files/IMG_2189_a88a5483-497a-46a2-a6c8-42e1ab2003ec.jpg?v=1736696059&width=2048,https://nestorevintage.fr/cdn/shop/files/IMG_2181.jpg?v=1736696059&width=2048,Sweat Off-White neuf avec étiquettes (L),https://nestorevintage.fr/products/sweat-stussy-23,Hoodie,H/F,"[79.2156862745098, -3.0, 18.0]"
2820,https://nestorevintage.fr/cdn/shop/files/IMG_2189_a88a5483-497a-46a2-a6c8-42e1ab2003ec.jpg?v=1736696059&width=2048,https://nestorevintage.fr/cdn/shop/files/IMG_2181.jpg?v=1736696059&width=2048,Sweat Off-White neuf avec étiquettes (L),https://nestorevintage.fr/products/sweat-stussy-23,Hoodie,H/F,"[64.31372549019608, -2.0, 17.0]"
2821,https://nestorevintage.fr/cdn/shop/files/IMG_2175.jpg?v=1736696001&width=2048,https://nestorevintage.fr/cdn/shop/files/IMG_2180.jpg?v=1736696001&width=2048,Sweat Stussy (M),https://nestorevintage.fr/products/sweat-stussy-22,Hoodie,H/F,"[72.94117647058823, 3.0, 42.0]"
2822,https://nestorevintage.fr/cdn/shop/files/IMG_2175.jpg?v=1736696001&width=2048,https://nestorevintage.fr/cdn/shop/files/IMG_2180.jpg?v=1736696001&width=2048,Sweat Stussy (M),https://nestorevintage.fr/products/sweat-stussy-22,Hoodie,H/F,"[60.78431372549019, 4.0, 38.0]"
2823,https://nestorevintage.fr/cdn/shop/files/IMG_1839.jpg?v=1736692519&width=2048,https://nestorevintage.fr/cdn/shop/files/IMG_1842.jpg?v=1736692519&width=2048,Sweat Stussy (L),https://nestorevintage.fr/products/sweat-stussy-20,Hoodie,H/F,"[16.07843137254902, 0.0, -1.0]"
2824,https://nestorevintage.fr/cdn/shop/files/IMG_1829.jpg?v=1736692390&width=2048,https://nestorevintage.fr/cdn/shop/files/IMG_1826_0fe6355c-a2d6-4cc7-8c6a-def791cb713d.jpg?v=1736692394&width=2048,Sweat Stussy (L),https://nestorevintage.fr/products/sweat-stussy-18,Hoodie,H/F,"[83.52941176470588, -1.0, 2.0]"
2825,https://nestorevintage.fr/cdn/shop/files/IMG_1829.jpg?v=1736692390&width=2048,https://nestorevintage.fr/cdn/shop/files/IMG_1826_0fe6355c-a2d6-4cc7-8c6a-def791cb713d.jpg?v=1736692394&width=2048,Sweat Stussy (L),https://nestorevintage.fr/products/sweat-stussy-18,Hoodie,H/F,"[69.80392156862744, 0.0, 2.0]"
2826,https://nestorevintage.fr/cdn/shop/files/IMG_1824.jpg?v=1736692334&width=2048,https://nestorevintage.fr/cdn/shop/files/IMG_1821_0e1d6e25-a852-49ba-9ec6-82870cad3e3c.jpg?v=1736692334&width=2048,Sweat Stussy (L),https://nestorevintage.fr/products/sweat-stussy-14,Hoodie,H/F,"[14.117647058823529, 0.0, -2.0]"
2827,https://nestorevintage.fr/cdn/shop/files/IMG_1824.jpg?v=1736692334&width=2048,https://nestorevintage.fr/cdn/shop/files/IMG_1821_0e1d6e25-a852-49ba-9ec6-82870cad3e3c.jpg?v=1736692334&width=2048,Sweat Stussy (L),https://nestorevintage.fr/products/sweat-stussy-14,Hoodie,H/F,"[8.235294117647058, 0.0, -3.0]"
2828,https://nestorevintage.fr/cdn/shop/files/IMG_1809.jpg?v=1736692195&width=2048,https://nestorevintage.fr/cdn/shop/files/IMG_1814.jpg?v=1736692195&width=2048,Sweat Evisu (S),https://nestorevintage.fr/products/sweat-9,Hoodie,H/F,"[22.35294117647059, 3.0, -21.0]"
2829,https://nestorevintage.fr/cdn/shop/files/IMG_1809.jpg?v=1736692195&width=2048,https://nestorevintage.fr/cdn/shop/files/IMG_1814.jpg?v=1736692195&width=2048,Sweat Evisu (S),https://nestorevintage.fr/products/sweat-9,Hoodie,H/F,"[38.82352941176471, 3.0, -21.0]"
2830,https://nestorevintage.fr/cdn/shop/files/IMG_1798.jpg?v=1736692043&width=2048,https://nestorevintage.fr/cdn/shop/files/IMG_1795.jpg?v=1736692043&width=2048,Sweat Palace (L),https://nestorevintage.fr/products/sweat-evisu-copie,Hoodie,H/F,"[86.27450980392157, 0.0, 0.0]"
2831,https://nestorevintage.fr/cdn/shop/files/IMG_1798.jpg?v=1736692043&width=2048,https://nestorevintage.fr/cdn/shop/files/IMG_1795.jpg?v=1736692043&width=2048,Sweat Palace (L),https://nestorevintage.fr/products/sweat-evisu-copie,Hoodie,H/F,"[73.72549019607844, 0.0, 0.0]"
2832,https://nestorevintage.fr/cdn/shop/files/IMG_1789_8d9820ef-7c9b-4176-89bf-27f3ec69e96f.jpg?v=1736691917&width=2048,https://nestorevintage.fr/cdn/shop/files/IMG_1794.jpg?v=1736691917&width=2048,Sweat Evisu (S),https://nestorevintage.fr/products/sweat-evisu,Hoodie,H/F,"[84.31372549019608, -1.0, 1.0]"
2833,https://nestorevintage.fr/cdn/shop/files/IMG_1789_8d9820ef-7c9b-4176-89bf-27f3ec69e96f.jpg?v=1736691917&width=2048,https://nestorevintage.fr/cdn/shop/files/IMG_1794.jpg?v=1736691917&width=2048,Sweat Evisu (S),https://nestorevintage.fr/products/sweat-evisu,Hoodie,H/F,"[72.54901960784314, 0.0, 2.0]"
2834,https://nestorevintage.fr/cdn/shop/files/DC6AA657-9F78-40B8-B167-BB04CCE77140.jpg?v=1731247457&width=2048,https://nestorevintage.fr/cdn/shop/files/D4DB4D74-6439-4E66-9864-F220438E3C05.jpg?v=1731247457&width=2048,Sweat Stussy (L),https://nestorevintage.fr/products/sweat-stussy-105,Hoodie,H/F,"[18.43137254901961, -3.0, -2.0]"
2835,https://nestorevintage.fr/cdn/shop/files/DC6AA657-9F78-40B8-B167-BB04CCE77140.jpg?v=1731247457&width=2048,https://nestorevintage.fr/cdn/shop/files/D4DB4D74-6439-4E66-9864-F220438E3C05.jpg?v=1731247457&width=2048,Sweat Stussy (L),https://nestorevintage.fr/products/sweat-stussy-105,Hoodie,H/F,"[6.666666666666667, 0.0, -3.0]"
2836,https://nestorevintage.fr/cdn/shop/files/798D71CC-D268-4D10-876B-D20CAEB231D0.jpg?v=1731247186&width=2048,https://nestorevintage.fr/cdn/shop/files/125887F3-8C67-468B-A248-2EA791EBCEE3.jpg?v=1731247186&width=2048,Sweat True Religion (S),https://nestorevintage.fr/products/sweat-true-religion-11,Hoodie,H/F,"[60.0, -32.0, 3.0]"
2837,https://nestorevintage.fr/cdn/shop/files/798D71CC-D268-4D10-876B-D20CAEB231D0.jpg?v=1731247186&width=2048,https://nestorevintage.fr/cdn/shop/files/125887F3-8C67-468B-A248-2EA791EBCEE3.jpg?v=1731247186&width=2048,Sweat True Religion (S),https://nestorevintage.fr/products/sweat-true-religion-11,Hoodie,H/F,"[69.41176470588235, -33.0, 3.0]"
2838,https://nestorevintage.fr/cdn/shop/files/FDAFFB54-03EE-4095-9A91-390047103AD2.jpg?v=1731246938&width=2048,https://nestorevintage.fr/cdn/shop/files/33904D5D-07E4-4640-B21C-B324DFB21F74.jpg?v=1731246938&width=2048,Sweat Palace (L),https://nestorevintage.fr/products/pull-ami-1,Hoodie,H/F,"[29.80392156862745, -3.0, -4.0]"
2839,https://nestorevintage.fr/cdn/shop/files/FDAFFB54-03EE-4095-9A91-390047103AD2.jpg?v=1731246938&width=2048,https://nestorevintage.fr/cdn/shop/files/33904D5D-07E4-4640-B21C-B324DFB21F74.jpg?v=1731246938&width=2048,Sweat Palace (L),https://nestorevintage.fr/products/pull-ami-1,Hoodie,H/F,"[16.470588235294116, -1.0, -3.0]"
2840,https://nestorevintage.fr/cdn/shop/files/BD221663-94C0-49F6-99BB-60DCF3160F63.jpg?v=1731187201&width=2048,https://nestorevintage.fr/cdn/shop/files/C006A1B0-95C6-43FB-BF62-A0FDCD28BD10.jpg?v=1731187201&width=2048,Sweat Comme des Garçons (S),https://nestorevintage.fr/products/sweat-comme-des-garcons-16,Hoodie,H/F,"[67.84313725490196, -2.0, 1.0]"
2841,https://nestorevintage.fr/cdn/shop/files/BD221663-94C0-49F6-99BB-60DCF3160F63.jpg?v=1731187201&width=2048,https://nestorevintage.fr/cdn/shop/files/C006A1B0-95C6-43FB-BF62-A0FDCD28BD10.jpg?v=1731187201&width=2048,Sweat Comme des Garçons (S),https://nestorevintage.fr/products/sweat-comme-des-garcons-16,Hoodie,H/F,"[54.509803921568626, -2.0, 1.0]"
2842,https://nestorevintage.fr/cdn/shop/files/F9043928-032C-41D5-8B8C-ADE958E9ECA2.jpg?v=1730654663&width=2048,https://nestorevintage.fr/cdn/shop/files/402F0D10-0F15-43D9-84F8-8318E6F7B474.jpg?v=1730654663&width=2048,Sweat Stone Island (XL),https://nestorevintage.fr/products/sweat-stone-island-xl-1,Hoodie,H/F,"[24.705882352941178, -8.0, -13.0]"
2843,https://nestorevintage.fr/cdn/shop/files/F9043928-032C-41D5-8B8C-ADE958E9ECA2.jpg?v=1730654663&width=2048,https://nestorevintage.fr/cdn/shop/files/402F0D10-0F15-43D9-84F8-8318E6F7B474.jpg?v=1730654663&width=2048,Sweat Stone Island (XL),https://nestorevintage.fr/products/sweat-stone-island-xl-1,Hoodie,H/F,"[38.82352941176471, -10.0, -14.0]"
2844,https://nestorevintage.fr/cdn/shop/files/16FBB58B-5057-441C-B50D-1110796BEEA7.jpg?v=1730654624&width=2048,https://nestorevintage.fr/cdn/shop/files/4694B26A-165D-4786-8A4E-4D03A70D51D6.jpg?v=1730654624&width=2048,Sweat Stone Island (XL),https://nestorevintage.fr/products/sweat-stone-island-xl,Hoodie,H/F,"[21.96078431372549, 21.0, 2.0]"
2845,https://nestorevintage.fr/cdn/shop/files/16FBB58B-5057-441C-B50D-1110796BEEA7.jpg?v=1730654624&width=2048,https://nestorevintage.fr/cdn/shop/files/4694B26A-165D-4786-8A4E-4D03A70D51D6.jpg?v=1730654624&width=2048,Sweat Stone Island (XL),https://nestorevintage.fr/products/sweat-stone-island-xl,Hoodie,H/F,"[12.941176470588237, 17.0, 1.0]"
2846,https://nestorevintage.fr/cdn/shop/files/22425F52-ECAA-40AF-A75F-1F78591ED83B.jpg?v=1730653641&width=2048,https://nestorevintage.fr/cdn/shop/files/2E67D7E3-AE31-45E9-97F3-D7F44A224363.jpg?v=1730653640&width=2048,Sweat C.P. Company (S),https://nestorevintage.fr/products/sweat-c-p-company-s-6,Hoodie,H/F,"[37.64705882352941, 24.0, 0.0]"
2847,https://nestorevintage.fr/cdn/shop/files/22425F52-ECAA-40AF-A75F-1F78591ED83B.jpg?v=1730653641&width=2048,https://nestorevintage.fr/cdn/shop/files/2E67D7E3-AE31-45E9-97F3-D7F44A224363.jpg?v=1730653640&width=2048,Sweat C.P. Company (S),https://nestorevintage.fr/products/sweat-c-p-company-s-6,Hoodie,H/F,"[50.98039215686274, 28.0, 1.0]"
2848,https://nestorevintage.fr/cdn/shop/files/F4923E31-65DD-4BC0-83F9-5FFB825353A8.jpg?v=1730040045&width=2048,https://nestorevintage.fr/cdn/shop/files/A33AF141-B4E7-48BD-8A80-C71D8131CF49.jpg?v=1730040044&width=2048,Sweat Stussy (S),https://nestorevintage.fr/products/sweat-stussy-102,Hoodie,H/F,"[17.647058823529413, 2.0, -11.0]"
2849,https://nestorevintage.fr/cdn/shop/files/F4923E31-65DD-4BC0-83F9-5FFB825353A8.jpg?v=1730040045&width=2048,https://nestorevintage.fr/cdn/shop/files/A33AF141-B4E7-48BD-8A80-C71D8131CF49.jpg?v=1730040044&width=2048,Sweat Stussy (S),https://nestorevintage.fr/products/sweat-stussy-102,Hoodie,H/F,"[4.705882352941177, 4.0, -10.0]"
2850,https://nestorevintage.fr/cdn/shop/files/9A02970D-7645-4DB1-A95C-3E10987AF497.jpg?v=1730039991&width=2048,https://nestorevintage.fr/cdn/shop/files/8A85C39F-1BC7-4B73-A8F3-D55B996E3CCA.jpg?v=1730039991&width=2048,Sweat Stussy (L),https://nestorevintage.fr/products/sweat-stussy-101,Hoodie,H/F,"[74.11764705882354, 19.0, 62.0]"
2851,https://nestorevintage.fr/cdn/shop/files/9A02970D-7645-4DB1-A95C-3E10987AF497.jpg?v=1730039991&width=2048,https://nestorevintage.fr/cdn/shop/files/8A85C39F-1BC7-4B73-A8F3-D55B996E3CCA.jpg?v=1730039991&width=2048,Sweat Stussy (L),https://nestorevintage.fr/products/sweat-stussy-101,Hoodie,H/F,"[63.921568627450974, 23.0, 60.0]"
2852,https://nestorevintage.fr/cdn/shop/files/8C0E5C53-6A04-4C0A-9807-DABA7B1BB0FA.jpg?v=1729442107&width=2048,https://nestorevintage.fr/cdn/shop/files/0A682170-C3C9-42C1-9A14-8AC690018BED.jpg?v=1729442106&width=2048,Sweat Stussy (XL),https://nestorevintage.fr/products/sweat-stussy-l-1,Hoodie,H/F,"[12.156862745098039, 3.0, -11.0]"
2853,https://nestorevintage.fr/cdn/shop/files/8C0E5C53-6A04-4C0A-9807-DABA7B1BB0FA.jpg?v=1729442107&width=2048,https://nestorevintage.fr/cdn/shop/files/0A682170-C3C9-42C1-9A14-8AC690018BED.jpg?v=1729442106&width=2048,Sweat Stussy (XL),https://nestorevintage.fr/products/sweat-stussy-l-1,Hoodie,H/F,"[5.490196078431373, 2.0, -11.0]"
2854,https://nestorevintage.fr/cdn/shop/files/2D17D84C-0004-4746-8A98-DFEE39509010.jpg?v=1728227091&width=2048,https://nestorevintage.fr/cdn/shop/files/A6EA4967-DE12-4723-9600-1C8436D01BF8.jpg?v=1728227090&width=2048,Sweat BBC (M),https://nestorevintage.fr/products/sweat-bbc-m-1,Hoodie,H/F,"[18.43137254901961, -1.0, -6.0]"
2855,https://nestorevintage.fr/cdn/shop/files/2D17D84C-0004-4746-8A98-DFEE39509010.jpg?v=1728227091&width=2048,https://nestorevintage.fr/cdn/shop/files/A6EA4967-DE12-4723-9600-1C8436D01BF8.jpg?v=1728227090&width=2048,Sweat BBC (M),https://nestorevintage.fr/products/sweat-bbc-m-1,Hoodie,H/F,"[4.705882352941177, 0.0, -4.0]"
2856,https://nestorevintage.fr/cdn/shop/files/2D17D84C-0004-4746-8A98-DFEE39509010.jpg?v=1728227091&width=2048,https://nestorevintage.fr/cdn/shop/files/A6EA4967-DE12-4723-9600-1C8436D01BF8.jpg?v=1728227090&width=2048,Sweat BBC (M),https://nestorevintage.fr/products/sweat-bbc-m-1,Hoodie,H/F,"[29.01960784313726, 1.0, -6.0]"
2857,https://nestorevintage.fr/cdn/shop/files/A33D43E4-1FEF-4328-823F-42C2C5D29EA8.jpg?v=1728226872&width=2048,https://nestorevintage.fr/cdn/shop/files/24C0F20C-072D-4BC3-BFDA-F6B80B945018.jpg?v=1728226872&width=2048,Sweat BBC (L),https://nestorevintage.fr/products/sweat-bbc-1,Hoodie,H/F,"[81.96078431372548, -3.0, 1.0]"
2858,https://nestorevintage.fr/cdn/shop/files/A33D43E4-1FEF-4328-823F-42C2C5D29EA8.jpg?v=1728226872&width=2048,https://nestorevintage.fr/cdn/shop/files/24C0F20C-072D-4BC3-BFDA-F6B80B945018.jpg?v=1728226872&width=2048,Sweat BBC (L),https://nestorevintage.fr/products/sweat-bbc-1,Hoodie,H/F,"[67.05882352941175, -3.0, 2.0]"
2859,https://nestorevintage.fr/cdn/shop/files/EA394BDF-229C-430D-AA7B-A229A4246C54.jpg?v=1728226493&width=2048,https://nestorevintage.fr/cdn/shop/files/366E9BDC-1E68-4483-B9EC-19E3A966B1F8.jpg?v=1728226492&width=2048,Sweat Palace (S),https://nestorevintage.fr/products/sweat-palace-m,Hoodie,H/F,"[85.49019607843137, -1.0, 1.0]"
2860,https://nestorevintage.fr/cdn/shop/files/EA394BDF-229C-430D-AA7B-A229A4246C54.jpg?v=1728226493&width=2048,https://nestorevintage.fr/cdn/shop/files/366E9BDC-1E68-4483-B9EC-19E3A966B1F8.jpg?v=1728226492&width=2048,Sweat Palace (S),https://nestorevintage.fr/products/sweat-palace-m,Hoodie,H/F,"[64.31372549019608, -2.0, 0.0]"
2861,https://nestorevintage.fr/cdn/shop/files/524651F7-5F11-448A-9310-3143577E58FF.jpg?v=1728226397&width=2048,https://nestorevintage.fr/cdn/shop/files/423E66E1-D9B1-4876-8582-0F3F51815AD4.jpg?v=1728226396&width=2048,Sweat Avirex (M),https://nestorevintage.fr/products/sweat-avirex-1,Hoodie,H/F,"[21.96078431372549, -1.0, -5.0]"
2862,https://nestorevintage.fr/cdn/shop/files/524651F7-5F11-448A-9310-3143577E58FF.jpg?v=1728226397&width=2048,https://nestorevintage.fr/cdn/shop/files/423E66E1-D9B1-4876-8582-0F3F51815AD4.jpg?v=1728226396&width=2048,Sweat Avirex (M),https://nestorevintage.fr/products/sweat-avirex-1,Hoodie,H/F,"[7.0588235294117645, -2.0, -4.0]"
2863,https://nestorevintage.fr/cdn/shop/files/6B99766F-E8AF-4490-9E97-8CC12586BA7E.jpg?v=1728225932&width=2048,https://nestorevintage.fr/cdn/shop/files/1F26C3B2-74F0-452D-8B36-FD02B907B1A1.jpg?v=1728225932&width=2048,Sweat Supreme (S),https://nestorevintage.fr/products/sweat-supreme-m,Hoodie,H/F,"[45.09803921568628, 43.0, 12.0]"
2864,https://nestorevintage.fr/cdn/shop/files/6B99766F-E8AF-4490-9E97-8CC12586BA7E.jpg?v=1728225932&width=2048,https://nestorevintage.fr/cdn/shop/files/1F26C3B2-74F0-452D-8B36-FD02B907B1A1.jpg?v=1728225932&width=2048,Sweat Supreme (S),https://nestorevintage.fr/products/sweat-supreme-m,Hoodie,H/F,"[30.980392156862745, 38.0, 9.0]"
2865,https://nestorevintage.fr/cdn/shop/files/C52543E5-5EFD-42BD-9733-1C891FA9246A.jpg?v=1728225808&width=2048,https://nestorevintage.fr/cdn/shop/files/80B928B9-BAEF-46EE-A502-2EC20020AA91.jpg?v=1728225809&width=2048,Sweat Evisu (L),https://nestorevintage.fr/products/sweat-evisu-s-1,Hoodie,H/F,"[5.490196078431373, 0.0, -3.0]"
2866,https://nestorevintage.fr/cdn/shop/files/C52543E5-5EFD-42BD-9733-1C891FA9246A.jpg?v=1728225808&width=2048,https://nestorevintage.fr/cdn/shop/files/80B928B9-BAEF-46EE-A502-2EC20020AA91.jpg?v=1728225809&width=2048,Sweat Evisu (L),https://nestorevintage.fr/products/sweat-evisu-s-1,Hoodie,H/F,"[14.117647058823529, 1.0, -5.0]"
2867,https://nestorevintage.fr/cdn/shop/files/1FF5465C-D197-49D1-9600-11E615641311.jpg?v=1728225647&width=2048,https://nestorevintage.fr/cdn/shop/files/CFEA5B6F-1F57-4427-8126-2B6049BFE1C3.jpg?v=1728225647&width=2048,Sweat Evisu (XL),https://nestorevintage.fr/products/sweat-7,Hoodie,H/F,"[21.568627450980394, 2.0, -9.0]"
2868,https://nestorevintage.fr/cdn/shop/files/1FF5465C-D197-49D1-9600-11E615641311.jpg?v=1728225647&width=2048,https://nestorevintage.fr/cdn/shop/files/CFEA5B6F-1F57-4427-8126-2B6049BFE1C3.jpg?v=1728225647&width=2048,Sweat Evisu (XL),https://nestorevintage.fr/products/sweat-7,Hoodie,H/F,"[8.235294117647058, 2.0, -8.0]"
2869,https://nestorevintage.fr/cdn/shop/files/1BD4BD09-1E18-4D60-A3E9-651FBF68FEC0.jpg?v=1727625469&width=2048,https://nestorevintage.fr/cdn/shop/files/76C4CC25-3D64-4A7A-B232-107637CEE4C7.jpg?v=1727625469&width=2048,Veste Supreme (L),https://nestorevintage.fr/products/veste-supreme-l-1,Hoodie,H/F,"[10.588235294117647, 2.0, -10.0]"
2870,https://nestorevintage.fr/cdn/shop/files/1BD4BD09-1E18-4D60-A3E9-651FBF68FEC0.jpg?v=1727625469&width=2048,https://nestorevintage.fr/cdn/shop/files/76C4CC25-3D64-4A7A-B232-107637CEE4C7.jpg?v=1727625469&width=2048,Veste Supreme (L),https://nestorevintage.fr/products/veste-supreme-l-1,Hoodie,H/F,"[21.96078431372549, 4.0, -10.0]"
2871,https://nestorevintage.fr/cdn/shop/files/A0AD6B2B-ED36-4A80-9DB4-F64E779F3384.jpg?v=1727624658&width=2048,https://nestorevintage.fr/cdn/shop/files/F8713807-CDA5-4BDC-A41B-308265B32707.jpg?v=1727624658&width=2048,Sweat full zip bape (M),https://nestorevintage.fr/products/sweat-full-zip-bape-4,Hoodie,H/F,"[19.607843137254903, -5.0, -1.0]"
2872,https://nestorevintage.fr/cdn/shop/files/A0AD6B2B-ED36-4A80-9DB4-F64E779F3384.jpg?v=1727624658&width=2048,https://nestorevintage.fr/cdn/shop/files/F8713807-CDA5-4BDC-A41B-308265B32707.jpg?v=1727624658&width=2048,Sweat full zip bape (M),https://nestorevintage.fr/products/sweat-full-zip-bape-4,Hoodie,H/F,"[40.0, -14.0, 11.0]"
2873,https://nestorevintage.fr/cdn/shop/files/D79524CE-425D-4A39-868E-DEBFF208A823.jpg?v=1727018926&width=2048,https://nestorevintage.fr/cdn/shop/files/8939AFD2-F382-45CA-B357-80500DEBAFAE.jpg?v=1727018926&width=2048,Sweat Ed Hardy (S),https://nestorevintage.fr/products/sweat-palace-1,Hoodie,H/F,"[8.235294117647058, -2.0, -1.0]"
2874,https://nestorevintage.fr/cdn/shop/files/80489E8B-39CD-4E0D-9D54-F034DC2F7A78.jpg?v=1727018457&width=2048,https://nestorevintage.fr/cdn/shop/files/7AB34EC3-5166-4362-BAD1-8CF09D5A7EFC.jpg?v=1727018456&width=2048,Sweat Supreme (L),https://nestorevintage.fr/products/sweat-5,Hoodie,H/F,"[80.3921568627451, -3.0, 2.0]"
2875,https://nestorevintage.fr/cdn/shop/files/80489E8B-39CD-4E0D-9D54-F034DC2F7A78.jpg?v=1727018457&width=2048,https://nestorevintage.fr/cdn/shop/files/7AB34EC3-5166-4362-BAD1-8CF09D5A7EFC.jpg?v=1727018456&width=2048,Sweat Supreme (L),https://nestorevintage.fr/products/sweat-5,Hoodie,H/F,"[62.35294117647059, -1.0, 1.0]"
2876,https://nestorevintage.fr/cdn/shop/files/55FA112D-9057-446F-BD44-186B49CF0408.jpg?v=1727017616&width=2048,https://nestorevintage.fr/cdn/shop/files/5B133C58-B280-4F5A-A254-E4A66ECB4D38.jpg?v=1727017615&width=2048,Sweat True Religion (XL),https://nestorevintage.fr/products/sweat-3,Hoodie,H/F,"[36.470588235294116, 0.0, -10.0]"
2877,https://nestorevintage.fr/cdn/shop/files/55FA112D-9057-446F-BD44-186B49CF0408.jpg?v=1727017616&width=2048,https://nestorevintage.fr/cdn/shop/files/5B133C58-B280-4F5A-A254-E4A66ECB4D38.jpg?v=1727017615&width=2048,Sweat True Religion (XL),https://nestorevintage.fr/products/sweat-3,Hoodie,H/F,"[50.588235294117645, 0.0, -9.0]"
2878,https://nestorevintage.fr/cdn/shop/files/81DA7A54-A9FF-4DFD-BE8C-59CF53CA41E0.jpg?v=1725802417&width=2048,https://nestorevintage.fr/cdn/shop/files/16A99022-A408-4B32-9948-AB2877113DEE.jpg?v=1725802416&width=2048,Full Zip Bape (S),https://nestorevintage.fr/products/full-zip-bape,Hoodie,H/F,"[65.88235294117646, -2.0, 0.0]"
2879,https://nestorevintage.fr/cdn/shop/files/81DA7A54-A9FF-4DFD-BE8C-59CF53CA41E0.jpg?v=1725802417&width=2048,https://nestorevintage.fr/cdn/shop/files/16A99022-A408-4B32-9948-AB2877113DEE.jpg?v=1725802416&width=2048,Full Zip Bape (S),https://nestorevintage.fr/products/full-zip-bape,Hoodie,H/F,"[38.03921568627451, -6.0, -1.0]"
2880,https://nestorevintage.fr/cdn/shop/files/A85B159D-9810-4576-A4EC-18AC2EBEB7CA.jpg?v=1725801891&width=2048,https://nestorevintage.fr/cdn/shop/files/3C72AD05-B7FB-4464-AEB9-674DE8CB1117.jpg?v=1725801891&width=2048,Sweat Ed Hardy (XS),https://nestorevintage.fr/products/sweat-ed-hardy-1,Hoodie,H/F,"[8.235294117647058, 0.0, -6.0]"
2881,https://nestorevintage.fr/cdn/shop/files/FE3992FA-42C6-4128-9FC0-90B2715A136D.jpg?v=1725801521&width=2048,https://nestorevintage.fr/cdn/shop/files/5D43FCE1-CCAA-419E-A63F-374A89CF2333.jpg?v=1725801520&width=2048,Sweat Supreme (L),https://nestorevintage.fr/products/sweat-supreme-9,Hoodie,H/F,"[13.333333333333334, 0.0, -4.0]"
2882,https://nestorevintage.fr/cdn/shop/files/FE3992FA-42C6-4128-9FC0-90B2715A136D.jpg?v=1725801521&width=2048,https://nestorevintage.fr/cdn/shop/files/5D43FCE1-CCAA-419E-A63F-374A89CF2333.jpg?v=1725801520&width=2048,Sweat Supreme (L),https://nestorevintage.fr/products/sweat-supreme-9,Hoodie,H/F,"[20.784313725490197, 1.0, -4.0]"
2883,https://nestorevintage.fr/cdn/shop/files/B5CE76F1-9559-438A-A5E9-49924793003E.jpg?v=1725801249&width=2048,https://nestorevintage.fr/cdn/shop/files/4FA39E91-8D1E-47C0-A38D-870C91C752B6.jpg?v=1725801249&width=2048,Sweat Stussy (L),https://nestorevintage.fr/products/sweat-stussy-90,Hoodie,H/F,"[3.9215686274509802, 2.0, 1.0]"
2884,https://nestorevintage.fr/cdn/shop/files/055917A6-267F-48CA-87FE-973C1946E906.jpg?v=1725801192&width=2048,https://nestorevintage.fr/cdn/shop/files/A9C7CB16-E210-4068-BC47-0D77A362C0BF.jpg?v=1725801192&width=2048,Sweat Zippé Stussy (M),https://nestorevintage.fr/products/sweat-zippe-stussy-6,Hoodie,H/F,"[62.745098039215684, -8.0, -15.0]"
2885,https://nestorevintage.fr/cdn/shop/files/055917A6-267F-48CA-87FE-973C1946E906.jpg?v=1725801192&width=2048,https://nestorevintage.fr/cdn/shop/files/A9C7CB16-E210-4068-BC47-0D77A362C0BF.jpg?v=1725801192&width=2048,Sweat Zippé Stussy (M),https://nestorevintage.fr/products/sweat-zippe-stussy-6,Hoodie,H/F,"[83.13725490196079, -5.0, -6.0]"
2886,https://nestorevintage.fr/cdn/shop/files/FA74EFDC-AC45-4BBE-9D1B-328121F954D5.jpg?v=1725198183&width=2048,https://nestorevintage.fr/cdn/shop/files/A83BA83C-7235-45B4-BE04-B3B4515F428E.jpg?v=1725198182&width=2048,Sweat Bape (M),https://nestorevintage.fr/products/sweat-bape-3,Hoodie,H/F,"[55.294117647058826, 2.0, 13.0]"
2887,https://nestorevintage.fr/cdn/shop/files/FA74EFDC-AC45-4BBE-9D1B-328121F954D5.jpg?v=1725198183&width=2048,https://nestorevintage.fr/cdn/shop/files/A83BA83C-7235-45B4-BE04-B3B4515F428E.jpg?v=1725198182&width=2048,Sweat Bape (M),https://nestorevintage.fr/products/sweat-bape-3,Hoodie,H/F,"[38.03921568627451, 1.0, 11.0]"
2888,https://nestorevintage.fr/cdn/shop/files/D8FEC524-E82B-4443-9B7C-F799DB76DA97.jpg?v=1725197970&width=2048,https://nestorevintage.fr/cdn/shop/files/D2716F51-1373-468E-9D32-ADF94AC922DA.jpg?v=1725197970&width=2048,Sweat Supreme (S),https://nestorevintage.fr/products/sweat-supreme-8,Hoodie,H/F,"[73.72549019607844, -1.0, 1.0]"
2889,https://nestorevintage.fr/cdn/shop/files/D8FEC524-E82B-4443-9B7C-F799DB76DA97.jpg?v=1725197970&width=2048,https://nestorevintage.fr/cdn/shop/files/D2716F51-1373-468E-9D32-ADF94AC922DA.jpg?v=1725197970&width=2048,Sweat Supreme (S),https://nestorevintage.fr/products/sweat-supreme-8,Hoodie,H/F,"[58.43137254901961, -1.0, 2.0]"
2890,https://nestorevintage.fr/cdn/shop/files/IMG_02152.jpg?v=1722788510&width=2048,https://nestorevintage.fr/cdn/shop/files/IMG_02232.jpg?v=1722788510&width=2048,Sweat en laine C.P. Company neuf avec étiquettes,https://nestorevintage.fr/products/sweat-en-laine-c-p-company-neuf-avec-etiquettes-5,Hoodie,H/F,"[83.92156862745098, -1.0, 1.0]"
2891,https://nestorevintage.fr/cdn/shop/files/IMG_02152.jpg?v=1722788510&width=2048,https://nestorevintage.fr/cdn/shop/files/IMG_02232.jpg?v=1722788510&width=2048,Sweat en laine C.P. Company neuf avec étiquettes,https://nestorevintage.fr/products/sweat-en-laine-c-p-company-neuf-avec-etiquettes-5,Hoodie,H/F,"[71.76470588235294, -1.0, 2.0]"
2892,https://nestorevintage.fr/cdn/shop/files/IMG_02052.jpg?v=1722788404&width=2048,https://nestorevintage.fr/cdn/shop/files/IMG_02142.jpg?v=1722788404&width=2048,Sweat en laine C.P. Company neuf avec étiquettes,https://nestorevintage.fr/products/sweat-en-laine-c-p-company-neuf-avec-etiquettes-4,Hoodie,H/F,"[3.1372549019607843, 0.0, -2.0]"
2893,https://nestorevintage.fr/cdn/shop/files/IMG_01972.jpg?v=1722788337&width=2048,https://nestorevintage.fr/cdn/shop/files/IMG_02042.jpg?v=1722788337&width=2048,Sweat en laine C.P. Company neuf avec étiquettes,https://nestorevintage.fr/products/sweat-en-laine-c-p-company-neuf-avec-etiquettes-3,Hoodie,H/F,"[27.84313725490196, 0.0, 10.0]"
2894,https://nestorevintage.fr/cdn/shop/files/IMG_01972.jpg?v=1722788337&width=2048,https://nestorevintage.fr/cdn/shop/files/IMG_02042.jpg?v=1722788337&width=2048,Sweat en laine C.P. Company neuf avec étiquettes,https://nestorevintage.fr/products/sweat-en-laine-c-p-company-neuf-avec-etiquettes-3,Hoodie,H/F,"[15.686274509803921, 0.0, 8.0]"
2895,https://nestorevintage.fr/cdn/shop/files/IMG_01892.jpg?v=1722788191&width=2048,https://nestorevintage.fr/cdn/shop/files/IMG_01962.jpg?v=1722788192&width=2048,Sweat en laine C.P. Company neuf avec étiquettes,https://nestorevintage.fr/products/sweat-en-laine-c-p-company-neuf-avec-etiquettes-2,Hoodie,H/F,"[16.862745098039216, 20.0, 3.0]"
2896,https://nestorevintage.fr/cdn/shop/files/IMG_01892.jpg?v=1722788191&width=2048,https://nestorevintage.fr/cdn/shop/files/IMG_01962.jpg?v=1722788192&width=2048,Sweat en laine C.P. Company neuf avec étiquettes,https://nestorevintage.fr/products/sweat-en-laine-c-p-company-neuf-avec-etiquettes-2,Hoodie,H/F,"[8.235294117647058, 17.0, 5.0]"
2897,https://nestorevintage.fr/cdn/shop/files/3A807327-400F-4692-AB96-4BDA4D46BAB1.jpg?v=1721576051&width=2048,https://nestorevintage.fr/cdn/shop/files/2CB6AAD2-579A-4068-B73B-92EDD90C314F.jpg?v=1721576051&width=2048,Sweat Ed Hardy (M),https://nestorevintage.fr/products/sweat-ed-hardy,Hoodie,H/F,"[18.03921568627451, 0.0, -4.0]"
2898,https://nestorevintage.fr/cdn/shop/files/3A807327-400F-4692-AB96-4BDA4D46BAB1.jpg?v=1721576051&width=2048,https://nestorevintage.fr/cdn/shop/files/2CB6AAD2-579A-4068-B73B-92EDD90C314F.jpg?v=1721576051&width=2048,Sweat Ed Hardy (M),https://nestorevintage.fr/products/sweat-ed-hardy,Hoodie,H/F,"[6.2745098039215685, 0.0, -4.0]"
2899,https://nestorevintage.fr/cdn/shop/files/IMG_61533.jpg?v=1719157154&width=2048,https://nestorevintage.fr/cdn/shop/files/IMG_61573.jpg?v=1719157233&width=2048,Sweat JNCO vintage (L),https://nestorevintage.fr/products/sweat-jnco-vintage,Hoodie,H/F,"[15.686274509803921, 4.0, -8.0]"
2900,https://nestorevintage.fr/cdn/shop/files/IMG_61533.jpg?v=1719157154&width=2048,https://nestorevintage.fr/cdn/shop/files/IMG_61573.jpg?v=1719157233&width=2048,Sweat JNCO vintage (L),https://nestorevintage.fr/products/sweat-jnco-vintage,Hoodie,H/F,"[5.490196078431373, 2.0, -6.0]"
2901,https://nestorevintage.fr/cdn/shop/files/IMG_2928.jpg?v=1716220756&width=2048,https://nestorevintage.fr/cdn/shop/files/IMG_2931.jpg?v=1716220762&width=2048,Sweat Evisu (M),https://nestorevintage.fr/products/sweat-evisu-3,Hoodie,H/F,"[18.823529411764707, 0.0, -1.0]"
2902,https://nestorevintage.fr/cdn/shop/files/IMG_2928.jpg?v=1716220756&width=2048,https://nestorevintage.fr/cdn/shop/files/IMG_2931.jpg?v=1716220762&width=2048,Sweat Evisu (M),https://nestorevintage.fr/products/sweat-evisu-3,Hoodie,H/F,"[7.0588235294117645, 0.0, 0.0]"
2903,https://nestorevintage.fr/cdn/shop/files/IMG_2942.jpg?v=1716220555&width=2048,https://nestorevintage.fr/cdn/shop/files/IMG_2945.jpg?v=1716220559&width=2048,Sweat Stussy (S),https://nestorevintage.fr/products/sweat-stussy-vintage-53,Hoodie,H/F,"[60.3921568627451, -28.0, 1.0]"
2904,https://nestorevintage.fr/cdn/shop/files/IMG_2942.jpg?v=1716220555&width=2048,https://nestorevintage.fr/cdn/shop/files/IMG_2945.jpg?v=1716220559&width=2048,Sweat Stussy (S),https://nestorevintage.fr/products/sweat-stussy-vintage-53,Hoodie,H/F,"[47.84313725490196, -27.0, 1.0]"
2905,https://nestorevintage.fr/cdn/shop/files/IMG_1952.jpg?v=1715526881&width=2048,https://nestorevintage.fr/cdn/shop/files/IMG_1948.jpg?v=1715526881&width=2048,Sweat Stussy vintage (L),https://nestorevintage.fr/products/sweat-stussy-vintage-51,Hoodie,H/F,"[10.980392156862745, 1.0, -2.0]"
2906,https://nestorevintage.fr/cdn/shop/files/IMG_1952.jpg?v=1715526881&width=2048,https://nestorevintage.fr/cdn/shop/files/IMG_1948.jpg?v=1715526881&width=2048,Sweat Stussy vintage (L),https://nestorevintage.fr/products/sweat-stussy-vintage-51,Hoodie,H/F,"[4.313725490196078, -2.0, -1.0]"
2907,https://nestorevintage.fr/cdn/shop/files/IMG_98192.jpg?v=1713713360&width=2048,https://nestorevintage.fr/cdn/shop/files/IMG_98232.jpg?v=1713713366&width=2048,Sweat Evisu vintage (L),https://nestorevintage.fr/products/sweat-evisu-vintage-10,Hoodie,H/F,"[11.372549019607844, -1.0, -3.0]"
2908,https://nestorevintage.fr/cdn/shop/files/IMG_7387.jpg?v=1711900508&width=2048,https://nestorevintage.fr/cdn/shop/files/IMG_7391.jpg?v=1711900515&width=2048,Sweat full zip Bape vintage (M),https://nestorevintage.fr/products/sweat-full-zip-bape-vintage-15,Hoodie,H/F,"[12.941176470588237, -1.0, -1.0]"
2909,https://nestorevintage.fr/cdn/shop/files/IMG_5028.jpg?v=1709478378&width=2048,https://nestorevintage.fr/cdn/shop/files/IMG_50372.jpg?v=1709478390&width=2048,Sweat Bape vintage (M),https://nestorevintage.fr/products/sweat-bape-vintage-12,Hoodie,H/F,"[2.7450980392156863, 0.0, -2.0]"
2910,https://nestorevintage.fr/cdn/shop/files/IMG_2740.jpg?v=1707058642&width=2048,https://nestorevintage.fr/cdn/shop/files/IMG_2743.jpg?v=1707058651&width=2048,Sweat Stussy (L),https://nestorevintage.fr/products/veste-evisu-denim-vintage,Hoodie,H/F,"[17.647058823529413, 1.0, -9.0]"
2911,https://nestorevintage.fr/cdn/shop/files/IMG_2740.jpg?v=1707058642&width=2048,https://nestorevintage.fr/cdn/shop/files/IMG_2743.jpg?v=1707058651&width=2048,Sweat Stussy (L),https://nestorevintage.fr/products/veste-evisu-denim-vintage,Hoodie,H/F,"[8.235294117647058, 0.0, -7.0]"
2912,https://nestorevintage.fr/cdn/shop/files/IMG_5281.jpg?v=1704630249&width=2048,https://nestorevintage.fr/cdn/shop/files/IMG_5284.jpg?v=1704630252&width=2048,Sweat Bape vintage (S),https://nestorevintage.fr/products/sweat-bape-vintage-8,Hoodie,H/F,"[16.470588235294116, 0.0, -9.0]"
2913,https://nestorevintage.fr/cdn/shop/files/IMG_5281.jpg?v=1704630249&width=2048,https://nestorevintage.fr/cdn/shop/files/IMG_5284.jpg?v=1704630252&width=2048,Sweat Bape vintage (S),https://nestorevintage.fr/products/sweat-bape-vintage-8,Hoodie,H/F,"[7.0588235294117645, 0.0, -8.0]"
2914,https://nestorevintage.fr/cdn/shop/files/21A6B5EC-3D8F-403B-A5BE-F2E1EB189D38.jpg?v=1723994066&width=2048,https://nestorevintage.fr/cdn/shop/files/9B057C4F-75B9-474A-91CD-A812F63B8C7C.jpg?v=1723994065&width=2048,Jort baggy Stussy bootleg,https://nestorevintage.fr/products/jort-baggy-stussy-2,Short,H ,"[79.6078431372549, -1.0, 2.0]"
2915,https://nestorevintage.fr/cdn/shop/files/21A6B5EC-3D8F-403B-A5BE-F2E1EB189D38.jpg?v=1723994066&width=2048,https://nestorevintage.fr/cdn/shop/files/9B057C4F-75B9-474A-91CD-A812F63B8C7C.jpg?v=1723994065&width=2048,Jort baggy Stussy bootleg,https://nestorevintage.fr/products/jort-baggy-stussy-2,Short,H ,"[65.49019607843137, -1.0, 2.0]"
2916,https://nestorevintage.fr/cdn/shop/files/3AA74177-FA16-4715-BC34-2D6126DD9791.jpg?v=1723993998&width=2048,https://nestorevintage.fr/cdn/shop/files/72CBD167-2D44-4B67-B564-E2684A2256CE.jpg?v=1723993998&width=2048,Jort baggy Paco (S),https://nestorevintage.fr/products/jort-baggy-fubu-11,Short,H ,"[50.588235294117645, -3.0, 1.0]"
2917,https://nestorevintage.fr/cdn/shop/files/3AA74177-FA16-4715-BC34-2D6126DD9791.jpg?v=1723993998&width=2048,https://nestorevintage.fr/cdn/shop/files/72CBD167-2D44-4B67-B564-E2684A2256CE.jpg?v=1723993998&width=2048,Jort baggy Paco (S),https://nestorevintage.fr/products/jort-baggy-fubu-11,Short,H ,"[68.23529411764706, -3.0, 1.0]"
2918,https://nestorevintage.fr/cdn/shop/files/3AA74177-FA16-4715-BC34-2D6126DD9791.jpg?v=1723993998&width=2048,https://nestorevintage.fr/cdn/shop/files/72CBD167-2D44-4B67-B564-E2684A2256CE.jpg?v=1723993998&width=2048,Jort baggy Paco (S),https://nestorevintage.fr/products/jort-baggy-fubu-11,Short,H ,"[31.76470588235294, -3.0, -1.0]"
2919,https://nestorevintage.fr/cdn/shop/files/D88A00E7-2925-4DA2-A1EB-6B366E980647.jpg?v=1723993939&width=2048,https://nestorevintage.fr/cdn/shop/files/9EE1B893-B325-4851-AF68-402C9371D12D.jpg?v=1723993938&width=2048,Jort baggy Fubu (S),https://nestorevintage.fr/products/jort-baggy-40,Short,H ,"[23.137254901960784, -4.0, -10.0]"
2920,https://nestorevintage.fr/cdn/shop/files/D88A00E7-2925-4DA2-A1EB-6B366E980647.jpg?v=1723993939&width=2048,https://nestorevintage.fr/cdn/shop/files/9EE1B893-B325-4851-AF68-402C9371D12D.jpg?v=1723993938&width=2048,Jort baggy Fubu (S),https://nestorevintage.fr/products/jort-baggy-40,Short,H ,"[41.17647058823529, -3.0, -7.0]"
2921,https://nestorevintage.fr/cdn/shop/files/4B0A9CB0-17C2-46DD-AE9D-3EEEBECFD922.jpg?v=1723993668&width=2048,https://nestorevintage.fr/cdn/shop/files/8C677D86-8046-4627-9499-01D592DF91C6.jpg?v=1723993668&width=2048,Jort baggy Evisu Kuro (XL),https://nestorevintage.fr/products/jort-baggy-evisu-kuro,Short,H ,"[10.196078431372548, -2.0, -9.0]"
2922,https://nestorevintage.fr/cdn/shop/files/04A6B4CE-C0D6-4B01-9EF5-BACFDEB264A3.jpg?v=1723993624&width=2048,https://nestorevintage.fr/cdn/shop/files/304B5B96-C8B8-4E22-8756-064E3D627C23.jpg?v=1723993624&width=2048,Jort baggy Evisu Kuro (S),https://nestorevintage.fr/products/jort-baggy-38,Short,H ,"[6.2745098039215685, 0.0, -2.0]"
2923,https://nestorevintage.fr/cdn/shop/files/83BE967C-4C84-48DF-AF9B-95F2CC8F003C.jpg?v=1723993557&width=2048,https://nestorevintage.fr/cdn/shop/files/CCBB494F-7267-4D3E-9D19-B2D92A6D94A8.jpg?v=1723993556&width=2048,Jort baggy Big Train (XL),https://nestorevintage.fr/products/jort-baggy-37,Short,H ,"[16.470588235294116, -2.0, -2.0]"
2924,https://nestorevintage.fr/cdn/shop/files/1068DE9B-2D9D-415C-8DB1-D8E6292F0465.jpg?v=1723993487&width=2048,https://nestorevintage.fr/cdn/shop/files/D2BA84DA-60CB-4127-A867-F52101218632.jpg?v=1723993487&width=2048,Jort baggy Ecko (XL),https://nestorevintage.fr/products/jort-baggy-36,Short,H ,"[51.76470588235295, -1.0, 2.0]"
2925,https://nestorevintage.fr/cdn/shop/files/1068DE9B-2D9D-415C-8DB1-D8E6292F0465.jpg?v=1723993487&width=2048,https://nestorevintage.fr/cdn/shop/files/D2BA84DA-60CB-4127-A867-F52101218632.jpg?v=1723993487&width=2048,Jort baggy Ecko (XL),https://nestorevintage.fr/products/jort-baggy-36,Short,H ,"[72.54901960784314, -1.0, 2.0]"
2926,https://nestorevintage.fr/cdn/shop/files/D285CBDB-A925-4A29-BDF8-3DA982CE2CDF.jpg?v=1723993430&width=2048,https://nestorevintage.fr/cdn/shop/files/0E6F0834-2974-4A16-B6A0-C247B0644DF7.jpg?v=1723993431&width=2048,Jort baggy Southpole (M),https://nestorevintage.fr/products/jort-baggy-35,Short,H ,"[50.19607843137255, -7.0, -16.0]"
2927,https://nestorevintage.fr/cdn/shop/files/D285CBDB-A925-4A29-BDF8-3DA982CE2CDF.jpg?v=1723993430&width=2048,https://nestorevintage.fr/cdn/shop/files/0E6F0834-2974-4A16-B6A0-C247B0644DF7.jpg?v=1723993431&width=2048,Jort baggy Southpole (M),https://nestorevintage.fr/products/jort-baggy-35,Short,H ,"[67.45098039215686, -7.0, -15.0]"
2928,https://nestorevintage.fr/cdn/shop/files/D285CBDB-A925-4A29-BDF8-3DA982CE2CDF.jpg?v=1723993430&width=2048,https://nestorevintage.fr/cdn/shop/files/0E6F0834-2974-4A16-B6A0-C247B0644DF7.jpg?v=1723993431&width=2048,Jort baggy Southpole (M),https://nestorevintage.fr/products/jort-baggy-35,Short,H ,"[32.15686274509804, -5.0, -16.0]"
2929,https://nestorevintage.fr/cdn/shop/files/8175E8B0-5A91-4777-9D31-0F5137F6513A.jpg?v=1723393155&width=2048,https://nestorevintage.fr/cdn/shop/files/CD765913-556C-407C-B025-E79E1507F2AA.jpg?v=1723393156&width=2048,Jort baggy Bape (S),https://nestorevintage.fr/products/jort-baggy-bape-12,Short,H ,"[25.098039215686274, -2.0, -12.0]"
2930,https://nestorevintage.fr/cdn/shop/files/8175E8B0-5A91-4777-9D31-0F5137F6513A.jpg?v=1723393155&width=2048,https://nestorevintage.fr/cdn/shop/files/CD765913-556C-407C-B025-E79E1507F2AA.jpg?v=1723393156&width=2048,Jort baggy Bape (S),https://nestorevintage.fr/products/jort-baggy-bape-12,Short,H ,"[48.23529411764706, -2.0, -8.0]"
2931,https://nestorevintage.fr/cdn/shop/files/E4D21954-9250-42D4-A85C-EF01AC8AA4CA.jpg?v=1723392670&width=2048,https://nestorevintage.fr/cdn/shop/files/5BBF594F-CB00-44D5-B412-590923F8049F.jpg?v=1723392671&width=2048,Jort baggy Ed Hardy (XL),https://nestorevintage.fr/products/jort-baggy-ed-hardy-6,Short,H ,"[31.76470588235294, -3.0, -8.0]"
2932,https://nestorevintage.fr/cdn/shop/files/E4D21954-9250-42D4-A85C-EF01AC8AA4CA.jpg?v=1723392670&width=2048,https://nestorevintage.fr/cdn/shop/files/5BBF594F-CB00-44D5-B412-590923F8049F.jpg?v=1723392671&width=2048,Jort baggy Ed Hardy (XL),https://nestorevintage.fr/products/jort-baggy-ed-hardy-6,Short,H ,"[61.568627450980394, -4.0, -3.0]"
2933,https://nestorevintage.fr/cdn/shop/files/1D7CA8BA-A6B6-4B78-A6A2-F37E71950C33.jpg?v=1723392620&width=2048,https://nestorevintage.fr/cdn/shop/files/F60B5466-3A82-48CE-A0D0-EDC2698EAF09.jpg?v=1723392621&width=2048,Jort baggy Ed Hardy deadstock (XL),https://nestorevintage.fr/products/jort-baggy-ed-hardy-5,Short,H ,"[9.019607843137255, 0.0, -5.0]"
2934,https://nestorevintage.fr/cdn/shop/files/1D7CA8BA-A6B6-4B78-A6A2-F37E71950C33.jpg?v=1723392620&width=2048,https://nestorevintage.fr/cdn/shop/files/F60B5466-3A82-48CE-A0D0-EDC2698EAF09.jpg?v=1723392621&width=2048,Jort baggy Ed Hardy deadstock (XL),https://nestorevintage.fr/products/jort-baggy-ed-hardy-5,Short,H ,"[28.235294117647058, 1.0, -2.0]"
2935,https://nestorevintage.fr/cdn/shop/files/D9107F67-CD92-4935-9C60-B1B9F646A192.jpg?v=1723392552&width=2048,https://nestorevintage.fr/cdn/shop/files/50736F0A-F225-4200-B731-7C990FCB19A0.jpg?v=1723392552&width=2048,Jort baggy Christian Audigier (S),https://nestorevintage.fr/products/jort,Short,H ,"[12.941176470588237, -3.0, -8.0]"
2936,https://nestorevintage.fr/cdn/shop/files/D9107F67-CD92-4935-9C60-B1B9F646A192.jpg?v=1723392552&width=2048,https://nestorevintage.fr/cdn/shop/files/50736F0A-F225-4200-B731-7C990FCB19A0.jpg?v=1723392552&width=2048,Jort baggy Christian Audigier (S),https://nestorevintage.fr/products/jort,Short,H ,"[37.64705882352941, -4.0, -4.0]"
2937,https://nestorevintage.fr/cdn/shop/files/0FBD934F-6642-434B-9268-928D754765AD.jpg?v=1723392340&width=2048,https://nestorevintage.fr/cdn/shop/files/91487A48-D49D-466E-A319-4AB8E69CB899.jpg?v=1723392340&width=2048,Jupe Evisu Seagull (S),https://nestorevintage.fr/products/jort-baggy-32,Short,H ,"[43.13725490196079, -4.0, -8.0]"
2938,https://nestorevintage.fr/cdn/shop/files/0FBD934F-6642-434B-9268-928D754765AD.jpg?v=1723392340&width=2048,https://nestorevintage.fr/cdn/shop/files/91487A48-D49D-466E-A319-4AB8E69CB899.jpg?v=1723392340&width=2048,Jupe Evisu Seagull (S),https://nestorevintage.fr/products/jort-baggy-32,Short,H ,"[20.784313725490197, -3.0, -8.0]"
2939,https://nestorevintage.fr/cdn/shop/files/269DE17A-DF42-41B3-A599-4D80463B5B0D.jpg?v=1723392258&width=2048,https://nestorevintage.fr/cdn/shop/files/A9B789A5-45DD-4373-A1A8-80F2FEF7F6A7.jpg?v=1723392258&width=2048,Jort baggy daicock Evisu (XL),https://nestorevintage.fr/products/jort-baggy-daicock-evisu-8,Short,H ,"[5.490196078431373, 2.0, -5.0]"
2940,https://nestorevintage.fr/cdn/shop/files/D52DBFBD-B145-46E5-94B4-42B84D32007A.jpg?v=1723392195&width=2048,https://nestorevintage.fr/cdn/shop/files/C1CDBF8E-B064-4D74-8E1C-E2F944965525.jpg?v=1723392195&width=2048,Jort baggy daicock Evisu (S),https://nestorevintage.fr/products/jort-baggy-seagull-evisu-5,Short,H ,"[12.941176470588237, -3.0, -8.0]"
2941,https://nestorevintage.fr/cdn/shop/files/D52DBFBD-B145-46E5-94B4-42B84D32007A.jpg?v=1723392195&width=2048,https://nestorevintage.fr/cdn/shop/files/C1CDBF8E-B064-4D74-8E1C-E2F944965525.jpg?v=1723392195&width=2048,Jort baggy daicock Evisu (S),https://nestorevintage.fr/products/jort-baggy-seagull-evisu-5,Short,H ,"[78.43137254901961, -4.0, 55.0]"
2942,https://nestorevintage.fr/cdn/shop/files/67CC4D31-BD26-4E09-BEF9-549BC39B23CE.jpg?v=1723392111&width=2048,https://nestorevintage.fr/cdn/shop/files/0770AAE2-23A6-4CB4-BCD9-99AD8C96DB69.jpg?v=1723392111&width=2048,Jort baggy Seagull Evisu (M),https://nestorevintage.fr/products/jort-baggy-seagull-evisu-4,Short,H ,"[18.03921568627451, -5.0, -14.0]"
2943,https://nestorevintage.fr/cdn/shop/files/67CC4D31-BD26-4E09-BEF9-549BC39B23CE.jpg?v=1723392111&width=2048,https://nestorevintage.fr/cdn/shop/files/0770AAE2-23A6-4CB4-BCD9-99AD8C96DB69.jpg?v=1723392111&width=2048,Jort baggy Seagull Evisu (M),https://nestorevintage.fr/products/jort-baggy-seagull-evisu-4,Short,H ,"[34.509803921568626, -6.0, -13.0]"
2944,https://nestorevintage.fr/cdn/shop/files/799AB763-BC9B-4336-90BF-BBA4DCFE3E21.jpg?v=1723392066&width=2048,https://nestorevintage.fr/cdn/shop/files/F10C4F30-94F2-4211-ADC8-7D3367B2780B.jpg?v=1723392066&width=2048,Jort baggy Seagull Evisu (S),https://nestorevintage.fr/products/jort-baggy-seagull-evisu-3,Short,H ,"[9.019607843137255, -2.0, -8.0]"
2945,https://nestorevintage.fr/cdn/shop/files/IMG_01264.jpg?v=1722780526&width=2048,https://nestorevintage.fr/cdn/shop/files/IMG_01253.jpg?v=1722780526&width=2048,Jort baggy HipHop (L),https://nestorevintage.fr/products/jort-baggy-30,Short,H ,"[75.29411764705883, -2.0, 1.0]"
2946,https://nestorevintage.fr/cdn/shop/files/IMG_01264.jpg?v=1722780526&width=2048,https://nestorevintage.fr/cdn/shop/files/IMG_01253.jpg?v=1722780526&width=2048,Jort baggy HipHop (L),https://nestorevintage.fr/products/jort-baggy-30,Short,H ,"[58.03921568627452, -2.0, 2.0]"
2947,https://nestorevintage.fr/cdn/shop/files/IMG_00923.jpg?v=1722780457&width=2048,https://nestorevintage.fr/cdn/shop/files/IMG_00953.jpg?v=1722780457&width=2048,Jort baggy Selvedge (2XL),https://nestorevintage.fr/products/jort-baggy-selvedge-2,Short,H ,"[11.372549019607844, -1.0, -3.0]"
2948,https://nestorevintage.fr/cdn/shop/files/IMG_00923.jpg?v=1722780457&width=2048,https://nestorevintage.fr/cdn/shop/files/IMG_00953.jpg?v=1722780457&width=2048,Jort baggy Selvedge (2XL),https://nestorevintage.fr/products/jort-baggy-selvedge-2,Short,H ,"[31.372549019607842, -2.0, -2.0]"
2949,https://nestorevintage.fr/cdn/shop/files/IMG_01144.jpg?v=1722780366&width=2048,https://nestorevintage.fr/cdn/shop/files/IMG_01174.jpg?v=1722780366&width=2048,Jort baggy Nippon Blue (M),https://nestorevintage.fr/products/jort-baggy-29,Short,H ,"[7.450980392156863, 0.0, -3.0]"
2950,https://nestorevintage.fr/cdn/shop/files/IMG_01094.jpg?v=1722780295&width=2048,https://nestorevintage.fr/cdn/shop/files/IMG_01124.jpg?v=1722780295&width=2048,Jort baggy Ed Hardy (M),https://nestorevintage.fr/products/jort-baggy-28,Short,H ,"[7.0588235294117645, -2.0, -3.0]"
2951,https://nestorevintage.fr/cdn/shop/files/IMG_01094.jpg?v=1722780295&width=2048,https://nestorevintage.fr/cdn/shop/files/IMG_01124.jpg?v=1722780295&width=2048,Jort baggy Ed Hardy (M),https://nestorevintage.fr/products/jort-baggy-28,Short,H ,"[24.705882352941178, -1.0, -1.0]"
2952,https://nestorevintage.fr/cdn/shop/files/IMG_00993.jpg?v=1722780167&width=2048,https://nestorevintage.fr/cdn/shop/files/IMG_01023.jpg?v=1722780167&width=2048,Jort baggy Evisu (M),https://nestorevintage.fr/products/jort-baggy-evisu-7,Short,H ,"[7.0588235294117645, 0.0, -10.0]"
2953,https://nestorevintage.fr/cdn/shop/files/IMG_01043.jpg?v=1722780126&width=2048,https://nestorevintage.fr/cdn/shop/files/IMG_01053.jpg?v=1722780127&width=2048,Jort baggy Evisu (M),https://nestorevintage.fr/products/jort-baggy-evisu-6,Short,H ,"[7.8431372549019605, 0.0, -7.0]"
2954,https://nestorevintage.fr/cdn/shop/files/IMG_01294.jpg?v=1722780072&width=2048,https://nestorevintage.fr/cdn/shop/files/IMG_01323.jpg?v=1722780072&width=2048,Jort baggy JNCO (M),https://nestorevintage.fr/products/jort-baggy-jnco-15,Short,H ,"[13.725490196078432, -3.0, -2.0]"
2955,https://nestorevintage.fr/cdn/shop/files/IMG_01294.jpg?v=1722780072&width=2048,https://nestorevintage.fr/cdn/shop/files/IMG_01323.jpg?v=1722780072&width=2048,Jort baggy JNCO (M),https://nestorevintage.fr/products/jort-baggy-jnco-15,Short,H ,"[32.549019607843135, -2.0, -1.0]"
2956,https://nestorevintage.fr/cdn/shop/files/IMG_01203.jpg?v=1722780012&width=2048,https://nestorevintage.fr/cdn/shop/files/IMG_01233.jpg?v=1722780012&width=2048,Jort baggy Fat Albert (XL),https://nestorevintage.fr/products/jort-baggy-fat-albert,Short,H ,"[20.392156862745097, 1.0, -22.0]"
2957,https://nestorevintage.fr/cdn/shop/files/IMG_01203.jpg?v=1722780012&width=2048,https://nestorevintage.fr/cdn/shop/files/IMG_01233.jpg?v=1722780012&width=2048,Jort baggy Fat Albert (XL),https://nestorevintage.fr/products/jort-baggy-fat-albert,Short,H ,"[39.21568627450981, -2.0, -21.0]"
2958,https://nestorevintage.fr/cdn/shop/files/IMG_01353.jpg?v=1722779951&width=2048,https://nestorevintage.fr/cdn/shop/files/IMG_01373.jpg?v=1722779952&width=2048,Jupe Evisu (L femme),https://nestorevintage.fr/products/jupe-evisu-1,Short,H ,"[21.176470588235293, -2.0, -14.0]"
2959,https://nestorevintage.fr/cdn/shop/files/IMG_01353.jpg?v=1722779951&width=2048,https://nestorevintage.fr/cdn/shop/files/IMG_01373.jpg?v=1722779952&width=2048,Jupe Evisu (L femme),https://nestorevintage.fr/products/jupe-evisu-1,Short,H ,"[43.529411764705884, -3.0, -12.0]"
2960,https://nestorevintage.fr/cdn/shop/files/D062086D-CE23-4A6A-A1CA-31EA50CCE2C2.jpg?v=1722176504&width=2048,https://nestorevintage.fr/cdn/shop/files/76112C61-1D6C-40DE-8636-10FB5F44171B.jpg?v=1722176505&width=2048,Jupe Evisu (M femme),https://nestorevintage.fr/products/jupe-evisu,Short,H ,"[8.235294117647058, 2.0, -13.0]"
2961,https://nestorevintage.fr/cdn/shop/files/D062086D-CE23-4A6A-A1CA-31EA50CCE2C2.jpg?v=1722176504&width=2048,https://nestorevintage.fr/cdn/shop/files/76112C61-1D6C-40DE-8636-10FB5F44171B.jpg?v=1722176505&width=2048,Jupe Evisu (M femme),https://nestorevintage.fr/products/jupe-evisu,Short,H ,"[26.27450980392157, 1.0, -7.0]"
2962,https://nestorevintage.fr/cdn/shop/files/7E36EE12-28C1-4AB7-B340-9BDF0AD8431C.jpg?v=1722176279&width=2048,https://nestorevintage.fr/cdn/shop/files/3C666A60-248A-48A0-90FD-8AC9EE336B03.jpg?v=1722176278&width=2048,Short baggy SOHK (M),https://nestorevintage.fr/products/short-baggy-sohk,Short,H ,"[27.058823529411764, 3.0, -8.0]"
2963,https://nestorevintage.fr/cdn/shop/files/7E36EE12-28C1-4AB7-B340-9BDF0AD8431C.jpg?v=1722176279&width=2048,https://nestorevintage.fr/cdn/shop/files/3C666A60-248A-48A0-90FD-8AC9EE336B03.jpg?v=1722176278&width=2048,Short baggy SOHK (M),https://nestorevintage.fr/products/short-baggy-sohk,Short,H ,"[14.117647058823529, 2.0, -7.0]"
2964,https://nestorevintage.fr/cdn/shop/files/E2990823-2B0D-4A1D-BF09-C7083100EF22.jpg?v=1722176163&width=2048,https://nestorevintage.fr/cdn/shop/files/38560F70-4BA0-4092-B9A3-D5F6744B8A0B.jpg?v=1722176163&width=2048,Jort baggy SOHK (L),https://nestorevintage.fr/products/jort-baggy-27,Short,H ,"[7.0588235294117645, 4.0, -12.0]"
2965,https://nestorevintage.fr/cdn/shop/files/E2990823-2B0D-4A1D-BF09-C7083100EF22.jpg?v=1722176163&width=2048,https://nestorevintage.fr/cdn/shop/files/38560F70-4BA0-4092-B9A3-D5F6744B8A0B.jpg?v=1722176163&width=2048,Jort baggy SOHK (L),https://nestorevintage.fr/products/jort-baggy-27,Short,H ,"[20.392156862745097, 2.0, -11.0]"
2966,https://nestorevintage.fr/cdn/shop/files/B8F828EC-2A88-4342-ADC8-27D9810C4339.jpg?v=1722175986&width=2048,https://nestorevintage.fr/cdn/shop/files/966FCE99-FD8D-4C0C-895A-0E1FBA943AEB.jpg?v=1722175985&width=2048,Jort baggy Fat Albert (L),https://nestorevintage.fr/products/jort-baggy-26,Short,H ,"[21.176470588235293, -1.0, -17.0]"
2967,https://nestorevintage.fr/cdn/shop/files/B8F828EC-2A88-4342-ADC8-27D9810C4339.jpg?v=1722175986&width=2048,https://nestorevintage.fr/cdn/shop/files/966FCE99-FD8D-4C0C-895A-0E1FBA943AEB.jpg?v=1722175985&width=2048,Jort baggy Fat Albert (L),https://nestorevintage.fr/products/jort-baggy-26,Short,H ,"[38.82352941176471, -4.0, -17.0]"
2968,https://nestorevintage.fr/cdn/shop/files/754EDA0B-D785-4B58-83C1-0D5C5EA6DDCA.jpg?v=1722175916&width=2048,https://nestorevintage.fr/cdn/shop/files/02A10CB9-11DE-48F1-95EC-02D0FD3833E5.jpg?v=1722175916&width=2048,Jort baggy Evisu (XL),https://nestorevintage.fr/products/jort-baggy-evisu-5,Short,H ,"[11.372549019607844, -1.0, -8.0]"
2969,https://nestorevintage.fr/cdn/shop/files/B4E930E0-88E3-4A80-98B4-ECE226103611.jpg?v=1722175708&width=2048,https://nestorevintage.fr/cdn/shop/files/16071C16-D22C-4349-AA2D-3081E7BC21D7.jpg?v=1722175708&width=2048,Jort baggy Selvedge multipocket (2XL),https://nestorevintage.fr/products/jort-baggy-selvedge-1,Short,H ,"[9.411764705882353, 0.0, -3.0]"
2970,https://nestorevintage.fr/cdn/shop/files/B4E930E0-88E3-4A80-98B4-ECE226103611.jpg?v=1722175708&width=2048,https://nestorevintage.fr/cdn/shop/files/16071C16-D22C-4349-AA2D-3081E7BC21D7.jpg?v=1722175708&width=2048,Jort baggy Selvedge multipocket (2XL),https://nestorevintage.fr/products/jort-baggy-selvedge-1,Short,H ,"[28.235294117647058, -1.0, -1.0]"
2971,https://nestorevintage.fr/cdn/shop/files/A4D6E8E1-F648-414B-854F-BBFC34AF49B3.jpg?v=1722175584&width=2048,https://nestorevintage.fr/cdn/shop/files/3D525DEC-25DE-4709-BFB1-DBE06A6D95D7.jpg?v=1722175584&width=2048,Jort baggy Selvedge (L),https://nestorevintage.fr/products/jort-baggy-selvedge,Short,H ,"[6.666666666666667, -2.0, 0.0]"
2972,https://nestorevintage.fr/cdn/shop/files/F1FEFB7A-CCC3-420F-A29E-ED1DBD72BF3F.jpg?v=1722175524&width=2048,https://nestorevintage.fr/cdn/shop/files/7BF76D80-A74D-46CC-9939-D2200A7AE76F.jpg?v=1722175523&width=2048,Jort baggy Selvedge (M),https://nestorevintage.fr/products/jort-baggy-24,Short,H ,"[6.666666666666667, 0.0, -3.0]"
2973,https://nestorevintage.fr/cdn/shop/files/F1FEFB7A-CCC3-420F-A29E-ED1DBD72BF3F.jpg?v=1722175524&width=2048,https://nestorevintage.fr/cdn/shop/files/7BF76D80-A74D-46CC-9939-D2200A7AE76F.jpg?v=1722175523&width=2048,Jort baggy Selvedge (M),https://nestorevintage.fr/products/jort-baggy-24,Short,H ,"[23.52941176470588, 0.0, 0.0]"
2974,https://nestorevintage.fr/cdn/shop/files/IMG_8861.jpg?v=1721577533&width=2048,https://nestorevintage.fr/cdn/shop/files/IMG_8864.jpg?v=1721577532&width=2048,Jort baggy RMC (S),https://nestorevintage.fr/products/jort-baggy-rmc-3,Short,H ,"[9.803921568627452, 2.0, -12.0]"
2975,https://nestorevintage.fr/cdn/shop/files/IMG_8856.jpg?v=1721577492&width=2048,https://nestorevintage.fr/cdn/shop/files/IMG_8859.jpg?v=1721577491&width=2048,Jort baggy RMC (S),https://nestorevintage.fr/products/jort-baggy-rmc-2,Short,H ,"[6.666666666666667, 2.0, -9.0]"
2976,https://nestorevintage.fr/cdn/shop/files/IMG_8856.jpg?v=1721577492&width=2048,https://nestorevintage.fr/cdn/shop/files/IMG_8859.jpg?v=1721577491&width=2048,Jort baggy RMC (S),https://nestorevintage.fr/products/jort-baggy-rmc-2,Short,H ,"[29.411764705882355, 0.0, -6.0]"
2977,https://nestorevintage.fr/cdn/shop/files/IMG_88502.jpg?v=1721577447&width=2048,https://nestorevintage.fr/cdn/shop/files/IMG_8853.jpg?v=1721577447&width=2048,Jort baggy Bape (S),https://nestorevintage.fr/products/jort-baggy-bape-11,Short,H ,"[23.52941176470588, -4.0, -9.0]"
2978,https://nestorevintage.fr/cdn/shop/files/IMG_88502.jpg?v=1721577447&width=2048,https://nestorevintage.fr/cdn/shop/files/IMG_8853.jpg?v=1721577447&width=2048,Jort baggy Bape (S),https://nestorevintage.fr/products/jort-baggy-bape-11,Short,H ,"[43.92156862745098, -4.0, -7.0]"
2979,https://nestorevintage.fr/cdn/shop/files/IMG_88342.jpg?v=1721577328&width=2048,https://nestorevintage.fr/cdn/shop/files/IMG_88372.jpg?v=1721577328&width=2048,Jort baggy Coogi (L),https://nestorevintage.fr/products/jort-baggy-coogi-2,Short,H ,"[14.901960784313726, -1.0, -3.0]"
2980,https://nestorevintage.fr/cdn/shop/files/IMG_88342.jpg?v=1721577328&width=2048,https://nestorevintage.fr/cdn/shop/files/IMG_88372.jpg?v=1721577328&width=2048,Jort baggy Coogi (L),https://nestorevintage.fr/products/jort-baggy-coogi-2,Short,H ,"[32.15686274509804, 0.0, -1.0]"
2981,https://nestorevintage.fr/cdn/shop/files/IMG_8808.jpg?v=1721577080&width=2048,https://nestorevintage.fr/cdn/shop/files/IMG_8810.jpg?v=1721577080&width=2048,Jort baggy Fubu fat albert (M),https://nestorevintage.fr/products/jort-baggy-fubu-fat-albert,Short,H ,"[19.215686274509807, 0.0, -19.0]"
2982,https://nestorevintage.fr/cdn/shop/files/IMG_8808.jpg?v=1721577080&width=2048,https://nestorevintage.fr/cdn/shop/files/IMG_8810.jpg?v=1721577080&width=2048,Jort baggy Fubu fat albert (M),https://nestorevintage.fr/products/jort-baggy-fubu-fat-albert,Short,H ,"[36.86274509803922, -3.0, -19.0]"
2983,https://nestorevintage.fr/cdn/shop/files/IMG_8797.jpg?v=1721576987&width=2048,https://nestorevintage.fr/cdn/shop/files/IMG_8800.jpg?v=1721576986&width=2048,Jort baggy JNCO (M),https://nestorevintage.fr/products/jort-baggy-jnco-14,Short,H ,"[10.980392156862745, -2.0, -3.0]"
2984,https://nestorevintage.fr/cdn/shop/files/IMG_8797.jpg?v=1721576987&width=2048,https://nestorevintage.fr/cdn/shop/files/IMG_8800.jpg?v=1721576986&width=2048,Jort baggy JNCO (M),https://nestorevintage.fr/products/jort-baggy-jnco-14,Short,H ,"[29.80392156862745, -2.0, -3.0]"
2985,https://nestorevintage.fr/cdn/shop/files/IMG_8830.jpg?v=1721576827&width=2048,https://nestorevintage.fr/cdn/shop/files/IMG_88322.jpg?v=1721576827&width=2048,Jort baggy Evisu daicock (S),https://nestorevintage.fr/products/jort-baggy-evisu-seagull-8,Short,H ,"[8.235294117647058, 0.0, -6.0]"
2986,https://nestorevintage.fr/cdn/shop/files/8580D5CD-DF3C-4687-9452-AA20D1823CA7.jpg?v=1720364819&width=2048,https://nestorevintage.fr/cdn/shop/files/006C8A66-CE31-471E-A60A-F54A19A7534A.jpg?v=1720364819&width=2048,Jort baggy jnco (S),https://nestorevintage.fr/products/jort-baggy-jnco-13,Short,H ,"[35.68627450980392, -2.0, -1.0]"
2987,https://nestorevintage.fr/cdn/shop/files/8580D5CD-DF3C-4687-9452-AA20D1823CA7.jpg?v=1720364819&width=2048,https://nestorevintage.fr/cdn/shop/files/006C8A66-CE31-471E-A60A-F54A19A7534A.jpg?v=1720364819&width=2048,Jort baggy jnco (S),https://nestorevintage.fr/products/jort-baggy-jnco-13,Short,H ,"[20.392156862745097, -3.0, -3.0]"
2988,https://nestorevintage.fr/cdn/shop/files/1BB796E5-4034-4C3B-8EFA-2C1B7D2D1BE5.jpg?v=1720363907&width=2048,https://nestorevintage.fr/cdn/shop/files/5FE60834-6058-47F4-892D-467782785B25.jpg?v=1720363907&width=2048,Jort baggy Evisu seagull (XL),https://nestorevintage.fr/products/jort-baggy-evisu-seagull-3,Short,H ,"[6.2745098039215685, 2.0, -10.0]"
2989,https://nestorevintage.fr/cdn/shop/files/4215EB37-B78B-45D1-8F3D-6B2883180B66.jpg?v=1720363785&width=2048,https://nestorevintage.fr/cdn/shop/files/46FCD15E-2DBC-4DC8-B2AD-4F6ABCC774D7.jpg?v=1720363785&width=2048,Jort baggy Evisu daicock (S),https://nestorevintage.fr/products/jort-baggy-evisu-4,Short,H ,"[11.372549019607844, 0.0, -8.0]"
2990,https://nestorevintage.fr/cdn/shop/files/4215EB37-B78B-45D1-8F3D-6B2883180B66.jpg?v=1720363785&width=2048,https://nestorevintage.fr/cdn/shop/files/46FCD15E-2DBC-4DC8-B2AD-4F6ABCC774D7.jpg?v=1720363785&width=2048,Jort baggy Evisu daicock (S),https://nestorevintage.fr/products/jort-baggy-evisu-4,Short,H ,"[38.03921568627451, 48.0, 19.0]"
2991,https://nestorevintage.fr/cdn/shop/files/0628AB49-0567-4720-9E23-010C1063DB5F.jpg?v=1720363438&width=2048,https://nestorevintage.fr/cdn/shop/files/319064C0-7890-45EB-9CCE-ECE4A5943E6D.jpg?v=1720363438&width=2048,Jort baggy Ed Hardy (XL),https://nestorevintage.fr/products/jort-baggy-ed-hardy-4,Short,H ,"[15.294117647058824, 1.0, -1.0]"
2992,https://nestorevintage.fr/cdn/shop/files/0628AB49-0567-4720-9E23-010C1063DB5F.jpg?v=1720363438&width=2048,https://nestorevintage.fr/cdn/shop/files/319064C0-7890-45EB-9CCE-ECE4A5943E6D.jpg?v=1720363438&width=2048,Jort baggy Ed Hardy (XL),https://nestorevintage.fr/products/jort-baggy-ed-hardy-4,Short,H ,"[34.11764705882353, 6.0, 2.0]"
2993,https://nestorevintage.fr/cdn/shop/files/IMG_6802.jpg?v=1719763060&width=2048,https://nestorevintage.fr/cdn/shop/files/IMG_6805.jpg?v=1719763064&width=2048,Jort baggy Evisu daicock (L),https://nestorevintage.fr/products/jort-baggy-evisu-daicock-2,Short,H ,"[21.568627450980394, -2.0, -17.0]"
2994,https://nestorevintage.fr/cdn/shop/files/IMG_6802.jpg?v=1719763060&width=2048,https://nestorevintage.fr/cdn/shop/files/IMG_6805.jpg?v=1719763064&width=2048,Jort baggy Evisu daicock (L),https://nestorevintage.fr/products/jort-baggy-evisu-daicock-2,Short,H ,"[45.09803921568628, -4.0, -10.0]"
2995,https://nestorevintage.fr/cdn/shop/files/IMG_6802.jpg?v=1719763060&width=2048,https://nestorevintage.fr/cdn/shop/files/IMG_6805.jpg?v=1719763064&width=2048,Jort baggy Evisu daicock (L),https://nestorevintage.fr/products/jort-baggy-evisu-daicock-2,Short,H ,"[81.96078431372548, -7.0, 21.0]"
2996,https://nestorevintage.fr/cdn/shop/files/IMG_6755.jpg?v=1719762360&width=2048,https://nestorevintage.fr/cdn/shop/files/IMG_6757.jpg?v=1719762364&width=2048,Jort baggy JNCO (XL),https://nestorevintage.fr/products/jort-baggy-jnco-12,Short,H ,"[45.09803921568628, -3.0, 0.0]"
2997,https://nestorevintage.fr/cdn/shop/files/IMG_6755.jpg?v=1719762360&width=2048,https://nestorevintage.fr/cdn/shop/files/IMG_6757.jpg?v=1719762364&width=2048,Jort baggy JNCO (XL),https://nestorevintage.fr/products/jort-baggy-jnco-12,Short,H ,"[65.49019607843137, -3.0, 1.0]"
2998,https://nestorevintage.fr/cdn/shop/files/IMG_6760.jpg?v=1719762290&width=2048,https://nestorevintage.fr/cdn/shop/files/IMG_6763.jpg?v=1719762294&width=2048,Jort baggy JNCO (S),https://nestorevintage.fr/products/jort-baggy-jnco-11,Short,H ,"[20.784313725490197, -4.0, -5.0]"
2999,https://nestorevintage.fr/cdn/shop/files/IMG_6760.jpg?v=1719762290&width=2048,https://nestorevintage.fr/cdn/shop/files/IMG_6763.jpg?v=1719762294&width=2048,Jort baggy JNCO (S),https://nestorevintage.fr/products/jort-baggy-jnco-11,Short,H ,"[41.568627450980394, -4.0, -5.0]"
3000,https://nestorevintage.fr/cdn/shop/files/IMG_57652.jpg?v=1718550872&width=2048,https://nestorevintage.fr/cdn/shop/files/IMG_57672.jpg?v=1718550881&width=2048,Jort baggy JNCO (S),https://nestorevintage.fr/products/jort-baggy-jnco-10,Short,H ,"[7.0588235294117645, 0.0, -9.0]"
3001,https://nestorevintage.fr/cdn/shop/files/IMG_57652.jpg?v=1718550872&width=2048,https://nestorevintage.fr/cdn/shop/files/IMG_57672.jpg?v=1718550881&width=2048,Jort baggy JNCO (S),https://nestorevintage.fr/products/jort-baggy-jnco-10,Short,H ,"[23.52941176470588, -1.0, -8.0]"
3002,https://nestorevintage.fr/cdn/shop/files/IMG_40913.jpg?v=1717344297&width=2048,https://nestorevintage.fr/cdn/shop/files/IMG_40923.jpg?v=1717344296&width=2048,Short Evisu (XL),https://nestorevintage.fr/products/short-evisu-1,Short,H ,"[10.196078431372548, -2.0, -9.0]"
3003,https://nestorevintage.fr/cdn/shop/files/IMG_41013.jpg?v=1717344243&width=2048,https://nestorevintage.fr/cdn/shop/files/IMG_41043.jpg?v=1717344249&width=2048,Jort baggy JNCO (M),https://nestorevintage.fr/products/jort-baggy-jnco-9,Short,H ,"[23.92156862745098, 0.0, -22.0]"
3004,https://nestorevintage.fr/cdn/shop/files/IMG_41013.jpg?v=1717344243&width=2048,https://nestorevintage.fr/cdn/shop/files/IMG_41043.jpg?v=1717344249&width=2048,Jort baggy JNCO (M),https://nestorevintage.fr/products/jort-baggy-jnco-9,Short,H ,"[43.529411764705884, -3.0, -22.0]"
3005,https://nestorevintage.fr/cdn/shop/files/IMG_40953.jpg?v=1717344193&width=2048,https://nestorevintage.fr/cdn/shop/files/IMG_40983.jpg?v=1717344196&width=2048,Jort baggy Sohk (M),https://nestorevintage.fr/products/jort-baggy-20,Short,H ,"[22.35294117647059, 4.0, -29.0]"
3006,https://nestorevintage.fr/cdn/shop/files/IMG_40953.jpg?v=1717344193&width=2048,https://nestorevintage.fr/cdn/shop/files/IMG_40983.jpg?v=1717344196&width=2048,Jort baggy Sohk (M),https://nestorevintage.fr/products/jort-baggy-20,Short,H ,"[40.3921568627451, 0.0, -33.0]"
3007,https://nestorevintage.fr/cdn/shop/files/IMG_34823.jpg?v=1716741023&width=2048,https://nestorevintage.fr/cdn/shop/files/IMG_34853.jpg?v=1716741035&width=2048,Jort baggy Sohk (L),https://nestorevintage.fr/products/jort-baggy-fubu-copie,Short,H ,"[21.568627450980394, 1.0, -23.0]"
3008,https://nestorevintage.fr/cdn/shop/files/IMG_34823.jpg?v=1716741023&width=2048,https://nestorevintage.fr/cdn/shop/files/IMG_34853.jpg?v=1716741035&width=2048,Jort baggy Sohk (L),https://nestorevintage.fr/products/jort-baggy-fubu-copie,Short,H ,"[41.17647058823529, -2.0, -23.0]"
3009,https://nestorevintage.fr/cdn/shop/files/IMG_34653.jpg?v=1716740809&width=2048,https://nestorevintage.fr/cdn/shop/files/IMG_34673.jpg?v=1716740824&width=2048,Jort baggy Bape (XL),https://nestorevintage.fr/products/jort-baggy-daicock-evisu-copie,Short,H ,"[64.31372549019608, -3.0, 15.0]"
3010,https://nestorevintage.fr/cdn/shop/files/IMG_34653.jpg?v=1716740809&width=2048,https://nestorevintage.fr/cdn/shop/files/IMG_34673.jpg?v=1716740824&width=2048,Jort baggy Bape (XL),https://nestorevintage.fr/products/jort-baggy-daicock-evisu-copie,Short,H ,"[42.745098039215684, -2.0, 16.0]"
3011,https://nestorevintage.fr/cdn/shop/files/IMG_34522.jpg?v=1716740549&width=2048,https://nestorevintage.fr/cdn/shop/files/IMG_34542.jpg?v=1716740552&width=2048,Jupe Evisu seagull (M),https://nestorevintage.fr/products/jupe-evisu-seagull-1,Short,H ,"[53.333333333333336, -7.0, -6.0]"
3012,https://nestorevintage.fr/cdn/shop/files/IMG_34522.jpg?v=1716740549&width=2048,https://nestorevintage.fr/cdn/shop/files/IMG_34542.jpg?v=1716740552&width=2048,Jupe Evisu seagull (M),https://nestorevintage.fr/products/jupe-evisu-seagull-1,Short,H ,"[29.411764705882355, -6.0, -7.0]"
3013,https://nestorevintage.fr/cdn/shop/files/IMG_34522.jpg?v=1716740549&width=2048,https://nestorevintage.fr/cdn/shop/files/IMG_34542.jpg?v=1716740552&width=2048,Jupe Evisu seagull (M),https://nestorevintage.fr/products/jupe-evisu-seagull-1,Short,H ,"[78.43137254901961, -6.0, -1.0]"
3014,https://nestorevintage.fr/cdn/shop/files/IMG_30522.jpg?v=1716223930&width=2048,https://nestorevintage.fr/cdn/shop/files/IMG_30552.jpg?v=1716223939&width=2048,Jort baggy Sohk (XL),https://nestorevintage.fr/products/jort-baggy-8,Short,H ,"[10.588235294117647, -3.0, -2.0]"
3015,https://nestorevintage.fr/cdn/shop/files/IMG_30522.jpg?v=1716223930&width=2048,https://nestorevintage.fr/cdn/shop/files/IMG_30552.jpg?v=1716223939&width=2048,Jort baggy Sohk (XL),https://nestorevintage.fr/products/jort-baggy-8,Short,H ,"[25.882352941176475, -2.0, -2.0]"
3016,https://nestorevintage.fr/cdn/shop/files/IMG_30183.jpg?v=1716223637&width=2048,https://nestorevintage.fr/cdn/shop/files/IMG_30203.jpg?v=1716223643&width=2048,Short daicock Evisu (M),https://nestorevintage.fr/products/short-daicock-evisu,Short,H ,"[2.7450980392156863, 0.0, -1.0]"
3017,https://nestorevintage.fr/cdn/shop/files/IMG_30142.jpg?v=1716223578&width=2048,https://nestorevintage.fr/cdn/shop/files/IMG_30162.jpg?v=1716223602&width=2048,Short daicock Evisu (XS),https://nestorevintage.fr/products/short-evisu,Short,H ,"[2.7450980392156863, 0.0, 0.0]"
3018,https://nestorevintage.fr/cdn/shop/files/IMG_2184.jpg?v=1715530704&width=2048,https://nestorevintage.fr/cdn/shop/files/IMG_2187.jpg?v=1715530711&width=2048,Jort baggy JNCO vintage (S),https://nestorevintage.fr/products/jort-baggy-jnco-vintage-1,Short,H ,"[14.901960784313726, -4.0, -2.0]"
3019,https://nestorevintage.fr/cdn/shop/files/IMG_2184.jpg?v=1715530704&width=2048,https://nestorevintage.fr/cdn/shop/files/IMG_2187.jpg?v=1715530711&width=2048,Jort baggy JNCO vintage (S),https://nestorevintage.fr/products/jort-baggy-jnco-vintage-1,Short,H ,"[32.15686274509804, -2.0, -2.0]"
3020,https://nestorevintage.fr/cdn/shop/files/IMG_2167.jpg?v=1715530469&width=2048,https://nestorevintage.fr/cdn/shop/files/IMG_2169.jpg?v=1715530476&width=2048,Short Evisu daicock (M),https://nestorevintage.fr/products/short-evisu-daicock,Short,H ,"[2.7450980392156863, 0.0, -2.0]"
3021,https://nestorevintage.fr/cdn/shop/files/IMG_2167.jpg?v=1715530469&width=2048,https://nestorevintage.fr/cdn/shop/files/IMG_2169.jpg?v=1715530476&width=2048,Short Evisu daicock (M),https://nestorevintage.fr/products/short-evisu-daicock,Short,H ,"[87.84313725490196, 2.0, 10.0]"
3022,https://nestorevintage.fr/cdn/shop/files/IMG_09752.jpg?v=1714927345&width=2048,https://nestorevintage.fr/cdn/shop/files/IMG_09772.jpg?v=1714927354&width=2048,Jort baggy Sohk vintage (M),https://nestorevintage.fr/products/jort-baggy-sohk-vintage,Short,H ,"[15.686274509803921, -1.0, -16.0]"
3023,https://nestorevintage.fr/cdn/shop/files/IMG_09752.jpg?v=1714927345&width=2048,https://nestorevintage.fr/cdn/shop/files/IMG_09772.jpg?v=1714927354&width=2048,Jort baggy Sohk vintage (M),https://nestorevintage.fr/products/jort-baggy-sohk-vintage,Short,H ,"[32.15686274509804, -3.0, -18.0]"
3024,https://nestorevintage.fr/cdn/shop/files/IMG_09702.jpg?v=1714927267&width=2048,https://nestorevintage.fr/cdn/shop/files/IMG_0973.jpg?v=1714927265&width=2048,Jort baggy Christian Audigier (2XL),https://nestorevintage.fr/products/jort-baggy-christian-audigier,Short,H ,"[13.333333333333334, -1.0, 0.0]"
3025,https://nestorevintage.fr/cdn/shop/files/IMG_09702.jpg?v=1714927267&width=2048,https://nestorevintage.fr/cdn/shop/files/IMG_0973.jpg?v=1714927265&width=2048,Jort baggy Christian Audigier (2XL),https://nestorevintage.fr/products/jort-baggy-christian-audigier,Short,H ,"[37.254901960784316, 0.0, 3.0]"
3026,https://nestorevintage.fr/cdn/shop/files/IMG_09592.jpg?v=1714926970&width=2048,https://nestorevintage.fr/cdn/shop/files/IMG_0962.jpg?v=1714926974&width=2048,Jort baggy Bape (L),https://nestorevintage.fr/products/jort-baggy-bape-7,Short,H ,"[21.176470588235293, -1.0, -19.0]"
3027,https://nestorevintage.fr/cdn/shop/files/IMG_09592.jpg?v=1714926970&width=2048,https://nestorevintage.fr/cdn/shop/files/IMG_0962.jpg?v=1714926974&width=2048,Jort baggy Bape (L),https://nestorevintage.fr/products/jort-baggy-bape-7,Short,H ,"[40.0, -3.0, -19.0]"
3028,https://nestorevintage.fr/cdn/shop/files/IMG_9091_5ae535d9-b64e-44ea-960b-a88b5f1a47e3.jpg?v=1714926730&width=2048,https://nestorevintage.fr/cdn/shop/files/IMG_9095_c0e3133a-e5b9-4d11-bda7-55691fa355e6.jpg?v=1714926731&width=2048,Jort baggy JNCO deadstock (S),https://nestorevintage.fr/products/jort-baggy-jnco-deadstock-s,Short,H ,"[8.235294117647058, -2.0, -6.0]"
3029,https://nestorevintage.fr/cdn/shop/files/IMG_9091_5ae535d9-b64e-44ea-960b-a88b5f1a47e3.jpg?v=1714926730&width=2048,https://nestorevintage.fr/cdn/shop/files/IMG_9095_c0e3133a-e5b9-4d11-bda7-55691fa355e6.jpg?v=1714926731&width=2048,Jort baggy JNCO deadstock (S),https://nestorevintage.fr/products/jort-baggy-jnco-deadstock-s,Short,H ,"[22.745098039215687, -1.0, -4.0]"
3030,https://nestorevintage.fr/cdn/shop/files/IMG_08562.jpg?v=1714926667&width=2048,https://nestorevintage.fr/cdn/shop/files/IMG_08602.jpg?v=1714926670&width=2048,Jort baggy seagull Evisu (2XL),https://nestorevintage.fr/products/jort-baggy-seagull-evisu,Short,H ,"[21.96078431372549, -4.0, -14.0]"
3031,https://nestorevintage.fr/cdn/shop/files/IMG_08562.jpg?v=1714926667&width=2048,https://nestorevintage.fr/cdn/shop/files/IMG_08602.jpg?v=1714926670&width=2048,Jort baggy seagull Evisu (2XL),https://nestorevintage.fr/products/jort-baggy-seagull-evisu,Short,H ,"[40.3921568627451, -6.0, -14.0]"
3032,https://nestorevintage.fr/cdn/shop/files/IMG_08872.jpg?v=1714926622&width=2048,https://nestorevintage.fr/cdn/shop/files/IMG_08912.jpg?v=1714926625&width=2048,Jort baggy daicock Evisu (2XL),https://nestorevintage.fr/products/jort-baggy-daicock-evisu-4,Short,H ,"[10.588235294117647, 0.0, -7.0]"
3033,https://nestorevintage.fr/cdn/shop/files/IMG_09232.jpg?v=1714926383&width=2048,https://nestorevintage.fr/cdn/shop/files/IMG_09252.jpg?v=1714926383&width=2048,Jort baggy JNCO (S),https://nestorevintage.fr/products/jort-baggy-jnco-7,Short,H ,"[46.666666666666664, -7.0, -13.0]"
3034,https://nestorevintage.fr/cdn/shop/files/IMG_09232.jpg?v=1714926383&width=2048,https://nestorevintage.fr/cdn/shop/files/IMG_09252.jpg?v=1714926383&width=2048,Jort baggy JNCO (S),https://nestorevintage.fr/products/jort-baggy-jnco-7,Short,H ,"[25.49019607843137, -5.0, -13.0]"
3035,https://nestorevintage.fr/cdn/shop/files/IMG_09232.jpg?v=1714926383&width=2048,https://nestorevintage.fr/cdn/shop/files/IMG_09252.jpg?v=1714926383&width=2048,Jort baggy JNCO (S),https://nestorevintage.fr/products/jort-baggy-jnco-7,Short,H ,"[66.27450980392156, -8.0, -10.0]"
3036,https://nestorevintage.fr/cdn/shop/files/IMG_09082.jpg?v=1714926242&width=2048,https://nestorevintage.fr/cdn/shop/files/IMG_09092.jpg?v=1714926243&width=2048,Jort baggy JNCO (S),https://nestorevintage.fr/products/jort-baggy-jnco-5,Short,H ,"[16.470588235294116, -3.0, -7.0]"
3037,https://nestorevintage.fr/cdn/shop/files/IMG_09082.jpg?v=1714926242&width=2048,https://nestorevintage.fr/cdn/shop/files/IMG_09092.jpg?v=1714926243&width=2048,Jort baggy JNCO (S),https://nestorevintage.fr/products/jort-baggy-jnco-5,Short,H ,"[35.68627450980392, -3.0, -6.0]"
3038,https://nestorevintage.fr/cdn/shop/files/IMG_97143.jpg?v=1713713826&width=2048,https://nestorevintage.fr/cdn/shop/files/IMG_97172.jpg?v=1713713837&width=2048,Jort baggy JNCO vintage (M),https://nestorevintage.fr/products/jort-baggy-evisu-1,Short,H ,"[42.745098039215684, -6.0, -13.0]"
3039,https://nestorevintage.fr/cdn/shop/files/IMG_97143.jpg?v=1713713826&width=2048,https://nestorevintage.fr/cdn/shop/files/IMG_97172.jpg?v=1713713837&width=2048,Jort baggy JNCO vintage (M),https://nestorevintage.fr/products/jort-baggy-evisu-1,Short,H ,"[23.137254901960784, -4.0, -12.0]"
3040,https://nestorevintage.fr/cdn/shop/files/IMG_97143.jpg?v=1713713826&width=2048,https://nestorevintage.fr/cdn/shop/files/IMG_97172.jpg?v=1713713837&width=2048,Jort baggy JNCO vintage (M),https://nestorevintage.fr/products/jort-baggy-evisu-1,Short,H ,"[61.568627450980394, -6.0, -10.0]"
3041,https://nestorevintage.fr/cdn/shop/files/IMG_9114.jpg?v=1713106994&width=2048,https://nestorevintage.fr/cdn/shop/files/IMG_9117.jpg?v=1713106995&width=2048,Jort baggy JNCO (S),https://nestorevintage.fr/products/jort-baggy-jnco-2,Short,H ,"[11.372549019607844, -1.0, -7.0]"
3042,https://nestorevintage.fr/cdn/shop/files/IMG_9114.jpg?v=1713106994&width=2048,https://nestorevintage.fr/cdn/shop/files/IMG_9117.jpg?v=1713106995&width=2048,Jort baggy JNCO (S),https://nestorevintage.fr/products/jort-baggy-jnco-2,Short,H ,"[30.980392156862745, -2.0, -5.0]"
3043,https://nestorevintage.fr/cdn/shop/files/IMG_81132.jpg?v=1712506452&width=2048,https://nestorevintage.fr/cdn/shop/files/IMG_81152.jpg?v=1712506456&width=2048,Short cargo Stussy vintage (S),https://nestorevintage.fr/products/short-cargo-stussy-vintage-2,Short,H ,"[85.09803921568627, -2.0, 2.0]"
3044,https://nestorevintage.fr/cdn/shop/files/IMG_81132.jpg?v=1712506452&width=2048,https://nestorevintage.fr/cdn/shop/files/IMG_81152.jpg?v=1712506456&width=2048,Short cargo Stussy vintage (S),https://nestorevintage.fr/products/short-cargo-stussy-vintage-2,Short,H ,"[63.13725490196078, -1.0, 3.0]"
3045,https://nestorevintage.fr/cdn/shop/files/IMG_81132.jpg?v=1712506452&width=2048,https://nestorevintage.fr/cdn/shop/files/IMG_81152.jpg?v=1712506456&width=2048,Short cargo Stussy vintage (S),https://nestorevintage.fr/products/short-cargo-stussy-vintage-2,Short,H ,"[40.0, 0.0, 3.0]"
3046,https://nestorevintage.fr/cdn/shop/files/IMG_80472.jpg?v=1712506210&width=2048,https://nestorevintage.fr/cdn/shop/files/IMG_80452.jpg?v=1712506210&width=2048,Jort baggy Stussy vintage (M),https://nestorevintage.fr/products/jort-baggy-stussy-vintage,Short,H ,"[17.254901960784313, 0.0, -17.0]"
3047,https://nestorevintage.fr/cdn/shop/files/IMG_80472.jpg?v=1712506210&width=2048,https://nestorevintage.fr/cdn/shop/files/IMG_80452.jpg?v=1712506210&width=2048,Jort baggy Stussy vintage (M),https://nestorevintage.fr/products/jort-baggy-stussy-vintage,Short,H ,"[34.509803921568626, -3.0, -15.0]"
3048,https://nestorevintage.fr/cdn/shop/files/IMG_80952.jpg?v=1712505752&width=2048,https://nestorevintage.fr/cdn/shop/files/IMG_80972.jpg?v=1712505762&width=2048,Short baggy Evisu daicock (XL),https://nestorevintage.fr/products/short-baggy-evisu-daicock-1,Short,H ,"[4.313725490196078, -2.0, -1.0]"
3049,https://nestorevintage.fr/cdn/shop/files/IMG_56932.jpg?v=1738779733&width=2048,https://nestorevintage.fr/cdn/shop/files/IMG_56972.jpg?v=1738779733&width=2048,T-shirt Ami,https://nestorevintage.fr/products/t-shirt-ami-3,T-Shirt,H/F,"[81.96078431372548, -1.0, 18.0]"
3050,https://nestorevintage.fr/cdn/shop/files/IMG_56932.jpg?v=1738779733&width=2048,https://nestorevintage.fr/cdn/shop/files/IMG_56972.jpg?v=1738779733&width=2048,T-shirt Ami,https://nestorevintage.fr/products/t-shirt-ami-3,T-Shirt,H/F,"[71.76470588235294, -1.0, 18.0]"
3051,https://nestorevintage.fr/cdn/shop/files/IMG_5685.jpg?v=1738779672&width=2048,https://nestorevintage.fr/cdn/shop/files/IMG_5692_8b9396fa-542a-4224-a43e-7c14eb1a66ac.jpg?v=1738779672&width=2048,T-shirt Ami (M),https://nestorevintage.fr/products/t-shirt-ami-2,T-Shirt,H/F,"[38.82352941176471, -14.0, 0.0]"
3052,https://nestorevintage.fr/cdn/shop/files/IMG_5685.jpg?v=1738779672&width=2048,https://nestorevintage.fr/cdn/shop/files/IMG_5692_8b9396fa-542a-4224-a43e-7c14eb1a66ac.jpg?v=1738779672&width=2048,T-shirt Ami (M),https://nestorevintage.fr/products/t-shirt-ami-2,T-Shirt,H/F,"[25.098039215686274, -10.0, -1.0]"
3053,https://nestorevintage.fr/cdn/shop/files/IMG_5645.jpg?v=1738779624&width=2048,https://nestorevintage.fr/cdn/shop/files/IMG_56482.jpg?v=1738779624&width=2048,T-shirt Stussy (L),https://nestorevintage.fr/products/t-shirt-stussy-3,T-Shirt,H/F,"[7.0588235294117645, 2.0, -3.0]"
3054,https://nestorevintage.fr/cdn/shop/files/IMG_56392.jpg?v=1738779570&width=2048,https://nestorevintage.fr/cdn/shop/files/IMG_56442.jpg?v=1738779570&width=2048,T-shirt Stussy (M),https://nestorevintage.fr/products/t-shirt-stussy-2,T-Shirt,H/F,"[9.803921568627452, 0.0, -3.0]"
3055,https://nestorevintage.fr/cdn/shop/files/IMG_56152.jpg?v=1738779498&width=2048,https://nestorevintage.fr/cdn/shop/files/IMG_56202.jpg?v=1738779498&width=2048,T-shirt Comme Des Garçons (L),https://nestorevintage.fr/products/t-shirt-comme-des-garcons-l-3,T-Shirt,H/F,"[11.76470588235294, 0.0, -3.0]"
3056,https://nestorevintage.fr/cdn/shop/files/IMG_56092.jpg?v=1738779438&width=2048,https://nestorevintage.fr/cdn/shop/files/IMG_5614.jpg?v=1738779438&width=2048,T-shirt Comme Des Garçons (M),https://nestorevintage.fr/products/t-shirt-comme-des-garcons-m,T-Shirt,H/F,"[86.66666666666667, -2.0, 1.0]"
3057,https://nestorevintage.fr/cdn/shop/files/IMG_56092.jpg?v=1738779438&width=2048,https://nestorevintage.fr/cdn/shop/files/IMG_5614.jpg?v=1738779438&width=2048,T-shirt Comme Des Garçons (M),https://nestorevintage.fr/products/t-shirt-comme-des-garcons-m,T-Shirt,H/F,"[74.50980392156863, -1.0, 2.0]"
3058,https://nestorevintage.fr/cdn/shop/files/IMG_56022.jpg?v=1738779377&width=2048,https://nestorevintage.fr/cdn/shop/files/IMG_56072.jpg?v=1738779377&width=2048,T-shirt Comme Des Garçons (S),https://nestorevintage.fr/products/t-shirt-comme-des-garcons-s,T-Shirt,H/F,"[87.45098039215686, -1.0, 2.0]"
3059,https://nestorevintage.fr/cdn/shop/files/IMG_56022.jpg?v=1738779377&width=2048,https://nestorevintage.fr/cdn/shop/files/IMG_56072.jpg?v=1738779377&width=2048,T-shirt Comme Des Garçons (S),https://nestorevintage.fr/products/t-shirt-comme-des-garcons-s,T-Shirt,H/F,"[75.68627450980392, -1.0, 3.0]"
3060,https://nestorevintage.fr/cdn/shop/files/IMG_55962.jpg?v=1738779283&width=2048,https://nestorevintage.fr/cdn/shop/files/IMG_56012.jpg?v=1738779283&width=2048,T-shirt Comme Des Garçons (S),https://nestorevintage.fr/products/t-shirt-comme-des-garcons-16,T-Shirt,H/F,"[5.88235294117647, 4.0, -15.0]"
3061,https://nestorevintage.fr/cdn/shop/files/IMG_55962.jpg?v=1738779283&width=2048,https://nestorevintage.fr/cdn/shop/files/IMG_56012.jpg?v=1738779283&width=2048,T-shirt Comme Des Garçons (S),https://nestorevintage.fr/products/t-shirt-comme-des-garcons-16,T-Shirt,H/F,"[85.49019607843137, -1.0, 1.0]"
3062,https://nestorevintage.fr/cdn/shop/files/66B476CE-0FC7-4E38-9001-E9A0864F5942.jpg?v=1738695953&width=2048,https://nestorevintage.fr/cdn/shop/files/0072E08C-11CB-4DD7-A9FB-3137FA415B7D.jpg?v=1738695953&width=2048,T-shirt Stussy (L),https://nestorevintage.fr/products/t-shirt-stussy-s,T-Shirt,H/F,"[83.92156862745098, 2.0, 0.0]"
3063,https://nestorevintage.fr/cdn/shop/files/66B476CE-0FC7-4E38-9001-E9A0864F5942.jpg?v=1738695953&width=2048,https://nestorevintage.fr/cdn/shop/files/0072E08C-11CB-4DD7-A9FB-3137FA415B7D.jpg?v=1738695953&width=2048,T-shirt Stussy (L),https://nestorevintage.fr/products/t-shirt-stussy-s,T-Shirt,H/F,"[69.80392156862744, 3.0, -1.0]"
3064,https://nestorevintage.fr/cdn/shop/files/5D492549-CB1E-49AD-B1E2-A4BD03CF0C88.jpg?v=1738695857&width=2048,https://nestorevintage.fr/cdn/shop/files/46B99451-0782-4350-ACCE-BFB9B6C4C5F1.jpg?v=1738695857&width=2048,T-shirt AMI (S),https://nestorevintage.fr/products/t-shirt-ami-m,T-Shirt,H/F,"[77.64705882352942, -2.0, -9.0]"
3065,https://nestorevintage.fr/cdn/shop/files/5D492549-CB1E-49AD-B1E2-A4BD03CF0C88.jpg?v=1738695857&width=2048,https://nestorevintage.fr/cdn/shop/files/46B99451-0782-4350-ACCE-BFB9B6C4C5F1.jpg?v=1738695857&width=2048,T-shirt AMI (S),https://nestorevintage.fr/products/t-shirt-ami-m,T-Shirt,H/F,"[68.23529411764706, -1.0, -9.0]"
3066,https://nestorevintage.fr/cdn/shop/files/B1B21EE1-ACC2-458D-8588-5C2E7AEC8C6E.jpg?v=1738695606&width=2048,https://nestorevintage.fr/cdn/shop/files/487979D7-F753-4831-BCDC-374493BBEC9F.jpg?v=1738695606&width=2048,T-shirt manches longues AMI (M),https://nestorevintage.fr/products/copie-sweat-comme-des-garcons-m,T-Shirt,H/F,"[81.17647058823529, 0.0, 16.0]"
3067,https://nestorevintage.fr/cdn/shop/files/B1B21EE1-ACC2-458D-8588-5C2E7AEC8C6E.jpg?v=1738695606&width=2048,https://nestorevintage.fr/cdn/shop/files/487979D7-F753-4831-BCDC-374493BBEC9F.jpg?v=1738695606&width=2048,T-shirt manches longues AMI (M),https://nestorevintage.fr/products/copie-sweat-comme-des-garcons-m,T-Shirt,H/F,"[69.01960784313725, 1.0, 14.0]"
3068,https://nestorevintage.fr/cdn/shop/files/22E9A2D0-1E85-4BCD-9A76-279C438D15D7.jpg?v=1738172976&width=2048,https://nestorevintage.fr/cdn/shop/files/41F00978-FE58-4193-9076-762E6D6CBEC0.jpg?v=1738172976&width=2048,T-shirt Comme des Garçons (L),https://nestorevintage.fr/products/t-shirt-comme-des-garcons-l-1,T-Shirt,H/F,"[6.666666666666667, 0.0, -2.0]"
3069,https://nestorevintage.fr/cdn/shop/files/47AA48D9-DD76-4CCA-A87D-738AC8A31F2B.jpg?v=1738172827&width=2048,https://nestorevintage.fr/cdn/shop/files/D2C18D87-0800-4619-931E-AD5B22FDDFA3.jpg?v=1738172826&width=2048,T-shirt Comme des Garçons (L),https://nestorevintage.fr/products/copie-sweat-stone-island-m,T-Shirt,H/F,"[56.470588235294116, -1.0, 0.0]"
3070,https://nestorevintage.fr/cdn/shop/files/47AA48D9-DD76-4CCA-A87D-738AC8A31F2B.jpg?v=1738172827&width=2048,https://nestorevintage.fr/cdn/shop/files/D2C18D87-0800-4619-931E-AD5B22FDDFA3.jpg?v=1738172826&width=2048,T-shirt Comme des Garçons (L),https://nestorevintage.fr/products/copie-sweat-stone-island-m,T-Shirt,H/F,"[68.23529411764706, 0.0, 0.0]"
3071,https://nestorevintage.fr/cdn/shop/files/BC4D6443-3392-4078-8F1F-B04EE6DD6884.jpg?v=1737899364&width=2048,https://nestorevintage.fr/cdn/shop/files/8E27E9A9-4FDC-4394-BB23-1D7ACF426A19.jpg?v=1737899364&width=2048,T-shirt Supreme (S),https://nestorevintage.fr/products/t-shirt-supreme,T-Shirt,H/F,"[9.411764705882353, 0.0, -2.0]"
3072,https://nestorevintage.fr/cdn/shop/files/B367BCBC-4120-4764-9F7B-DF9294D926B6.jpg?v=1737899320&width=2048,https://nestorevintage.fr/cdn/shop/files/0E2FD3D8-BBB6-4066-845E-A97D75362975.jpg?v=1737899320&width=2048,T-shirt Stussy (M),https://nestorevintage.fr/products/t-shirt-stussy-1,T-Shirt,H/F,"[29.01960784313726, 23.0, -6.0]"
3073,https://nestorevintage.fr/cdn/shop/files/292367AB-1EAD-44DE-875E-AB946AEC4B7E.jpg?v=1737899266&width=2048,https://nestorevintage.fr/cdn/shop/files/D4DFC81B-E939-468D-8DFD-51D3BAD4176F.jpg?v=1737899267&width=2048,T-shirt manches longues Stussy (L),https://nestorevintage.fr/products/t-shirt-manches-longues-ami-neuf,T-Shirt,H/F,"[15.294117647058824, 0.0, -6.0]"
3074,https://nestorevintage.fr/cdn/shop/files/292367AB-1EAD-44DE-875E-AB946AEC4B7E.jpg?v=1737899266&width=2048,https://nestorevintage.fr/cdn/shop/files/D4DFC81B-E939-468D-8DFD-51D3BAD4176F.jpg?v=1737899267&width=2048,T-shirt manches longues Stussy (L),https://nestorevintage.fr/products/t-shirt-manches-longues-ami-neuf,T-Shirt,H/F,"[25.882352941176475, 0.0, -10.0]"
3075,https://nestorevintage.fr/cdn/shop/files/IMG_3730_11a83f8e-42ef-452c-ab8f-0019d0ad4c03.jpg?v=1737393486&width=2048,https://nestorevintage.fr/cdn/shop/files/IMG_3741.jpg?v=1737393486&width=2048,T-shirt Louis Vuitton (XL),https://nestorevintage.fr/products/t-shirt-louis-vuitton-xl,T-Shirt,H/F,"[14.901960784313726, -1.0, -2.0]"
3076,https://nestorevintage.fr/cdn/shop/files/IMG_3730_11a83f8e-42ef-452c-ab8f-0019d0ad4c03.jpg?v=1737393486&width=2048,https://nestorevintage.fr/cdn/shop/files/IMG_3741.jpg?v=1737393486&width=2048,T-shirt Louis Vuitton (XL),https://nestorevintage.fr/products/t-shirt-louis-vuitton-xl,T-Shirt,H/F,"[10.588235294117647, 0.0, -2.0]"
3077,https://nestorevintage.fr/cdn/shop/files/39E06DD1-66F2-4C52-AE00-EF5E5083AB92.jpg?v=1737290779&width=2048,https://nestorevintage.fr/cdn/shop/files/935CB962-95C9-4A24-8209-5727770D701B.jpg?v=1737290779&width=2048,T-shirt Stussy (S),https://nestorevintage.fr/products/t-shirt-stussy,T-Shirt,H/F,"[53.72549019607843, -11.0, 10.0]"
3078,https://nestorevintage.fr/cdn/shop/files/39E06DD1-66F2-4C52-AE00-EF5E5083AB92.jpg?v=1737290779&width=2048,https://nestorevintage.fr/cdn/shop/files/935CB962-95C9-4A24-8209-5727770D701B.jpg?v=1737290779&width=2048,T-shirt Stussy (S),https://nestorevintage.fr/products/t-shirt-stussy,T-Shirt,H/F,"[43.92156862745098, -11.0, 9.0]"
3079,https://nestorevintage.fr/cdn/shop/files/48382F35-96D7-41B8-85BB-3C4D7A8598F2.jpg?v=1737290749&width=2048,https://nestorevintage.fr/cdn/shop/files/1A2017B5-F368-4A81-8464-DE041072D79B.jpg?v=1737290749&width=2048,T-shirt Stussy (S),https://nestorevintage.fr/products/copie-t-shirt-comme-des-garcons-1,T-Shirt,H/F,"[5.88235294117647, 0.0, -2.0]"
3080,https://nestorevintage.fr/cdn/shop/files/6FA5CC00-BEE3-4448-A608-124AFEC1478D.jpg?v=1737290650&width=2048,https://nestorevintage.fr/cdn/shop/files/9514A366-5852-4031-87C3-751398D6986C.jpg?v=1737290650&width=2048,T-shirt Comme des garçons (L),https://nestorevintage.fr/products/t-shirt-comme-des-garcons-15,T-Shirt,H/F,"[86.66666666666667, -2.0, 3.0]"
3081,https://nestorevintage.fr/cdn/shop/files/6FA5CC00-BEE3-4448-A608-124AFEC1478D.jpg?v=1737290650&width=2048,https://nestorevintage.fr/cdn/shop/files/9514A366-5852-4031-87C3-751398D6986C.jpg?v=1737290650&width=2048,T-shirt Comme des garçons (L),https://nestorevintage.fr/products/t-shirt-comme-des-garcons-15,T-Shirt,H/F,"[78.03921568627452, -1.0, 3.0]"
3082,https://nestorevintage.fr/cdn/shop/files/IMG_1861.jpg?v=1736692789&width=2048,https://nestorevintage.fr/cdn/shop/files/IMG_1864.jpg?v=1736692789&width=2048,T-shirt Comme des garçons (M),https://nestorevintage.fr/products/t-shirt-comme-des-garcons-4,T-Shirt,H/F,"[3.1372549019607843, 0.0, -2.0]"
3083,https://nestorevintage.fr/cdn/shop/files/IMG_1856.jpg?v=1736692741&width=2048,https://nestorevintage.fr/cdn/shop/files/IMG_1860.jpg?v=1736692741&width=2048,T-shirt Comme des garçons (L),https://nestorevintage.fr/products/t-shirt-comme-des-garcons-3,T-Shirt,H/F,"[6.666666666666667, 0.0, -2.0]"
3084,https://nestorevintage.fr/cdn/shop/files/IMG_1856.jpg?v=1736692741&width=2048,https://nestorevintage.fr/cdn/shop/files/IMG_1860.jpg?v=1736692741&width=2048,T-shirt Comme des garçons (L),https://nestorevintage.fr/products/t-shirt-comme-des-garcons-3,T-Shirt,H/F,"[3.9215686274509802, 0.0, -2.0]"
3085,https://nestorevintage.fr/cdn/shop/files/IMG_1845.jpg?v=1736692610&width=2048,https://nestorevintage.fr/cdn/shop/files/IMG_1847.jpg?v=1736692610&width=2048,T-shirt Ami (L),https://nestorevintage.fr/products/sweat-stussy-21,T-Shirt,H/F,"[85.09803921568627, -1.0, 2.0]"
3086,https://nestorevintage.fr/cdn/shop/files/IMG_1845.jpg?v=1736692610&width=2048,https://nestorevintage.fr/cdn/shop/files/IMG_1847.jpg?v=1736692610&width=2048,T-shirt Ami (L),https://nestorevintage.fr/products/sweat-stussy-21,T-Shirt,H/F,"[74.90196078431373, -1.0, 2.0]"
3087,https://nestorevintage.fr/cdn/shop/files/IMG_86292.jpg?v=1734264868&width=2048,https://nestorevintage.fr/cdn/shop/files/IMG_86232.jpg?v=1734264868&width=2048,T-shirt manches longues Chrome Hearts,https://nestorevintage.fr/products/t-shirt-manches-longues-chrome-hearts,T-Shirt,H/F,"[9.803921568627452, 0.0, -2.0]"
3088,https://nestorevintage.fr/cdn/shop/files/IMG_5549.jpg?v=1733675978&width=2048,https://nestorevintage.fr/cdn/shop/files/IMG_5545.jpg?v=1733675978&width=2048,T-shirt manches longues Stussy (L),https://nestorevintage.fr/products/sweat-stussy-9,T-Shirt,H/F,"[63.921568627450974, 40.0, 11.0]"
3089,https://nestorevintage.fr/cdn/shop/files/IMG_5549.jpg?v=1733675978&width=2048,https://nestorevintage.fr/cdn/shop/files/IMG_5545.jpg?v=1733675978&width=2048,T-shirt manches longues Stussy (L),https://nestorevintage.fr/products/sweat-stussy-9,T-Shirt,H/F,"[51.76470588235295, 37.0, 10.0]"
3090,https://nestorevintage.fr/cdn/shop/files/OPTIMIZE_BACKUP_PRODUCT_Nestore_Vintage__2.png?v=1732807853&width=5000,https://nestorevintage.fr/cdn/shop/files/Designsanstitre.png?v=1732807861&width=1080,Mystery Box | T-Shirts,https://nestorevintage.fr/products/%F0%9F%8E%81-mystery-box-t-shirts,T-Shirt,H/F,"[7.8431372549019605, 9.0, -4.0]"
3091,https://nestorevintage.fr/cdn/shop/files/OPTIMIZE_BACKUP_PRODUCT_Nestore_Vintage__2.png?v=1732807853&width=5000,https://nestorevintage.fr/cdn/shop/files/Designsanstitre.png?v=1732807861&width=1080,Mystery Box | T-Shirts,https://nestorevintage.fr/products/%F0%9F%8E%81-mystery-box-t-shirts,T-Shirt,H/F,"[57.25490196078431, 4.0, 11.0]"
3092,https://nestorevintage.fr/cdn/shop/files/A4B6FBEF-BEE2-459D-8F14-A353CAE29388.jpg?v=1730045843&width=2048,https://nestorevintage.fr/cdn/shop/files/74D471DD-7800-454D-B451-6FB70912C5F7.jpg?v=1730045843&width=2048,T-shirt Stussy (XL),https://nestorevintage.fr/products/t-shirt-stussy-107,T-Shirt,H/F,"[10.588235294117647, 4.0, -20.0]"
3093,https://nestorevintage.fr/cdn/shop/files/A4B6FBEF-BEE2-459D-8F14-A353CAE29388.jpg?v=1730045843&width=2048,https://nestorevintage.fr/cdn/shop/files/74D471DD-7800-454D-B451-6FB70912C5F7.jpg?v=1730045843&width=2048,T-shirt Stussy (XL),https://nestorevintage.fr/products/t-shirt-stussy-107,T-Shirt,H/F,"[19.215686274509807, 3.0, -20.0]"
3094,https://nestorevintage.fr/cdn/shop/files/C89B6318-55B3-498E-BE39-87EA0246BD6C.jpg?v=1730045461&width=2048,https://nestorevintage.fr/cdn/shop/files/875BB57D-97FD-496A-B09B-24E1B2110AC9.jpg?v=1730045460&width=2048,T-shirt Bape (S),https://nestorevintage.fr/products/t-shirt-bape-181,T-Shirt,H/F,"[6.2745098039215685, 6.0, -21.0]"
3095,https://nestorevintage.fr/cdn/shop/files/C89B6318-55B3-498E-BE39-87EA0246BD6C.jpg?v=1730045461&width=2048,https://nestorevintage.fr/cdn/shop/files/875BB57D-97FD-496A-B09B-24E1B2110AC9.jpg?v=1730045460&width=2048,T-shirt Bape (S),https://nestorevintage.fr/products/t-shirt-bape-181,T-Shirt,H/F,"[13.333333333333334, 4.0, -21.0]"
3096,https://nestorevintage.fr/cdn/shop/files/IMG_7140_45b5d26e-c15f-4987-ae9b-5b8b800fd6da.jpg?v=1728224333&width=2048,https://nestorevintage.fr/cdn/shop/files/IMG_7144_ce0fc3c6-179e-499b-93c5-dfd27250d0fd.jpg?v=1728224332&width=2048,T-shirt Bape (S),https://nestorevintage.fr/products/t-shirt-bape-s-2,T-Shirt,H/F,"[9.411764705882353, 2.0, -8.0]"
3097,https://nestorevintage.fr/cdn/shop/files/IMG_7125_bf574437-66e0-4f5e-9bea-14f231e04b31.jpg?v=1728224168&width=2048,https://nestorevintage.fr/cdn/shop/files/IMG_7129_1486f645-de6d-4ce8-8357-79901875f26e.jpg?v=1728224168&width=2048,T-shirt Bape (S),https://nestorevintage.fr/products/t-shirt-bape-s,T-Shirt,H/F,"[17.254901960784313, 2.0, -22.0]"
3098,https://nestorevintage.fr/cdn/shop/files/IMG_7125_bf574437-66e0-4f5e-9bea-14f231e04b31.jpg?v=1728224168&width=2048,https://nestorevintage.fr/cdn/shop/files/IMG_7129_1486f645-de6d-4ce8-8357-79901875f26e.jpg?v=1728224168&width=2048,T-shirt Bape (S),https://nestorevintage.fr/products/t-shirt-bape-s,T-Shirt,H/F,"[28.235294117647058, 1.0, -21.0]"
3099,https://nestorevintage.fr/cdn/shop/files/IMG_7119_f5b003b7-6838-4e30-85da-540ad9ceffff.jpg?v=1728224079&width=2048,https://nestorevintage.fr/cdn/shop/files/IMG_7123_1f9b44fd-6eb0-4005-ae4b-845b666bf3f0.jpg?v=1728224080&width=2048,T-shirt Bape (M),https://nestorevintage.fr/products/t-shirt-bape-m-1,T-Shirt,H/F,"[12.549019607843137, -3.0, -4.0]"
3100,https://nestorevintage.fr/cdn/shop/files/1E1BE511-5575-4FC1-99AD-240582DDB70F.jpg?v=1727628559&width=2048,https://nestorevintage.fr/cdn/shop/files/4D6F8939-6794-4C18-9139-29B69B313FB8.jpg?v=1727628558&width=2048,T-shirt Oakley (L),https://nestorevintage.fr/products/t-shirt-oakley-m-1,T-Shirt,H/F,"[21.96078431372549, 3.0, -9.0]"
3101,https://nestorevintage.fr/cdn/shop/files/1E1BE511-5575-4FC1-99AD-240582DDB70F.jpg?v=1727628559&width=2048,https://nestorevintage.fr/cdn/shop/files/4D6F8939-6794-4C18-9139-29B69B313FB8.jpg?v=1727628558&width=2048,T-shirt Oakley (L),https://nestorevintage.fr/products/t-shirt-oakley-m-1,T-Shirt,H/F,"[12.941176470588237, 1.0, -9.0]"
3102,https://nestorevintage.fr/cdn/shop/files/BC384145-474A-4894-85B0-84B8DA253EE2.jpg?v=1727628485&width=2048,https://nestorevintage.fr/cdn/shop/files/7679CC76-A635-432B-A7EF-C18DF68B91EB.jpg?v=1727628485&width=2048,T-shirt Oakley (M),https://nestorevintage.fr/products/t-shirt-oakley-m,T-Shirt,H/F,"[43.529411764705884, 69.0, 46.0]"
3103,https://nestorevintage.fr/cdn/shop/files/IMG_46152.jpg?v=1726409307&width=2048,https://nestorevintage.fr/cdn/shop/files/IMG_46182.jpg?v=1726409308&width=2048,T-shirt Chrome Hearts (S),https://nestorevintage.fr/products/t-shirt-chrome-hearts-26,T-Shirt,H/F,"[7.0588235294117645, 4.0, -13.0]"
3104,https://nestorevintage.fr/cdn/shop/files/IMG_46332.jpg?v=1726409107&width=2048,https://nestorevintage.fr/cdn/shop/files/IMG_46262.jpg?v=1726409107&width=2048,T-shirt Chrome Hearts (S),https://nestorevintage.fr/products/t-shirt-chrome-hearts-25,T-Shirt,H/F,"[7.0588235294117645, 2.0, -12.0]"
3105,https://nestorevintage.fr/cdn/shop/files/IMG_46332.jpg?v=1726409107&width=2048,https://nestorevintage.fr/cdn/shop/files/IMG_46262.jpg?v=1726409107&width=2048,T-shirt Chrome Hearts (S),https://nestorevintage.fr/products/t-shirt-chrome-hearts-25,T-Shirt,H/F,"[14.50980392156863, 0.0, -11.0]"
3106,https://nestorevintage.fr/cdn/shop/files/IMG_46422.jpg?v=1726408857&width=2048,https://nestorevintage.fr/cdn/shop/files/IMG_46352.jpg?v=1726408858&width=2048,T-shirt Chrome Hearts (S),https://nestorevintage.fr/products/t-shirt-chrome-hearts-24,T-Shirt,H/F,"[5.88235294117647, 0.0, -5.0]"
3107,https://nestorevintage.fr/cdn/shop/files/IMG_46522.jpg?v=1726408500&width=2048,https://nestorevintage.fr/cdn/shop/files/IMG_46442.jpg?v=1726408499&width=2048,T-shirt Chrome Hearts (S),https://nestorevintage.fr/products/t-shirt-chrome-hearts-copy-2,T-Shirt,H/F,"[3.1372549019607843, 0.0, -2.0]"
3108,https://nestorevintage.fr/cdn/shop/files/IMG_46602.jpg?v=1726408403&width=2048,https://nestorevintage.fr/cdn/shop/files/IMG_46542.jpg?v=1726408404&width=2048,T-shirt Chrome Hearts (S),https://nestorevintage.fr/products/t-shirt-chrome-hearts-23,T-Shirt,H/F,"[2.7450980392156863, 2.0, -2.0]"
3109,https://nestorevintage.fr/cdn/shop/files/IMG_46132.jpg?v=1726408320&width=2048,https://nestorevintage.fr/cdn/shop/files/IMG_46062.jpg?v=1726408320&width=2048,T-shirt Chrome Hearts (S),https://nestorevintage.fr/products/t-shirt-chrome-hearts-22,T-Shirt,H/F,"[4.705882352941177, 0.0, -4.0]"
3110,https://nestorevintage.fr/cdn/shop/files/IMG_46132.jpg?v=1726408320&width=2048,https://nestorevintage.fr/cdn/shop/files/IMG_46062.jpg?v=1726408320&width=2048,T-shirt Chrome Hearts (S),https://nestorevintage.fr/products/t-shirt-chrome-hearts-22,T-Shirt,H/F,"[13.333333333333334, 0.0, -5.0]"
3111,https://nestorevintage.fr/cdn/shop/files/IMG_46042.jpg?v=1726408220&width=2048,https://nestorevintage.fr/cdn/shop/files/IMG_45972.jpg?v=1726408219&width=2048,T-shirt Chrome Hearts (S),https://nestorevintage.fr/products/t-shirt-chrome-hearts-21,T-Shirt,H/F,"[3.9215686274509802, 0.0, -2.0]"
3112,https://nestorevintage.fr/cdn/shop/files/IMG_45872.jpg?v=1726408074&width=2048,https://nestorevintage.fr/cdn/shop/files/IMG_45892.jpg?v=1726408074&width=2048,T-shirt Chrome Hearts (S),https://nestorevintage.fr/products/t-shirt-chrome-hearts-20,T-Shirt,H/F,"[4.705882352941177, 0.0, -9.0]"
3113,https://nestorevintage.fr/cdn/shop/files/IMG_45872.jpg?v=1726408074&width=2048,https://nestorevintage.fr/cdn/shop/files/IMG_45892.jpg?v=1726408074&width=2048,T-shirt Chrome Hearts (S),https://nestorevintage.fr/products/t-shirt-chrome-hearts-20,T-Shirt,H/F,"[10.196078431372548, 0.0, -12.0]"
3114,https://nestorevintage.fr/cdn/shop/files/IMG_45852.jpg?v=1726408013&width=2048,https://nestorevintage.fr/cdn/shop/files/IMG_45782.jpg?v=1726408013&width=2048,T-shirt Chrome Hearts (S),https://nestorevintage.fr/products/t-shirt-chrome-hearts-19,T-Shirt,H/F,"[3.5294117647058822, 0.0, -9.0]"
3115,https://nestorevintage.fr/cdn/shop/files/IMG_45852.jpg?v=1726408013&width=2048,https://nestorevintage.fr/cdn/shop/files/IMG_45782.jpg?v=1726408013&width=2048,T-shirt Chrome Hearts (S),https://nestorevintage.fr/products/t-shirt-chrome-hearts-19,T-Shirt,H/F,"[12.941176470588237, 0.0, -12.0]"
3116,https://nestorevintage.fr/cdn/shop/files/IMG_45553.jpg?v=1726407477&width=2048,https://nestorevintage.fr/cdn/shop/files/IMG_45592.jpg?v=1726407477&width=2048,T-shirt Chrome Hearts (M),https://nestorevintage.fr/products/t-shirt-chrome-hearts-18,T-Shirt,H/F,"[10.196078431372548, 2.0, -15.0]"
3117,https://nestorevintage.fr/cdn/shop/files/IMG_45692.jpg?v=1726407331&width=2048,https://nestorevintage.fr/cdn/shop/files/IMG_45712.jpg?v=1726407332&width=2048,T-shirt Chrome Hearts (L),https://nestorevintage.fr/products/t-shirt-chrome-hearts-17,T-Shirt,H/F,"[84.70588235294117, -2.0, -5.0]"
3118,https://nestorevintage.fr/cdn/shop/files/IMG_45523.jpg?v=1726407170&width=2048,https://nestorevintage.fr/cdn/shop/files/IMG_45423.jpg?v=1726407170&width=2048,T-shirt Chrome Hearts (M),https://nestorevintage.fr/products/t-shirt-chrome-hearts-16,T-Shirt,H/F,"[2.7450980392156863, 0.0, -3.0]"
3119,https://nestorevintage.fr/cdn/shop/files/IMG_45523.jpg?v=1726407170&width=2048,https://nestorevintage.fr/cdn/shop/files/IMG_45423.jpg?v=1726407170&width=2048,T-shirt Chrome Hearts (M),https://nestorevintage.fr/products/t-shirt-chrome-hearts-16,T-Shirt,H/F,"[6.666666666666667, 0.0, -6.0]"
3120,https://nestorevintage.fr/cdn/shop/files/IMG_45084.jpg?v=1726406551&width=2048,https://nestorevintage.fr/cdn/shop/files/IMG_45003.jpg?v=1726406552&width=2048,T-shirt Chrome Hearts (S),https://nestorevintage.fr/products/t-shirt-chrome-hearts-13,T-Shirt,H/F,"[88.23529411764706, -1.0, 1.0]"
3121,https://nestorevintage.fr/cdn/shop/files/IMG_44873.jpg?v=1726406328&width=2048,https://nestorevintage.fr/cdn/shop/files/IMG_44783.jpg?v=1726406328&width=2048,T-shirt Chrome Hearts (M),https://nestorevintage.fr/products/t-shirt-chrome-hearts-11,T-Shirt,H/F,"[10.196078431372548, 0.0, -9.0]"
3122,https://nestorevintage.fr/cdn/shop/files/IMG_44873.jpg?v=1726406328&width=2048,https://nestorevintage.fr/cdn/shop/files/IMG_44783.jpg?v=1726406328&width=2048,T-shirt Chrome Hearts (M),https://nestorevintage.fr/products/t-shirt-chrome-hearts-11,T-Shirt,H/F,"[17.254901960784313, 1.0, -9.0]"
3123,https://nestorevintage.fr/cdn/shop/files/IMG_44572.jpg?v=1726405566&width=2048,https://nestorevintage.fr/cdn/shop/files/IMG_44652.jpg?v=1726405566&width=2048,T-shirt Chrome Hearts (M),https://nestorevintage.fr/products/t-shirt-chrome-hearts-9,T-Shirt,H/F,"[10.588235294117647, 0.0, -8.0]"
3124,https://nestorevintage.fr/cdn/shop/files/IMG_44572.jpg?v=1726405566&width=2048,https://nestorevintage.fr/cdn/shop/files/IMG_44652.jpg?v=1726405566&width=2048,T-shirt Chrome Hearts (M),https://nestorevintage.fr/products/t-shirt-chrome-hearts-9,T-Shirt,H/F,"[4.705882352941177, 0.0, -7.0]"
3125,https://nestorevintage.fr/cdn/shop/files/IMG_4455_2.jpg?v=1726405509&width=2048,https://nestorevintage.fr/cdn/shop/files/IMG_44462.jpg?v=1726405466&width=2048,T-shirt Chrome Hearts (M),https://nestorevintage.fr/products/t-shirt-chrome-hearts-8,T-Shirt,H/F,"[3.9215686274509802, 2.0, -8.0]"
3126,https://nestorevintage.fr/cdn/shop/files/IMG_4455_2.jpg?v=1726405509&width=2048,https://nestorevintage.fr/cdn/shop/files/IMG_44462.jpg?v=1726405466&width=2048,T-shirt Chrome Hearts (M),https://nestorevintage.fr/products/t-shirt-chrome-hearts-8,T-Shirt,H/F,"[9.803921568627452, 2.0, -9.0]"
3127,https://nestorevintage.fr/cdn/shop/files/IMG_44372.jpg?v=1726405407&width=2048,https://nestorevintage.fr/cdn/shop/files/IMG_44392.jpg?v=1726405407&width=2048,T-shirt Chrome Hearts (M),https://nestorevintage.fr/products/t-shirt-chrome-hearts-7,T-Shirt,H/F,"[4.313725490196078, 2.0, -7.0]"
3128,https://nestorevintage.fr/cdn/shop/files/IMG_44272.jpg?v=1726405353&width=2048,https://nestorevintage.fr/cdn/shop/files/IMG_44302.jpg?v=1726405353&width=2048,T-shirt Chrome Hearts (M),https://nestorevintage.fr/products/t-shirt-chrome-hearts-6,T-Shirt,H/F,"[9.803921568627452, 0.0, -6.0]"
3129,https://nestorevintage.fr/cdn/shop/files/IMG_44272.jpg?v=1726405353&width=2048,https://nestorevintage.fr/cdn/shop/files/IMG_44302.jpg?v=1726405353&width=2048,T-shirt Chrome Hearts (M),https://nestorevintage.fr/products/t-shirt-chrome-hearts-6,T-Shirt,H/F,"[17.647058823529413, 0.0, -6.0]"
3130,https://nestorevintage.fr/cdn/shop/files/IMG_44182.jpg?v=1726405293&width=2048,https://nestorevintage.fr/cdn/shop/files/IMG_44212.jpg?v=1726405293&width=2048,T-shirt Chrome Hearts (S),https://nestorevintage.fr/products/t-shirt-chrome-hearts-5,T-Shirt,H/F,"[82.74509803921568, -1.0, 2.0]"
3131,https://nestorevintage.fr/cdn/shop/files/IMG_44182.jpg?v=1726405293&width=2048,https://nestorevintage.fr/cdn/shop/files/IMG_44212.jpg?v=1726405293&width=2048,T-shirt Chrome Hearts (S),https://nestorevintage.fr/products/t-shirt-chrome-hearts-5,T-Shirt,H/F,"[89.01960784313725, -2.0, 2.0]"
3132,https://nestorevintage.fr/cdn/shop/files/IMG_44003.jpg?v=1726405190&width=2048,https://nestorevintage.fr/cdn/shop/files/IMG_44023.jpg?v=1726405191&width=2048,T-shirt Chrome Hearts (M),https://nestorevintage.fr/products/t-shirt-chrome-hearts-3,T-Shirt,H/F,"[7.450980392156863, 2.0, -8.0]"
3133,https://nestorevintage.fr/cdn/shop/files/IMG_43833.jpg?v=1726405079&width=2048,https://nestorevintage.fr/cdn/shop/files/IMG_43862.jpg?v=1726405079&width=2048,T-shirt Chrome Hearts (M),https://nestorevintage.fr/products/t-shirt-chrome-hearts-2,T-Shirt,H/F,"[13.333333333333334, 0.0, -13.0]"
3134,https://nestorevintage.fr/cdn/shop/files/IMG_43833.jpg?v=1726405079&width=2048,https://nestorevintage.fr/cdn/shop/files/IMG_43862.jpg?v=1726405079&width=2048,T-shirt Chrome Hearts (M),https://nestorevintage.fr/products/t-shirt-chrome-hearts-2,T-Shirt,H/F,"[7.450980392156863, 2.0, -13.0]"
3135,https://nestorevintage.fr/cdn/shop/files/IMG_24102.jpg?v=1724597133&width=2048,https://nestorevintage.fr/cdn/shop/files/IMG_24142.jpg?v=1724597132&width=2048,T-shirt Supreme (L),https://nestorevintage.fr/products/t-shirt-supreme-50,T-Shirt,H/F,"[12.941176470588237, 0.0, -13.0]"
3136,https://nestorevintage.fr/cdn/shop/files/IMG_24102.jpg?v=1724597133&width=2048,https://nestorevintage.fr/cdn/shop/files/IMG_24142.jpg?v=1724597132&width=2048,T-shirt Supreme (L),https://nestorevintage.fr/products/t-shirt-supreme-50,T-Shirt,H/F,"[6.666666666666667, 2.0, -14.0]"
3137,https://nestorevintage.fr/cdn/shop/files/IMG_23522.jpg?v=1724596501&width=2048,https://nestorevintage.fr/cdn/shop/files/IMG_23562.jpg?v=1724596502&width=2048,T-shirt Comme Des Garçons (XL),https://nestorevintage.fr/products/t-shirt-comme-des-garcons-1,T-Shirt,H/F,"[86.27450980392157, -1.0, 1.0]"
3138,https://nestorevintage.fr/cdn/shop/files/9E5850CD-6C23-4F8C-A745-46F293BF7C1D.jpg?v=1723989295&width=2048,https://nestorevintage.fr/cdn/shop/files/4A040FE0-C9FA-4187-9966-1A01619CE7FD.jpg?v=1723989296&width=2048,T-shirt Supreme (L),https://nestorevintage.fr/products/t-shirt-bape-178,T-Shirt,H/F,"[4.313725490196078, 0.0, -2.0]"
3139,https://nestorevintage.fr/cdn/shop/files/9E5850CD-6C23-4F8C-A745-46F293BF7C1D.jpg?v=1723989295&width=2048,https://nestorevintage.fr/cdn/shop/files/4A040FE0-C9FA-4187-9966-1A01619CE7FD.jpg?v=1723989296&width=2048,T-shirt Supreme (L),https://nestorevintage.fr/products/t-shirt-bape-178,T-Shirt,H/F,"[42.35294117647059, 8.0, 5.0]"
3140,https://nestorevintage.fr/cdn/shop/files/7F1123BF-C87F-4CE9-97DA-7CFB9AC9A234.jpg?v=1723388119&width=2048,https://nestorevintage.fr/cdn/shop/files/EF53D9A3-6F28-47F3-B373-ABE170F2E247.jpg?v=1723388118&width=2048,T-shirt Supreme (L),https://nestorevintage.fr/products/t-shirt-supreme-36,T-Shirt,H/F,"[12.941176470588237, -1.0, -5.0]"
3141,https://nestorevintage.fr/cdn/shop/files/23D4DD77-CB1B-45F9-828B-AB6B4F44B534.jpg?v=1723387929&width=2048,https://nestorevintage.fr/cdn/shop/files/F6809579-0197-4901-8FE6-286CEAB2E4EE.jpg?v=1723387929&width=2048,T-shirt Stussy (S),https://nestorevintage.fr/products/t-shirt-stussy-96,T-Shirt,H/F,"[3.5294117647058822, 0.0, -2.0]"
3142,https://nestorevintage.fr/cdn/shop/files/CA56B1E3-FE4E-4F05-A1A8-D2D5BA3EDE8C.jpg?v=1723387839&width=2048,https://nestorevintage.fr/cdn/shop/files/80F3D7D5-3B41-4801-920D-5213F1F012C2.jpg?v=1723387839&width=2048,T-shirt Stussy (L),https://nestorevintage.fr/products/t-shirt-cdg,T-Shirt,H/F,"[75.68627450980392, -10.0, -25.0]"
3143,https://nestorevintage.fr/cdn/shop/files/CA56B1E3-FE4E-4F05-A1A8-D2D5BA3EDE8C.jpg?v=1723387839&width=2048,https://nestorevintage.fr/cdn/shop/files/80F3D7D5-3B41-4801-920D-5213F1F012C2.jpg?v=1723387839&width=2048,T-shirt Stussy (L),https://nestorevintage.fr/products/t-shirt-cdg,T-Shirt,H/F,"[65.49019607843137, -9.0, -24.0]"
3144,https://nestorevintage.fr/cdn/shop/files/73C70036-39C2-4149-BE20-91BF0A1FA57E.jpg?v=1723377865&width=2048,https://nestorevintage.fr/cdn/shop/files/C9875A5A-9C14-4250-8551-BFD447213EEA.jpg?v=1723377865&width=2048,T-shirt Bape (XL),https://nestorevintage.fr/products/t-shirt-bape-168,T-Shirt,H/F,"[87.05882352941177, -1.0, 1.0]"
3145,https://nestorevintage.fr/cdn/shop/files/73C70036-39C2-4149-BE20-91BF0A1FA57E.jpg?v=1723377865&width=2048,https://nestorevintage.fr/cdn/shop/files/C9875A5A-9C14-4250-8551-BFD447213EEA.jpg?v=1723377865&width=2048,T-shirt Bape (XL),https://nestorevintage.fr/products/t-shirt-bape-168,T-Shirt,H/F,"[78.03921568627452, -1.0, 1.0]"
3146,https://nestorevintage.fr/cdn/shop/files/BBC8E61F-78C3-485C-8D7D-2C6DC5AF285C.jpg?v=1723377823&width=2048,https://nestorevintage.fr/cdn/shop/files/6AFC07A6-8042-4D2D-9004-70113D88CC73.jpg?v=1723377824&width=2048,T-shirt Bape (XL),https://nestorevintage.fr/products/t-shirt-bape-167,T-Shirt,H/F,"[3.5294117647058822, 0.0, -6.0]"
3147,https://nestorevintage.fr/cdn/shop/files/88751511-ACF6-4365-890E-AEEDE2D74C92.jpg?v=1722174132&width=2048,https://nestorevintage.fr/cdn/shop/files/14E5B257-BAF5-41D5-BC8B-8105040554E9.jpg?v=1722174132&width=2048,T-shirt Stussy PS2 vintage (M),https://nestorevintage.fr/products/t-shirt-stussy-94,T-Shirt,H/F,"[37.254901960784316, 62.0, 43.0]"
3148,https://nestorevintage.fr/cdn/shop/files/88751511-ACF6-4365-890E-AEEDE2D74C92.jpg?v=1722174132&width=2048,https://nestorevintage.fr/cdn/shop/files/14E5B257-BAF5-41D5-BC8B-8105040554E9.jpg?v=1722174132&width=2048,T-shirt Stussy PS2 vintage (M),https://nestorevintage.fr/products/t-shirt-stussy-94,T-Shirt,H/F,"[44.31372549019608, 69.0, 42.0]"
3149,https://nestorevintage.fr/cdn/shop/files/2174A97D-CB26-4459-BEAE-0CA59C8AC573.jpg?v=1721575219&width=2048,https://nestorevintage.fr/cdn/shop/files/3A903FA8-00BC-4E2E-8BF3-3ABC53130CDB.jpg?v=1721575219&width=2048,T-shirt Bape (L),https://nestorevintage.fr/products/t-shirt-bape-154,T-Shirt,H/F,"[2.3529411764705883, 0.0, -2.0]"
3150,https://nestorevintage.fr/cdn/shop/files/DA74DD5E-F71F-4CB0-9508-AA7D08AD2B81.jpg?v=1721574892&width=2048,https://nestorevintage.fr/cdn/shop/files/77C08896-719A-4692-AD1D-5F0181EEEEEE.jpg?v=1721574892&width=2048,T-shirt Bape (XL),https://nestorevintage.fr/products/t-shirt-bape-150,T-Shirt,H/F,"[5.88235294117647, 2.0, -10.0]"
3151,https://nestorevintage.fr/cdn/shop/files/7FF176DD-890F-4515-A704-ECB6B413A2F8.jpg?v=1721574621&width=2048,https://nestorevintage.fr/cdn/shop/files/3DC67857-0F0F-4841-84C2-F4CB645661B5.jpg?v=1721574622&width=2048,T-shirt Stussy (S),https://nestorevintage.fr/products/t-shirt-stussy-93,T-Shirt,H/F,"[1.9607843137254901, 0.0, -3.0]"
3152,https://nestorevintage.fr/cdn/shop/files/7FF176DD-890F-4515-A704-ECB6B413A2F8.jpg?v=1721574621&width=2048,https://nestorevintage.fr/cdn/shop/files/3DC67857-0F0F-4841-84C2-F4CB645661B5.jpg?v=1721574622&width=2048,T-shirt Stussy (S),https://nestorevintage.fr/products/t-shirt-stussy-93,T-Shirt,H/F,"[4.705882352941177, 2.0, -7.0]"
3153,https://nestorevintage.fr/cdn/shop/files/FE83C1FA-29AD-47C6-A67A-F8C8E88A069C.jpg?v=1721574335&width=2048,https://nestorevintage.fr/cdn/shop/files/A08DBDCF-190B-4278-9C10-DF070CF89224.jpg?v=1721574335&width=2048,T-shirt Supreme (S),https://nestorevintage.fr/products/t-shirt-supreme-26,T-Shirt,H/F,"[3.5294117647058822, 0.0, -3.0]"
3154,https://nestorevintage.fr/cdn/shop/files/FE83C1FA-29AD-47C6-A67A-F8C8E88A069C.jpg?v=1721574335&width=2048,https://nestorevintage.fr/cdn/shop/files/A08DBDCF-190B-4278-9C10-DF070CF89224.jpg?v=1721574335&width=2048,T-shirt Supreme (S),https://nestorevintage.fr/products/t-shirt-supreme-26,T-Shirt,H/F,"[10.588235294117647, -2.0, -5.0]"
3155,https://nestorevintage.fr/cdn/shop/files/8207730F-2456-4FF4-A9C2-3987B2706F32.jpg?v=1719763016&width=2048,https://nestorevintage.fr/cdn/shop/files/669D33FE-ECA5-4B24-A7DB-D4F78589B9B0.jpg?v=1719763016&width=2048,T-shirt Supreme (M),https://nestorevintage.fr/products/t-shirt-supreme-17,T-Shirt,H/F,"[58.03921568627452, -44.0, 9.0]"
3156,https://nestorevintage.fr/cdn/shop/files/8207730F-2456-4FF4-A9C2-3987B2706F32.jpg?v=1719763016&width=2048,https://nestorevintage.fr/cdn/shop/files/669D33FE-ECA5-4B24-A7DB-D4F78589B9B0.jpg?v=1719763016&width=2048,T-shirt Supreme (M),https://nestorevintage.fr/products/t-shirt-supreme-17,T-Shirt,H/F,"[47.05882352941176, -38.0, 9.0]"
3157,https://nestorevintage.fr/cdn/shop/files/D9832C18-995A-4F91-9D87-D2192551FDD5.jpg?v=1719762474&width=2048,https://nestorevintage.fr/cdn/shop/files/1D774264-DCD8-4578-837F-903646A683DA.jpg?v=1719762473&width=2048,T-shirt Bape (XL),https://nestorevintage.fr/products/t-shirt-bape-141,T-Shirt,H/F,"[76.47058823529412, -10.0, 75.0]"
3158,https://nestorevintage.fr/cdn/shop/files/D9832C18-995A-4F91-9D87-D2192551FDD5.jpg?v=1719762474&width=2048,https://nestorevintage.fr/cdn/shop/files/1D774264-DCD8-4578-837F-903646A683DA.jpg?v=1719762473&width=2048,T-shirt Bape (XL),https://nestorevintage.fr/products/t-shirt-bape-141,T-Shirt,H/F,"[66.27450980392156, -9.0, 68.0]"
3159,https://nestorevintage.fr/cdn/shop/files/9CA4CC16-DEC0-47FC-995A-6400B4832CF6.jpg?v=1719766738&width=2048,https://nestorevintage.fr/cdn/shop/files/51B3DDBB-5ED5-4A78-8E91-9944C30DC1B3.jpg?v=1719766738&width=2048,T-shirt Evisu (XL),https://nestorevintage.fr/products/t-shirt-evisu-3,T-Shirt,H/F,"[13.725490196078432, -8.0, 8.0]"
3160,https://nestorevintage.fr/cdn/shop/files/9CA4CC16-DEC0-47FC-995A-6400B4832CF6.jpg?v=1719766738&width=2048,https://nestorevintage.fr/cdn/shop/files/51B3DDBB-5ED5-4A78-8E91-9944C30DC1B3.jpg?v=1719766738&width=2048,T-shirt Evisu (XL),https://nestorevintage.fr/products/t-shirt-evisu-3,T-Shirt,H/F,"[21.176470588235293, -8.0, 8.0]"
3161,https://nestorevintage.fr/cdn/shop/files/IMG_61242.jpg?v=1719154789&width=2048,https://nestorevintage.fr/cdn/shop/files/IMG_61252.jpg?v=1719154789&width=2048,T-shirt Stussy (M),https://nestorevintage.fr/products/t-shirt-stussy-86,T-Shirt,H/F,"[48.23529411764706, -2.0, 0.0]"
3162,https://nestorevintage.fr/cdn/shop/files/IMG_5688.jpg?v=1718549773&width=2048,https://nestorevintage.fr/cdn/shop/files/IMG_5691.jpg?v=1718549777&width=2048,T-shirt Stussy (S),https://nestorevintage.fr/products/t-shirt-stussy-79,T-Shirt,H/F,"[49.80392156862745, 44.0, 58.0]"
3163,https://nestorevintage.fr/cdn/shop/files/IMG_5679.jpg?v=1718549693&width=2048,https://nestorevintage.fr/cdn/shop/files/IMG_5682.jpg?v=1718549704&width=2048,T-shirt Stussy (S),https://nestorevintage.fr/products/t-shirt-stussy-77,T-Shirt,H/F,"[52.94117647058824, -3.0, 0.0]"
3164,https://nestorevintage.fr/cdn/shop/files/IMG_5679.jpg?v=1718549693&width=2048,https://nestorevintage.fr/cdn/shop/files/IMG_5682.jpg?v=1718549704&width=2048,T-shirt Stussy (S),https://nestorevintage.fr/products/t-shirt-stussy-77,T-Shirt,H/F,"[65.49019607843137, -3.0, -1.0]"
3165,https://nestorevintage.fr/cdn/shop/files/IMG_56475.jpg?v=1718549461&width=2048,https://nestorevintage.fr/cdn/shop/files/IMG_56514.jpg?v=1718549467&width=2048,T-shirt Bape (M),https://nestorevintage.fr/products/t-shirt-bape-129,T-Shirt,H/F,"[24.313725490196077, 33.0, 10.0]"
3166,https://nestorevintage.fr/cdn/shop/files/IMG_49142.jpg?v=1717945296&width=2048,https://nestorevintage.fr/cdn/shop/files/IMG_49182.jpg?v=1717945302&width=2048,T-shirt Supreme (L),https://nestorevintage.fr/products/t-shirt-supreme-13,T-Shirt,H/F,"[31.76470588235294, 0.0, -22.0]"
3167,https://nestorevintage.fr/cdn/shop/files/IMG_49142.jpg?v=1717945296&width=2048,https://nestorevintage.fr/cdn/shop/files/IMG_49182.jpg?v=1717945302&width=2048,T-shirt Supreme (L),https://nestorevintage.fr/products/t-shirt-supreme-13,T-Shirt,H/F,"[40.3921568627451, -1.0, -20.0]"
3168,https://nestorevintage.fr/cdn/shop/files/IMG_48962.jpg?v=1717945185&width=2048,https://nestorevintage.fr/cdn/shop/files/IMG_49002.jpg?v=1717945189&width=2048,T-shirt Bape (XL),https://nestorevintage.fr/products/t-shirt-bape-121,T-Shirt,H/F,"[85.88235294117646, -1.0, 1.0]"
3169,https://nestorevintage.fr/cdn/shop/files/IMG_48962.jpg?v=1717945185&width=2048,https://nestorevintage.fr/cdn/shop/files/IMG_49002.jpg?v=1717945189&width=2048,T-shirt Bape (XL),https://nestorevintage.fr/products/t-shirt-bape-121,T-Shirt,H/F,"[78.43137254901961, -1.0, 2.0]"
3170,https://nestorevintage.fr/cdn/shop/files/IMG_4851.jpg?v=1717944666&width=2048,https://nestorevintage.fr/cdn/shop/files/IMG_4856.jpg?v=1717944671&width=2048,T-shirt Bape (XL),https://nestorevintage.fr/products/t-shirt-bape-114,T-Shirt,H/F,"[86.66666666666667, -1.0, 2.0]"
3171,https://nestorevintage.fr/cdn/shop/files/IMG_4851.jpg?v=1717944666&width=2048,https://nestorevintage.fr/cdn/shop/files/IMG_4856.jpg?v=1717944671&width=2048,T-shirt Bape (XL),https://nestorevintage.fr/products/t-shirt-bape-114,T-Shirt,H/F,"[76.86274509803923, -1.0, 3.0]"
3172,https://nestorevintage.fr/cdn/shop/files/IMG_4840.jpg?v=1717944586&width=2048,https://nestorevintage.fr/cdn/shop/files/IMG_4844.jpg?v=1717944594&width=2048,T-shirt Bape (XL),https://nestorevintage.fr/products/t-shirt-bape-112,T-Shirt,H/F,"[84.70588235294117, -1.0, 1.0]"
3173,https://nestorevintage.fr/cdn/shop/files/IMG_4840.jpg?v=1717944586&width=2048,https://nestorevintage.fr/cdn/shop/files/IMG_4844.jpg?v=1717944594&width=2048,T-shirt Bape (XL),https://nestorevintage.fr/products/t-shirt-bape-112,T-Shirt,H/F,"[75.68627450980392, 0.0, 4.0]"
3174,https://nestorevintage.fr/cdn/shop/files/IMG_39492.jpg?v=1717343028&width=2048,https://nestorevintage.fr/cdn/shop/files/IMG_3952.jpg?v=1717343040&width=2048,T-shirt Stussy (M),https://nestorevintage.fr/products/t-shirt-bape-109,T-Shirt,H/F,"[12.941176470588237, 0.0, -8.0]"
3175,https://nestorevintage.fr/cdn/shop/files/IMG_39492.jpg?v=1717343028&width=2048,https://nestorevintage.fr/cdn/shop/files/IMG_3952.jpg?v=1717343040&width=2048,T-shirt Stussy (M),https://nestorevintage.fr/products/t-shirt-bape-109,T-Shirt,H/F,"[19.215686274509807, 1.0, -9.0]"
3176,https://nestorevintage.fr/cdn/shop/files/IMG_39013.jpg?v=1717342638&width=2048,https://nestorevintage.fr/cdn/shop/files/IMG_39063.jpg?v=1717342644&width=2048,T-shirt Bape (L),https://nestorevintage.fr/products/t-shirt-stussy-73,T-Shirt,H/F,"[13.725490196078432, -1.0, -14.0]"
3177,https://nestorevintage.fr/cdn/shop/files/IMG_39013.jpg?v=1717342638&width=2048,https://nestorevintage.fr/cdn/shop/files/IMG_39063.jpg?v=1717342644&width=2048,T-shirt Bape (L),https://nestorevintage.fr/products/t-shirt-stussy-73,T-Shirt,H/F,"[22.35294117647059, -2.0, -15.0]"
3178,https://nestorevintage.fr/cdn/shop/files/IMG_38923.jpg?v=1717342508&width=2048,https://nestorevintage.fr/cdn/shop/files/IMG_38953.jpg?v=1717342509&width=2048,T-shirt Stussy (S),https://nestorevintage.fr/products/t-shirt-stussy-71,T-Shirt,H/F,"[7.450980392156863, 2.0, -5.0]"
3179,https://nestorevintage.fr/cdn/shop/files/IMG_38883.jpg?v=1717342477&width=2048,https://nestorevintage.fr/cdn/shop/files/IMG_38913.jpg?v=1717342477&width=2048,T-shirt Stussy (M),https://nestorevintage.fr/products/t-shirt-stussy-70,T-Shirt,H/F,"[13.725490196078432, 0.0, -5.0]"
3180,https://nestorevintage.fr/cdn/shop/files/IMG_29142.jpg?v=1716220123&width=2048,https://nestorevintage.fr/cdn/shop/files/IMG_29172.jpg?v=1716220128&width=2048,T-shirt Stussy vintage (S),https://nestorevintage.fr/products/t-shirt-stussy-vintage-86,T-Shirt,H/F,"[74.11764705882354, -1.0, 1.0]"
3181,https://nestorevintage.fr/cdn/shop/files/IMG_29142.jpg?v=1716220123&width=2048,https://nestorevintage.fr/cdn/shop/files/IMG_29172.jpg?v=1716220128&width=2048,T-shirt Stussy vintage (S),https://nestorevintage.fr/products/t-shirt-stussy-vintage-86,T-Shirt,H/F,"[63.13725490196078, -2.0, 1.0]"
3182,https://nestorevintage.fr/cdn/shop/files/IMG_08222.jpg?v=1714922267&width=2048,https://nestorevintage.fr/cdn/shop/files/IMG_08252.jpg?v=1714922272&width=2048,T-shirt Stussy vintage (M),https://nestorevintage.fr/products/t-shirt-stussy-vintage-79,T-Shirt,H/F,"[60.78431372549019, -1.0, 1.0]"
3183,https://nestorevintage.fr/cdn/shop/files/IMG_8933.jpg?v=1713104380&width=2048,https://nestorevintage.fr/cdn/shop/files/IMG_8937.jpg?v=1713104385&width=2048,T-shirt Supreme (XL),https://nestorevintage.fr/products/t-shirt-supreme-10,T-Shirt,H/F,"[10.196078431372548, 0.0, -3.0]"
3184,https://nestorevintage.fr/cdn/shop/files/IMG_8933.jpg?v=1713104380&width=2048,https://nestorevintage.fr/cdn/shop/files/IMG_8937.jpg?v=1713104385&width=2048,T-shirt Supreme (XL),https://nestorevintage.fr/products/t-shirt-supreme-10,T-Shirt,H/F,"[19.215686274509807, 0.0, -3.0]"
3185,https://nestorevintage.fr/cdn/shop/files/IMG_7273_c5882532-4b22-49cb-8a19-4753ba7bc74a.jpg?v=1711899457&width=2048,https://nestorevintage.fr/cdn/shop/files/IMG_7277.jpg?v=1711899463&width=2048,T-shirt Bape vintage (M),https://nestorevintage.fr/products/t-shirt-bape-vintage-12,T-Shirt,H/F,"[8.235294117647058, 0.0, -8.0]"
3186,https://nestorevintage.fr/cdn/shop/files/IMG_4909.jpg?v=1738262256&width=2048,https://nestorevintage.fr/cdn/shop/files/IMG_4910.jpg?v=1738262256&width=2048,Echarpe Burberry (Laine & Cachemire),https://nestorevintage.fr/products/echarpe-burberry-19,Écharpe,H/F,"[68.23529411764706, 1.0, 19.0]"
3187,https://nestorevintage.fr/cdn/shop/files/IMG_4909.jpg?v=1738262256&width=2048,https://nestorevintage.fr/cdn/shop/files/IMG_4910.jpg?v=1738262256&width=2048,Echarpe Burberry (Laine & Cachemire),https://nestorevintage.fr/products/echarpe-burberry-19,Écharpe,H/F,"[17.647058823529413, 1.0, 4.0]"
3188,https://nestorevintage.fr/cdn/shop/files/IMG_4909.jpg?v=1738262256&width=2048,https://nestorevintage.fr/cdn/shop/files/IMG_4910.jpg?v=1738262256&width=2048,Echarpe Burberry (Laine & Cachemire),https://nestorevintage.fr/products/echarpe-burberry-19,Écharpe,H/F,"[44.31372549019608, 2.0, 12.0]"
3189,https://nestorevintage.fr/cdn/shop/files/D8DF856E-EACF-452F-A41E-84A3D0646CAD.jpg?v=1734284239&width=2048,https://nestorevintage.fr/cdn/shop/files/84CE7157-C4A2-4404-8881-60D23719E156.jpg?v=1734284238&width=2048,Portefeuille Dior,https://nestorevintage.fr/products/portefeuille-dior,Portefeuille,F,"[53.72549019607843, 1.0, 10.0]"
3190,https://nestorevintage.fr/cdn/shop/files/D8DF856E-EACF-452F-A41E-84A3D0646CAD.jpg?v=1734284239&width=2048,https://nestorevintage.fr/cdn/shop/files/84CE7157-C4A2-4404-8881-60D23719E156.jpg?v=1734284238&width=2048,Portefeuille Dior,https://nestorevintage.fr/products/portefeuille-dior,Portefeuille,F,"[37.254901960784316, 1.0, 7.0]"
3191,https://nestorevintage.fr/cdn/shop/files/D8DF856E-EACF-452F-A41E-84A3D0646CAD.jpg?v=1734284239&width=2048,https://nestorevintage.fr/cdn/shop/files/84CE7157-C4A2-4404-8881-60D23719E156.jpg?v=1734284238&width=2048,Portefeuille Dior,https://nestorevintage.fr/products/portefeuille-dior,Portefeuille,F,"[78.03921568627452, -1.0, 10.0]"
3192,https://nestorevintage.fr/cdn/shop/files/E3B9E23F-55A7-4255-A9AB-8BCF0BFD2C4C.jpg?v=1734284179&width=2048,https://nestorevintage.fr/cdn/shop/files/8D6B475F-40A8-4D23-BDA3-B766F7DD5ACD.jpg?v=1734284179&width=2048,Portefeuille Louis Vuitton,https://nestorevintage.fr/products/portefeuille-louis-vuitton-1,Portefeuille,F,"[35.294117647058826, 3.0, 8.0]"
3193,https://nestorevintage.fr/cdn/shop/files/E3B9E23F-55A7-4255-A9AB-8BCF0BFD2C4C.jpg?v=1734284179&width=2048,https://nestorevintage.fr/cdn/shop/files/8D6B475F-40A8-4D23-BDA3-B766F7DD5ACD.jpg?v=1734284179&width=2048,Portefeuille Louis Vuitton,https://nestorevintage.fr/products/portefeuille-louis-vuitton-1,Portefeuille,F,"[52.54901960784314, 2.0, 11.0]"
3194,https://nestorevintage.fr/cdn/shop/files/B5582224-A608-414E-9214-D967A42B8255.jpg?v=1734284124&width=2048,https://nestorevintage.fr/cdn/shop/files/D4D4BDA8-EDF1-4C3E-8DF0-A06684C39774.jpg?v=1734284124&width=2048,Portefeuille Louis Vuitton,https://nestorevintage.fr/products/portefeuille-louis-vuitton,Portefeuille,F,"[38.82352941176471, 3.0, 9.0]"
3195,https://nestorevintage.fr/cdn/shop/files/B5582224-A608-414E-9214-D967A42B8255.jpg?v=1734284124&width=2048,https://nestorevintage.fr/cdn/shop/files/D4D4BDA8-EDF1-4C3E-8DF0-A06684C39774.jpg?v=1734284124&width=2048,Portefeuille Louis Vuitton,https://nestorevintage.fr/products/portefeuille-louis-vuitton,Portefeuille,F,"[58.03921568627452, 1.0, 15.0]"
3196,https://nestorevintage.fr/cdn/shop/files/1173F4DC-FD0F-4375-8477-ADB1B740029E.jpg?v=1734283982&width=2048,https://nestorevintage.fr/cdn/shop/files/402D3B10-82EB-4ADC-AB8D-E42D08D8F438.jpg?v=1734283982&width=2048,Portefeuille Balenciaga,https://nestorevintage.fr/products/portefeuille-vivienne-westwood-6,Portefeuille,F,"[74.50980392156863, 0.0, 25.0]"
3197,https://nestorevintage.fr/cdn/shop/files/1173F4DC-FD0F-4375-8477-ADB1B740029E.jpg?v=1734283982&width=2048,https://nestorevintage.fr/cdn/shop/files/402D3B10-82EB-4ADC-AB8D-E42D08D8F438.jpg?v=1734283982&width=2048,Portefeuille Balenciaga,https://nestorevintage.fr/products/portefeuille-vivienne-westwood-6,Portefeuille,F,"[66.66666666666666, 0.0, 30.0]"
3198,https://nestorevintage.fr/cdn/shop/files/D4665C20-E47F-4BEA-92C4-E0AC544257E9.jpg?v=1734283788&width=2048,https://nestorevintage.fr/cdn/shop/files/608468D2-42AB-4980-AE1D-01680B4DEBB8.jpg?v=1734283788&width=2048,Portefeuille Vivienne Westwood,https://nestorevintage.fr/products/portefeuille-vivienne-westwood-5,Portefeuille,F,"[29.01960784313726, -1.0, 1.0]"
3199,https://nestorevintage.fr/cdn/shop/files/D4665C20-E47F-4BEA-92C4-E0AC544257E9.jpg?v=1734283788&width=2048,https://nestorevintage.fr/cdn/shop/files/608468D2-42AB-4980-AE1D-01680B4DEBB8.jpg?v=1734283788&width=2048,Portefeuille Vivienne Westwood,https://nestorevintage.fr/products/portefeuille-vivienne-westwood-5,Portefeuille,F,"[51.76470588235295, -1.0, 4.0]"
3200,https://nestorevintage.fr/cdn/shop/files/336A2FFD-DF37-4E11-A1E2-C7FDC6114DAD.jpg?v=1734283687&width=2048,https://nestorevintage.fr/cdn/shop/files/0AD7DF3E-BD7A-43EA-AA97-A2E6AB69FE9F.jpg?v=1734283687&width=2048,Portefeuille Vivienne Westwood,https://nestorevintage.fr/products/portefeuille-vivienne-westwood,Portefeuille,F,"[25.098039215686274, -1.0, -1.0]"
3201,https://nestorevintage.fr/cdn/shop/files/336A2FFD-DF37-4E11-A1E2-C7FDC6114DAD.jpg?v=1734283687&width=2048,https://nestorevintage.fr/cdn/shop/files/0AD7DF3E-BD7A-43EA-AA97-A2E6AB69FE9F.jpg?v=1734283687&width=2048,Portefeuille Vivienne Westwood,https://nestorevintage.fr/products/portefeuille-vivienne-westwood,Portefeuille,F,"[53.72549019607843, -2.0, 3.0]"
3202,https://nestorevintage.fr/cdn/shop/files/F30D9708-990C-4522-937D-E94AE6BC7F53.jpg?v=1734283396&width=2048,https://nestorevintage.fr/cdn/shop/files/66E7A740-A373-4F97-82EA-029B59934F6D.jpg?v=1734283397&width=2048,Portefeuille Miu Miu,https://nestorevintage.fr/products/portefeuille-miu-miu-4,Portefeuille,F,"[66.27450980392156, 13.0, 25.0]"
3203,https://nestorevintage.fr/cdn/shop/files/F30D9708-990C-4522-937D-E94AE6BC7F53.jpg?v=1734283396&width=2048,https://nestorevintage.fr/cdn/shop/files/66E7A740-A373-4F97-82EA-029B59934F6D.jpg?v=1734283397&width=2048,Portefeuille Miu Miu,https://nestorevintage.fr/products/portefeuille-miu-miu-4,Portefeuille,F,"[52.54901960784314, 13.0, 23.0]"
3204,https://nestorevintage.fr/cdn/shop/files/0BA02165-B0C1-4562-B997-C068F0C303BB.jpg?v=1734283364&width=2048,https://nestorevintage.fr/cdn/shop/files/FDF57423-2638-4393-A60D-29C513E30960.jpg?v=1734283364&width=2048,Portefeuille Miu Miu,https://nestorevintage.fr/products/portefeuille-miu-miu-3,Portefeuille,F,"[73.72549019607844, 4.0, 19.0]"
3205,https://nestorevintage.fr/cdn/shop/files/0BA02165-B0C1-4562-B997-C068F0C303BB.jpg?v=1734283364&width=2048,https://nestorevintage.fr/cdn/shop/files/FDF57423-2638-4393-A60D-29C513E30960.jpg?v=1734283364&width=2048,Portefeuille Miu Miu,https://nestorevintage.fr/products/portefeuille-miu-miu-3,Portefeuille,F,"[80.3921568627451, 3.0, 16.0]"
3206,https://nestorevintage.fr/cdn/shop/files/D817001D-96D5-47D4-91FE-D50FE6BDC94C.jpg?v=1734283322&width=2048,https://nestorevintage.fr/cdn/shop/files/417C19B3-D685-412F-993C-E1CF73F6CC94.jpg?v=1734283322&width=2048,Portefeuille Miu Miu,https://nestorevintage.fr/products/portefeuille-miu-miu-2,Portefeuille,F,"[58.82352941176471, -2.0, 0.0]"
3207,https://nestorevintage.fr/cdn/shop/files/D817001D-96D5-47D4-91FE-D50FE6BDC94C.jpg?v=1734283322&width=2048,https://nestorevintage.fr/cdn/shop/files/417C19B3-D685-412F-993C-E1CF73F6CC94.jpg?v=1734283322&width=2048,Portefeuille Miu Miu,https://nestorevintage.fr/products/portefeuille-miu-miu-2,Portefeuille,F,"[37.254901960784316, -3.0, -6.0]"
3208,https://nestorevintage.fr/cdn/shop/files/5CCE09D5-1CA1-45FA-96B6-E322E1E7FA62.jpg?v=1734283281&width=2048,https://nestorevintage.fr/cdn/shop/files/77AADB84-463D-483D-AB1E-FAE8F3675BB1.jpg?v=1734283281&width=2048,Portefeuille Miu Miu,https://nestorevintage.fr/products/portefeuille-miu-miu-1,Portefeuille,F,"[25.49019607843137, 0.0, -1.0]"
3209,https://nestorevintage.fr/cdn/shop/files/5CCE09D5-1CA1-45FA-96B6-E322E1E7FA62.jpg?v=1734283281&width=2048,https://nestorevintage.fr/cdn/shop/files/77AADB84-463D-483D-AB1E-FAE8F3675BB1.jpg?v=1734283281&width=2048,Portefeuille Miu Miu,https://nestorevintage.fr/products/portefeuille-miu-miu-1,Portefeuille,F,"[47.45098039215686, -1.0, 0.0]"
3210,https://nestorevintage.fr/cdn/shop/files/DBF62E1A-5BE6-442F-84EA-E874C74093E3.jpg?v=1734282879&width=2048,https://nestorevintage.fr/cdn/shop/files/68D69CBA-6E90-4746-A7EF-F9EB8730982A.jpg?v=1734282879&width=2048,Sacoche Prada,https://nestorevintage.fr/products/sacoche-prada-2,Sac bandoulière,H/F,"[76.86274509803923, 12.0, 3.0]"
3211,https://nestorevintage.fr/cdn/shop/files/DBF62E1A-5BE6-442F-84EA-E874C74093E3.jpg?v=1734282879&width=2048,https://nestorevintage.fr/cdn/shop/files/68D69CBA-6E90-4746-A7EF-F9EB8730982A.jpg?v=1734282879&width=2048,Sacoche Prada,https://nestorevintage.fr/products/sacoche-prada-2,Sac bandoulière,H/F,"[60.3921568627451, 13.0, 4.0]"
3212,https://nestorevintage.fr/cdn/shop/files/DBF62E1A-5BE6-442F-84EA-E874C74093E3.jpg?v=1734282879&width=2048,https://nestorevintage.fr/cdn/shop/files/68D69CBA-6E90-4746-A7EF-F9EB8730982A.jpg?v=1734282879&width=2048,Sacoche Prada,https://nestorevintage.fr/products/sacoche-prada-2,Sac bandoulière,H/F,"[35.68627450980392, 11.0, 7.0]"
3213,https://nestorevintage.fr/cdn/shop/files/C0AA1ABA-33F7-413D-8DF3-C46296C283E8.jpg?v=1734282770&width=2048,https://nestorevintage.fr/cdn/shop/files/076E8F0D-424E-4F86-B891-22FB175C4BB8.jpg?v=1734282770&width=2048,Sacoche Prada,https://nestorevintage.fr/products/sacoche-prada,Sac bandoulière,H/F,"[73.33333333333333, 5.0, 28.0]"
3214,https://nestorevintage.fr/cdn/shop/files/C0AA1ABA-33F7-413D-8DF3-C46296C283E8.jpg?v=1734282770&width=2048,https://nestorevintage.fr/cdn/shop/files/076E8F0D-424E-4F86-B891-22FB175C4BB8.jpg?v=1734282770&width=2048,Sacoche Prada,https://nestorevintage.fr/products/sacoche-prada,Sac bandoulière,H/F,"[54.11764705882353, 5.0, 25.0]"
3215,https://nestorevintage.fr/cdn/shop/files/C0AA1ABA-33F7-413D-8DF3-C46296C283E8.jpg?v=1734282770&width=2048,https://nestorevintage.fr/cdn/shop/files/076E8F0D-424E-4F86-B891-22FB175C4BB8.jpg?v=1734282770&width=2048,Sacoche Prada,https://nestorevintage.fr/products/sacoche-prada,Sac bandoulière,H/F,"[32.549019607843135, 5.0, 23.0]"
3216,https://nestorevintage.fr/cdn/shop/files/DD68DFD6-1405-451C-82C3-F6D8CF7C6166.jpg?v=1733683093&width=2048,https://nestorevintage.fr/cdn/shop/files/B57176F4-C5F1-49BF-A2A2-B41B1B47D475.jpg?v=1733683094&width=2048,Echarpe Vivienne Westwood,https://nestorevintage.fr/products/echarpe-vivienne-westwood-5,Écharpe,H/F,"[67.45098039215686, 7.0, 20.0]"
3217,https://nestorevintage.fr/cdn/shop/files/DD68DFD6-1405-451C-82C3-F6D8CF7C6166.jpg?v=1733683093&width=2048,https://nestorevintage.fr/cdn/shop/files/B57176F4-C5F1-49BF-A2A2-B41B1B47D475.jpg?v=1733683094&width=2048,Echarpe Vivienne Westwood,https://nestorevintage.fr/products/echarpe-vivienne-westwood-5,Écharpe,H/F,"[50.98039215686274, 6.0, 16.0]"
3218,https://nestorevintage.fr/cdn/shop/files/DFAC35EF-E275-4986-96C9-6712761FB46F.jpg?v=1732474143&width=2048,https://nestorevintage.fr/cdn/shop/files/B1F6ED94-0535-40D6-9E9A-09E355BDC8B2.jpg?v=1732474141&width=2048,Balenciaga City Bag,https://nestorevintage.fr/products/balenciaga-city-bag-1,Sac à main,F,"[50.98039215686274, 10.0, 36.0]"
3219,https://nestorevintage.fr/cdn/shop/files/DFAC35EF-E275-4986-96C9-6712761FB46F.jpg?v=1732474143&width=2048,https://nestorevintage.fr/cdn/shop/files/B1F6ED94-0535-40D6-9E9A-09E355BDC8B2.jpg?v=1732474141&width=2048,Balenciaga City Bag,https://nestorevintage.fr/products/balenciaga-city-bag-1,Sac à main,F,"[70.98039215686275, 8.0, 33.0]"
3220,https://nestorevintage.fr/cdn/shop/files/DFAC35EF-E275-4986-96C9-6712761FB46F.jpg?v=1732474143&width=2048,https://nestorevintage.fr/cdn/shop/files/B1F6ED94-0535-40D6-9E9A-09E355BDC8B2.jpg?v=1732474141&width=2048,Balenciaga City Bag,https://nestorevintage.fr/products/balenciaga-city-bag-1,Sac à main,F,"[27.058823529411764, 11.0, 28.0]"
3221,https://nestorevintage.fr/cdn/shop/files/4A311D8C-8234-4003-A2B5-0DC8D3B9A093.jpg?v=1732473750&width=2048,https://nestorevintage.fr/cdn/shop/files/5D638EBA-AC04-49C9-91E2-9A017D4B029A.jpg?v=1732473750&width=2048,Echarpe Burberry Laine,https://nestorevintage.fr/products/echarpe-burberry-laine-1,Écharpe,H/F,"[48.23529411764706, 1.0, 11.0]"
3222,https://nestorevintage.fr/cdn/shop/files/4A311D8C-8234-4003-A2B5-0DC8D3B9A093.jpg?v=1732473750&width=2048,https://nestorevintage.fr/cdn/shop/files/5D638EBA-AC04-49C9-91E2-9A017D4B029A.jpg?v=1732473750&width=2048,Echarpe Burberry Laine,https://nestorevintage.fr/products/echarpe-burberry-laine-1,Écharpe,H/F,"[13.333333333333334, 0.0, 1.0]"
3223,https://nestorevintage.fr/cdn/shop/files/4A311D8C-8234-4003-A2B5-0DC8D3B9A093.jpg?v=1732473750&width=2048,https://nestorevintage.fr/cdn/shop/files/5D638EBA-AC04-49C9-91E2-9A017D4B029A.jpg?v=1732473750&width=2048,Echarpe Burberry Laine,https://nestorevintage.fr/products/echarpe-burberry-laine-1,Écharpe,H/F,"[77.64705882352942, -2.0, 1.0]"
3224,https://nestorevintage.fr/cdn/shop/files/077E2EEB-D519-49EC-9B8F-CE59C0A6E1EB.jpg?v=1731256901&width=2048,https://nestorevintage.fr/cdn/shop/files/E47057A4-6DD5-4213-A3C9-133CAE1F1334.jpg?v=1731256901&width=2048,Speedy Murakami Louis Vuitton,https://nestorevintage.fr/products/speedy-murakami-louis-vuitton,Sac à main,F,"[10.980392156862745, -2.0, 1.0]"
3225,https://nestorevintage.fr/cdn/shop/files/077E2EEB-D519-49EC-9B8F-CE59C0A6E1EB.jpg?v=1731256901&width=2048,https://nestorevintage.fr/cdn/shop/files/E47057A4-6DD5-4213-A3C9-133CAE1F1334.jpg?v=1731256901&width=2048,Speedy Murakami Louis Vuitton,https://nestorevintage.fr/products/speedy-murakami-louis-vuitton,Sac à main,F,"[41.568627450980394, 4.0, 11.0]"
3226,https://nestorevintage.fr/cdn/shop/files/077E2EEB-D519-49EC-9B8F-CE59C0A6E1EB.jpg?v=1731256901&width=2048,https://nestorevintage.fr/cdn/shop/files/E47057A4-6DD5-4213-A3C9-133CAE1F1334.jpg?v=1731256901&width=2048,Speedy Murakami Louis Vuitton,https://nestorevintage.fr/products/speedy-murakami-louis-vuitton,Sac à main,F,"[74.50980392156863, 7.0, 26.0]"
3227,https://nestorevintage.fr/cdn/shop/files/82E6C005-C501-448A-81B8-593129147257.jpg?v=1731256809&width=2048,https://nestorevintage.fr/cdn/shop/files/EF2E868D-4599-423B-B7C4-B131905E9696.jpg?v=1731256809&width=2048,Sac Alma Louis Vuitton,https://nestorevintage.fr/products/sac-alma-louis-vuitton,Sac à main,F,"[21.568627450980394, 4.0, 9.0]"
3228,https://nestorevintage.fr/cdn/shop/files/82E6C005-C501-448A-81B8-593129147257.jpg?v=1731256809&width=2048,https://nestorevintage.fr/cdn/shop/files/EF2E868D-4599-423B-B7C4-B131905E9696.jpg?v=1731256809&width=2048,Sac Alma Louis Vuitton,https://nestorevintage.fr/products/sac-alma-louis-vuitton,Sac à main,F,"[44.70588235294118, 4.0, 15.0]"
3229,https://nestorevintage.fr/cdn/shop/files/82E6C005-C501-448A-81B8-593129147257.jpg?v=1731256809&width=2048,https://nestorevintage.fr/cdn/shop/files/EF2E868D-4599-423B-B7C4-B131905E9696.jpg?v=1731256809&width=2048,Sac Alma Louis Vuitton,https://nestorevintage.fr/products/sac-alma-louis-vuitton,Sac à main,F,"[71.37254901960785, 15.0, 43.0]"
3230,https://nestorevintage.fr/cdn/shop/files/FE2DFD3E-59B9-4CDE-8FD0-4E11A468650E.jpg?v=1731256647&width=2048,https://nestorevintage.fr/cdn/shop/files/6FAE00EA-4DC0-45C5-9E95-421872C2142E.jpg?v=1731256647&width=2048,Sac Gucci,https://nestorevintage.fr/products/sac-gucci-1,Sac à main,F,"[17.647058823529413, 0.0, -1.0]"
3231,https://nestorevintage.fr/cdn/shop/files/FE2DFD3E-59B9-4CDE-8FD0-4E11A468650E.jpg?v=1731256647&width=2048,https://nestorevintage.fr/cdn/shop/files/6FAE00EA-4DC0-45C5-9E95-421872C2142E.jpg?v=1731256647&width=2048,Sac Gucci,https://nestorevintage.fr/products/sac-gucci-1,Sac à main,F,"[37.254901960784316, 0.0, 0.0]"
3232,https://nestorevintage.fr/cdn/shop/files/1D484BFD-4069-491A-9AD7-72855B4535F0.jpg?v=1731256409&width=2048,https://nestorevintage.fr/cdn/shop/files/71B6B296-6275-45C3-BDCC-30C6D72C4FC2.jpg?v=1731256409&width=2048,Sac Miu Miu,https://nestorevintage.fr/products/sac-miu-miu-5,Sac à main,F,"[83.13725490196079, 2.0, 18.0]"
3233,https://nestorevintage.fr/cdn/shop/files/1D484BFD-4069-491A-9AD7-72855B4535F0.jpg?v=1731256409&width=2048,https://nestorevintage.fr/cdn/shop/files/71B6B296-6275-45C3-BDCC-30C6D72C4FC2.jpg?v=1731256409&width=2048,Sac Miu Miu,https://nestorevintage.fr/products/sac-miu-miu-5,Sac à main,F,"[61.568627450980394, 5.0, 18.0]"
3234,https://nestorevintage.fr/cdn/shop/files/1D484BFD-4069-491A-9AD7-72855B4535F0.jpg?v=1731256409&width=2048,https://nestorevintage.fr/cdn/shop/files/71B6B296-6275-45C3-BDCC-30C6D72C4FC2.jpg?v=1731256409&width=2048,Sac Miu Miu,https://nestorevintage.fr/products/sac-miu-miu-5,Sac à main,F,"[30.19607843137255, 6.0, 15.0]"
3235,https://nestorevintage.fr/cdn/shop/files/6F63EA32-B320-4B16-93C0-ED31F37DE5E4.jpg?v=1730051143&width=2048,https://nestorevintage.fr/cdn/shop/files/E36A0F9F-6DC1-428E-9A62-0EF2C861BA6B.jpg?v=1730051143&width=2048,Portefeuille MiuMiu,https://nestorevintage.fr/products/portefeuille-miumiu,Portefeuille,F,"[47.84313725490196, 18.0, 16.0]"
3236,https://nestorevintage.fr/cdn/shop/files/6F63EA32-B320-4B16-93C0-ED31F37DE5E4.jpg?v=1730051143&width=2048,https://nestorevintage.fr/cdn/shop/files/E36A0F9F-6DC1-428E-9A62-0EF2C861BA6B.jpg?v=1730051143&width=2048,Portefeuille MiuMiu,https://nestorevintage.fr/products/portefeuille-miumiu,Portefeuille,F,"[30.58823529411765, 19.0, 20.0]"
3237,https://nestorevintage.fr/cdn/shop/files/AE086A53-7FAE-4547-BEB0-40ACC80C2E26.jpg?v=1730050979&width=2048,https://nestorevintage.fr/cdn/shop/files/9AB57880-AAB3-47D6-A546-A2B85904F343.jpg?v=1730050978&width=2048,Sac Evisu,https://nestorevintage.fr/products/sac-evisu,Sac à main,F,"[83.13725490196079, -1.0, 4.0]"
3238,https://nestorevintage.fr/cdn/shop/files/549968B5-051A-4004-8B6E-DD9CF72E5E36.jpg?v=1730050853&width=2048,https://nestorevintage.fr/cdn/shop/files/DD7AE5D9-CCD7-4E65-91D2-C76387AD6D93.jpg?v=1730050854&width=2048,Sacoche Nike ACG,https://nestorevintage.fr/products/sacoche-nike-acg-1,Sac bandoulière,H,"[10.588235294117647, -2.0, -2.0]"
3239,https://nestorevintage.fr/cdn/shop/files/549968B5-051A-4004-8B6E-DD9CF72E5E36.jpg?v=1730050853&width=2048,https://nestorevintage.fr/cdn/shop/files/DD7AE5D9-CCD7-4E65-91D2-C76387AD6D93.jpg?v=1730050854&width=2048,Sacoche Nike ACG,https://nestorevintage.fr/products/sacoche-nike-acg-1,Sac bandoulière,H,"[34.509803921568626, 0.0, -8.0]"
3240,https://nestorevintage.fr/cdn/shop/files/549968B5-051A-4004-8B6E-DD9CF72E5E36.jpg?v=1730050853&width=2048,https://nestorevintage.fr/cdn/shop/files/DD7AE5D9-CCD7-4E65-91D2-C76387AD6D93.jpg?v=1730050854&width=2048,Sacoche Nike ACG,https://nestorevintage.fr/products/sacoche-nike-acg-1,Sac bandoulière,H,"[60.3921568627451, 21.0, 22.0]"
3241,https://nestorevintage.fr/cdn/shop/files/7F9ACF81-F4AD-45AE-B4EF-CFD9316D5500.jpg?v=1730050754&width=2048,https://nestorevintage.fr/cdn/shop/files/8EC2D52E-8000-460B-8667-A6689DDC9BF8.jpg?v=1730050754&width=2048,Sacoche Gucci,https://nestorevintage.fr/products/sacoche,Sac bandoulière,H,"[58.43137254901961, 1.0, 10.0]"
3242,https://nestorevintage.fr/cdn/shop/files/7F9ACF81-F4AD-45AE-B4EF-CFD9316D5500.jpg?v=1730050754&width=2048,https://nestorevintage.fr/cdn/shop/files/8EC2D52E-8000-460B-8667-A6689DDC9BF8.jpg?v=1730050754&width=2048,Sacoche Gucci,https://nestorevintage.fr/products/sacoche,Sac bandoulière,H,"[36.86274509803922, 3.0, 8.0]"
3243,https://nestorevintage.fr/cdn/shop/files/8BCF2115-B673-48C1-9410-B9C4708FE600.jpg?v=1730050699&width=2048,https://nestorevintage.fr/cdn/shop/files/A5E2437E-D74A-4CEF-8F49-43C8770D62B5.jpg?v=1730050700&width=2048,Sacoche Prada Sport,https://nestorevintage.fr/products/sacoche-prada-sport,Sac bandoulière,H,"[4.313725490196078, 0.0, -2.0]"
3244,https://nestorevintage.fr/cdn/shop/files/8BCF2115-B673-48C1-9410-B9C4708FE600.jpg?v=1730050699&width=2048,https://nestorevintage.fr/cdn/shop/files/A5E2437E-D74A-4CEF-8F49-43C8770D62B5.jpg?v=1730050700&width=2048,Sacoche Prada Sport,https://nestorevintage.fr/products/sacoche-prada-sport,Sac bandoulière,H,"[32.15686274509804, -2.0, -1.0]"
3245,https://nestorevintage.fr/cdn/shop/files/280C845A-D37B-46D2-A564-F36AC9EDBE5E.jpg?v=1730050639&width=2048,https://nestorevintage.fr/cdn/shop/files/AF4663DB-54E0-4F11-A2D1-5C4F34E0675A.jpg?v=1730050638&width=2048,Sacoche Nike,https://nestorevintage.fr/products/sacoche-nike-5,Sac bandoulière,H,"[47.45098039215686, 3.0, 5.0]"
3246,https://nestorevintage.fr/cdn/shop/files/280C845A-D37B-46D2-A564-F36AC9EDBE5E.jpg?v=1730050639&width=2048,https://nestorevintage.fr/cdn/shop/files/AF4663DB-54E0-4F11-A2D1-5C4F34E0675A.jpg?v=1730050638&width=2048,Sacoche Nike,https://nestorevintage.fr/products/sacoche-nike-5,Sac bandoulière,H,"[6.2745098039215685, 0.0, -2.0]"
3247,https://nestorevintage.fr/cdn/shop/files/25D768F1-B301-4A8E-A8EA-ABEE574A16FB.jpg?v=1730050606&width=2048,https://nestorevintage.fr/cdn/shop/files/631EC266-862A-464D-95DA-401A69AF13E0.jpg?v=1730050607&width=2048,Sacoche Nike,https://nestorevintage.fr/products/sacoche-nike-4,Sac bandoulière,H,"[23.92156862745098, -7.0, -5.0]"
3248,https://nestorevintage.fr/cdn/shop/files/25D768F1-B301-4A8E-A8EA-ABEE574A16FB.jpg?v=1730050606&width=2048,https://nestorevintage.fr/cdn/shop/files/631EC266-862A-464D-95DA-401A69AF13E0.jpg?v=1730050607&width=2048,Sacoche Nike,https://nestorevintage.fr/products/sacoche-nike-4,Sac bandoulière,H,"[8.235294117647058, -4.0, -3.0]"
3249,https://nestorevintage.fr/cdn/shop/files/05F2A3CD-19D5-4CB6-ACA8-6F2C0CFAAC3E.jpg?v=1730050516&width=2048,https://nestorevintage.fr/cdn/shop/files/F82F6EC5-C285-4279-8B93-868E04445100.jpg?v=1730050516&width=2048,Sacoche Nike,https://nestorevintage.fr/products/sacoche-nike-2,Sac bandoulière,H,"[4.705882352941177, -2.0, -2.0]"
3250,https://nestorevintage.fr/cdn/shop/files/05F2A3CD-19D5-4CB6-ACA8-6F2C0CFAAC3E.jpg?v=1730050516&width=2048,https://nestorevintage.fr/cdn/shop/files/F82F6EC5-C285-4279-8B93-868E04445100.jpg?v=1730050516&width=2048,Sacoche Nike,https://nestorevintage.fr/products/sacoche-nike-2,Sac bandoulière,H,"[14.901960784313726, 0.0, -3.0]"
3251,https://nestorevintage.fr/cdn/shop/files/IMG_8072.jpg?v=1728231632&width=2048,https://nestorevintage.fr/cdn/shop/files/IMG_8070_477e6b17-fe05-479b-96c3-4239f7db26a6.jpg?v=1728231633&width=2048,Sac à main Evisu,https://nestorevintage.fr/products/sac-a-main-evisu,Sac à main,F,"[14.50980392156863, 1.0, -15.0]"
3252,https://nestorevintage.fr/cdn/shop/files/IMG_8057_acbdb212-a069-4417-b72d-41358bc6d901.jpg?v=1728231586&width=2048,https://nestorevintage.fr/cdn/shop/files/IMG_8060.jpg?v=1728231587&width=2048,Sac à main Prada,https://nestorevintage.fr/products/sac-a-main-prada-3,Sac à main,F,"[12.941176470588237, -1.0, -1.0]"
3253,https://nestorevintage.fr/cdn/shop/files/IMG_8057_acbdb212-a069-4417-b72d-41358bc6d901.jpg?v=1728231586&width=2048,https://nestorevintage.fr/cdn/shop/files/IMG_8060.jpg?v=1728231587&width=2048,Sac à main Prada,https://nestorevintage.fr/products/sac-a-main-prada-3,Sac à main,F,"[40.78431372549019, 0.0, 1.0]"
3254,https://nestorevintage.fr/cdn/shop/files/IMG_8057_acbdb212-a069-4417-b72d-41358bc6d901.jpg?v=1728231586&width=2048,https://nestorevintage.fr/cdn/shop/files/IMG_8060.jpg?v=1728231587&width=2048,Sac à main Prada,https://nestorevintage.fr/products/sac-a-main-prada-3,Sac à main,F,"[65.88235294117646, -2.0, 2.0]"
3255,https://nestorevintage.fr/cdn/shop/files/IMG_8040_7ac20f48-1398-46e2-bed4-1c1fdabf16ae.jpg?v=1728231471&width=2048,https://nestorevintage.fr/cdn/shop/files/IMG_8042_958b3541-86bd-4bd0-8987-c4d8096d52bc.jpg?v=1728231471&width=2048,Sac à main Burberry,https://nestorevintage.fr/products/sac-a-main-burberry,Sac à main,F,"[77.25490196078432, -1.0, 8.0]"
3256,https://nestorevintage.fr/cdn/shop/files/IMG_8040_7ac20f48-1398-46e2-bed4-1c1fdabf16ae.jpg?v=1728231471&width=2048,https://nestorevintage.fr/cdn/shop/files/IMG_8042_958b3541-86bd-4bd0-8987-c4d8096d52bc.jpg?v=1728231471&width=2048,Sac à main Burberry,https://nestorevintage.fr/products/sac-a-main-burberry,Sac à main,F,"[50.98039215686274, 0.0, 5.0]"
3257,https://nestorevintage.fr/cdn/shop/files/IMG_8040_7ac20f48-1398-46e2-bed4-1c1fdabf16ae.jpg?v=1728231471&width=2048,https://nestorevintage.fr/cdn/shop/files/IMG_8042_958b3541-86bd-4bd0-8987-c4d8096d52bc.jpg?v=1728231471&width=2048,Sac à main Burberry,https://nestorevintage.fr/products/sac-a-main-burberry,Sac à main,F,"[19.607843137254903, 3.0, 3.0]"
3258,https://nestorevintage.fr/cdn/shop/files/IMG_8080.jpg?v=1728231418&width=2048,https://nestorevintage.fr/cdn/shop/files/IMG_8082.jpg?v=1728231418&width=2048,Sacoche Nike ACG,https://nestorevintage.fr/products/sacoche-nike-acg,Sac bandoulière,H ,"[3.5294117647058822, 0.0, -2.0]"
3259,https://nestorevintage.fr/cdn/shop/files/IMG_8080.jpg?v=1728231418&width=2048,https://nestorevintage.fr/cdn/shop/files/IMG_8082.jpg?v=1728231418&width=2048,Sacoche Nike ACG,https://nestorevintage.fr/products/sacoche-nike-acg,Sac bandoulière,H ,"[17.254901960784313, 1.0, -5.0]"
3260,https://nestorevintage.fr/cdn/shop/files/IMG_8075.jpg?v=1728231385&width=2048,https://nestorevintage.fr/cdn/shop/files/IMG_8077.jpg?v=1728231384&width=2048,Sacoche Nike,https://nestorevintage.fr/products/sacoche-nike-1,Sac bandoulière,H ,"[4.313725490196078, 0.0, -8.0]"
3261,https://nestorevintage.fr/cdn/shop/files/IMG_8075.jpg?v=1728231385&width=2048,https://nestorevintage.fr/cdn/shop/files/IMG_8077.jpg?v=1728231384&width=2048,Sacoche Nike,https://nestorevintage.fr/products/sacoche-nike-1,Sac bandoulière,H ,"[19.215686274509807, 2.0, -15.0]"
3262,https://nestorevintage.fr/cdn/shop/files/IMG_8065_e034ec9b-fb9a-4ecd-9a21-4f4dc1979e39.jpg?v=1728231291&width=2048,https://nestorevintage.fr/cdn/shop/files/IMG_8067.jpg?v=1728231291&width=2048,Sacoche Gucci,https://nestorevintage.fr/products/sacoche-gucci-3,Sac bandoulière,H,"[37.254901960784316, -1.0, 2.0]"
3263,https://nestorevintage.fr/cdn/shop/files/IMG_8065_e034ec9b-fb9a-4ecd-9a21-4f4dc1979e39.jpg?v=1728231291&width=2048,https://nestorevintage.fr/cdn/shop/files/IMG_8067.jpg?v=1728231291&width=2048,Sacoche Gucci,https://nestorevintage.fr/products/sacoche-gucci-3,Sac bandoulière,H,"[9.411764705882353, 2.0, -2.0]"
3264,https://nestorevintage.fr/cdn/shop/files/IMG_8065_e034ec9b-fb9a-4ecd-9a21-4f4dc1979e39.jpg?v=1728231291&width=2048,https://nestorevintage.fr/cdn/shop/files/IMG_8067.jpg?v=1728231291&width=2048,Sacoche Gucci,https://nestorevintage.fr/products/sacoche-gucci-3,Sac bandoulière,H,"[61.96078431372549, -1.0, 3.0]"
3265,https://nestorevintage.fr/cdn/shop/files/14EBE66F-9822-4299-8AAC-C34C62241C5A.jpg?v=1727627977&width=2048,https://nestorevintage.fr/cdn/shop/files/9DCEE57B-E3DE-49E5-84C6-8DE0EC66977D.jpg?v=1727627977&width=2048,Portefeuille Vivienne Westwood,https://nestorevintage.fr/products/portefeuille-vivienne-westwood-3,Portefeuille,F,"[5.490196078431373, 0.0, -2.0]"
3266,https://nestorevintage.fr/cdn/shop/files/2F6D8BC6-B29A-4D61-9129-82CFBCF0544C.jpg?v=1727627790&width=2048,https://nestorevintage.fr/cdn/shop/files/E214FAE1-0521-43C0-8655-D134D8888154.jpg?v=1727627790&width=2048,Louis Vuitton Speedy 40,https://nestorevintage.fr/products/louis-vuitton-speedy-40,Sac à main,F,"[21.176470588235293, 5.0, 11.0]"
3267,https://nestorevintage.fr/cdn/shop/files/2F6D8BC6-B29A-4D61-9129-82CFBCF0544C.jpg?v=1727627790&width=2048,https://nestorevintage.fr/cdn/shop/files/E214FAE1-0521-43C0-8655-D134D8888154.jpg?v=1727627790&width=2048,Louis Vuitton Speedy 40,https://nestorevintage.fr/products/louis-vuitton-speedy-40,Sac à main,F,"[42.35294117647059, 4.0, 12.0]"
3268,https://nestorevintage.fr/cdn/shop/files/D9DD5919-292C-4F83-929F-B0A9483DFB0E.jpg?v=1727627641&width=2048,https://nestorevintage.fr/cdn/shop/files/666FC6FA-22E5-4A81-BB2C-5F10F9B8D67D.jpg?v=1727627641&width=2048,Sac de voyage Prada Nylon 50,https://nestorevintage.fr/products/sac-de-voyage-prada-nylon-50,Sac de voyage,H/F,"[5.88235294117647, 0.0, -2.0]"
3269,https://nestorevintage.fr/cdn/shop/files/D9DD5919-292C-4F83-929F-B0A9483DFB0E.jpg?v=1727627641&width=2048,https://nestorevintage.fr/cdn/shop/files/666FC6FA-22E5-4A81-BB2C-5F10F9B8D67D.jpg?v=1727627641&width=2048,Sac de voyage Prada Nylon 50,https://nestorevintage.fr/products/sac-de-voyage-prada-nylon-50,Sac de voyage,H/F,"[29.411764705882355, -1.0, -6.0]"
3270,https://nestorevintage.fr/cdn/shop/files/F977AF9B-6D83-45FE-A07B-11AEA7DB3004.jpg?v=1725805381&width=2048,https://nestorevintage.fr/cdn/shop/files/E1495C96-8841-49B8-B36B-ED7D6E46A4A7.jpg?v=1725805382&width=2048,Sacoche Gucci Korea Exclusive,https://nestorevintage.fr/products/sacoche-gucci-korea-exclusive,Sac bandoulière,H,"[43.92156862745098, 2.0, 5.0]"
3271,https://nestorevintage.fr/cdn/shop/files/F977AF9B-6D83-45FE-A07B-11AEA7DB3004.jpg?v=1725805381&width=2048,https://nestorevintage.fr/cdn/shop/files/E1495C96-8841-49B8-B36B-ED7D6E46A4A7.jpg?v=1725805382&width=2048,Sacoche Gucci Korea Exclusive,https://nestorevintage.fr/products/sacoche-gucci-korea-exclusive,Sac bandoulière,H,"[62.35294117647059, -1.0, 6.0]"
3272,https://nestorevintage.fr/cdn/shop/files/623B3473-757C-4EF2-9B92-B5562319F517.jpg?v=1725199435&width=2048,https://nestorevintage.fr/cdn/shop/files/9B299CE3-0057-4DC8-A2A5-00D1DB3764D2.jpg?v=1725199435&width=2048,Lunettes de soleil Prada Sport,https://nestorevintage.fr/products/lunettes-de-soleil-prada-sport,Lunettes,H/F,"[10.588235294117647, 6.0, 12.0]"
3273,https://nestorevintage.fr/cdn/shop/files/623B3473-757C-4EF2-9B92-B5562319F517.jpg?v=1725199435&width=2048,https://nestorevintage.fr/cdn/shop/files/9B299CE3-0057-4DC8-A2A5-00D1DB3764D2.jpg?v=1725199435&width=2048,Lunettes de soleil Prada Sport,https://nestorevintage.fr/products/lunettes-de-soleil-prada-sport,Lunettes,H/F,"[34.90196078431372, 12.0, 25.0]"
3274,https://nestorevintage.fr/cdn/shop/files/79A1B3ED-B0C0-4F63-8978-C256E97923C5.jpg?v=1724602936&width=2048,https://nestorevintage.fr/cdn/shop/files/D3CAED34-2262-416A-A665-3F74A3CE9462.jpg?v=1724602936&width=2048,Sac à dos Arc’teryx Arro 22,https://nestorevintage.fr/products/sac-a-dos-arc-teryx-arro-23,Sac à dos,H/F,"[22.35294117647059, -2.0, -3.0]"
3275,https://nestorevintage.fr/cdn/shop/files/79A1B3ED-B0C0-4F63-8978-C256E97923C5.jpg?v=1724602936&width=2048,https://nestorevintage.fr/cdn/shop/files/D3CAED34-2262-416A-A665-3F74A3CE9462.jpg?v=1724602936&width=2048,Sac à dos Arc’teryx Arro 22,https://nestorevintage.fr/products/sac-a-dos-arc-teryx-arro-23,Sac à dos,H/F,"[5.490196078431373, 0.0, -2.0]"
3276,https://nestorevintage.fr/cdn/shop/files/95297F98-7369-4EDA-9F57-94835A3E335F.jpg?v=1724602841&width=2048,https://nestorevintage.fr/cdn/shop/files/EFB872BF-835E-4339-BF18-07E467149CD3.jpg?v=1724602841&width=2048,Sac à main Jackie Gucci,https://nestorevintage.fr/products/sacoche-gucci-2,Sac à main,F,"[85.88235294117646, -16.0, 60.0]"
3277,https://nestorevintage.fr/cdn/shop/files/95297F98-7369-4EDA-9F57-94835A3E335F.jpg?v=1724602841&width=2048,https://nestorevintage.fr/cdn/shop/files/EFB872BF-835E-4339-BF18-07E467149CD3.jpg?v=1724602841&width=2048,Sac à main Jackie Gucci,https://nestorevintage.fr/products/sacoche-gucci-2,Sac à main,F,"[66.27450980392156, -9.0, 47.0]"
3278,https://nestorevintage.fr/cdn/shop/files/C70BB3B2-5F27-4316-B265-F1947AB37E01.jpg?v=1724602773&width=2048,https://nestorevintage.fr/cdn/shop/files/63995C57-AA21-4CAE-8847-3C226E4A3957.jpg?v=1724602774&width=2048,Sacoche gucci,https://nestorevintage.fr/products/sacoche-gucci-1,Sac bandoulière,H,"[39.21568627450981, 3.0, 11.0]"
3279,https://nestorevintage.fr/cdn/shop/files/C70BB3B2-5F27-4316-B265-F1947AB37E01.jpg?v=1724602773&width=2048,https://nestorevintage.fr/cdn/shop/files/63995C57-AA21-4CAE-8847-3C226E4A3957.jpg?v=1724602774&width=2048,Sacoche gucci,https://nestorevintage.fr/products/sacoche-gucci-1,Sac bandoulière,H,"[10.588235294117647, 2.0, 6.0]"
3280,https://nestorevintage.fr/cdn/shop/files/C70BB3B2-5F27-4316-B265-F1947AB37E01.jpg?v=1724602773&width=2048,https://nestorevintage.fr/cdn/shop/files/63995C57-AA21-4CAE-8847-3C226E4A3957.jpg?v=1724602774&width=2048,Sacoche gucci,https://nestorevintage.fr/products/sacoche-gucci-1,Sac bandoulière,H,"[63.921568627450974, 2.0, 11.0]"
3281,https://nestorevintage.fr/cdn/shop/files/5D958C58-2C61-428F-9300-B1F4605C3A89.jpg?v=1724602696&width=2048,https://nestorevintage.fr/cdn/shop/files/C7800677-30AA-4912-8AE2-D8724992A6D7.jpg?v=1724602696&width=2048,Sacoche gucci,https://nestorevintage.fr/products/sacoche-gucci,Sac bandoulière,H,"[42.745098039215684, -2.0, 8.0]"
3282,https://nestorevintage.fr/cdn/shop/files/5D958C58-2C61-428F-9300-B1F4605C3A89.jpg?v=1724602696&width=2048,https://nestorevintage.fr/cdn/shop/files/C7800677-30AA-4912-8AE2-D8724992A6D7.jpg?v=1724602696&width=2048,Sacoche gucci,https://nestorevintage.fr/products/sacoche-gucci,Sac bandoulière,H,"[67.05882352941175, -2.0, 8.0]"
3283,https://nestorevintage.fr/cdn/shop/files/5D958C58-2C61-428F-9300-B1F4605C3A89.jpg?v=1724602696&width=2048,https://nestorevintage.fr/cdn/shop/files/C7800677-30AA-4912-8AE2-D8724992A6D7.jpg?v=1724602696&width=2048,Sacoche gucci,https://nestorevintage.fr/products/sacoche-gucci,Sac bandoulière,H,"[9.019607843137255, 0.0, 2.0]"
3284,https://nestorevintage.fr/cdn/shop/files/50742BA7-3710-4C04-9862-73EFAE7CE421.jpg?v=1723391081&width=2048,https://nestorevintage.fr/cdn/shop/files/D09FFB15-0EC9-4C71-B56B-73BFE36BD69E.jpg?v=1723391082&width=2048,Sac à main Speedy 30 Louis Vuitton,https://nestorevintage.fr/products/sac-a-main-speedy-30-louis-vuitton,Sac à main,F,"[14.117647058823529, 6.0, 8.0]"
3285,https://nestorevintage.fr/cdn/shop/files/50742BA7-3710-4C04-9862-73EFAE7CE421.jpg?v=1723391081&width=2048,https://nestorevintage.fr/cdn/shop/files/D09FFB15-0EC9-4C71-B56B-73BFE36BD69E.jpg?v=1723391082&width=2048,Sac à main Speedy 30 Louis Vuitton,https://nestorevintage.fr/products/sac-a-main-speedy-30-louis-vuitton,Sac à main,F,"[30.58823529411765, 4.0, 9.0]"
3286,https://nestorevintage.fr/cdn/shop/files/IMG_05822.jpg?v=1722790766&width=3024,https://nestorevintage.fr/cdn/shop/files/IMG_05842.jpg?v=1722790766&width=3024,Sac speedy 30 Louis Vuitton,https://nestorevintage.fr/products/sac-speedy-30-louis-vuitton-1,Sac à main,F,"[18.03921568627451, 6.0, 8.0]"
3287,https://nestorevintage.fr/cdn/shop/files/IMG_05822.jpg?v=1722790766&width=3024,https://nestorevintage.fr/cdn/shop/files/IMG_05842.jpg?v=1722790766&width=3024,Sac speedy 30 Louis Vuitton,https://nestorevintage.fr/products/sac-speedy-30-louis-vuitton-1,Sac à main,F,"[34.90196078431372, 8.0, 13.0]"
3288,https://nestorevintage.fr/cdn/shop/files/IMG_05622_4b3d4fad-7021-4cc8-991a-fc508babefa2.jpg?v=1722790441&width=2048,https://nestorevintage.fr/cdn/shop/files/IMG_05603_8b780ec8-60d4-43ec-8b7a-a8229245f09e.jpg?v=1722790441&width=2048,Sac speedy 30 Louis Vuitton,https://nestorevintage.fr/products/sac-speedy-30-louis-vuitton,Sac à main,F,"[31.372549019607842, 8.0, 13.0]"
3289,https://nestorevintage.fr/cdn/shop/files/IMG_05622_4b3d4fad-7021-4cc8-991a-fc508babefa2.jpg?v=1722790441&width=2048,https://nestorevintage.fr/cdn/shop/files/IMG_05603_8b780ec8-60d4-43ec-8b7a-a8229245f09e.jpg?v=1722790441&width=2048,Sac speedy 30 Louis Vuitton,https://nestorevintage.fr/products/sac-speedy-30-louis-vuitton,Sac à main,F,"[14.117647058823529, 8.0, 12.0]"
3290,https://nestorevintage.fr/cdn/shop/files/C3A18182-357E-4551-8383-A9E57DD20141.jpg?v=1720365983&width=2048,https://nestorevintage.fr/cdn/shop/files/8FA952F2-124C-438E-BA7F-FBF747B2E991.jpg?v=1720365983&width=2048,Sac Gérard Darel 24H,https://nestorevintage.fr/products/sac-gerard-darel-24h,Sac à main,F,"[33.33333333333333, 24.0, 14.0]"
3291,https://nestorevintage.fr/cdn/shop/files/C3A18182-357E-4551-8383-A9E57DD20141.jpg?v=1720365983&width=2048,https://nestorevintage.fr/cdn/shop/files/8FA952F2-124C-438E-BA7F-FBF747B2E991.jpg?v=1720365983&width=2048,Sac Gérard Darel 24H,https://nestorevintage.fr/products/sac-gerard-darel-24h,Sac à main,F,"[9.803921568627452, 16.0, 10.0]"
3292,https://nestorevintage.fr/cdn/shop/files/C3A18182-357E-4551-8383-A9E57DD20141.jpg?v=1720365983&width=2048,https://nestorevintage.fr/cdn/shop/files/8FA952F2-124C-438E-BA7F-FBF747B2E991.jpg?v=1720365983&width=2048,Sac Gérard Darel 24H,https://nestorevintage.fr/products/sac-gerard-darel-24h,Sac à main,F,"[53.333333333333336, 20.0, 11.0]"
3293,https://nestorevintage.fr/cdn/shop/files/92AC9269-63BB-4E61-AB85-25DEB79FF7F8.jpg?v=1720365893&width=2048,https://nestorevintage.fr/cdn/shop/files/6E32F079-7E7A-4587-8471-3E943921B908.jpg?v=1720365893&width=2048,Sacoche Stone Island,https://nestorevintage.fr/products/sacoche-stone-island-1,Sac bandoulière,H,"[18.43137254901961, 1.0, -5.0]"
3294,https://nestorevintage.fr/cdn/shop/files/92AC9269-63BB-4E61-AB85-25DEB79FF7F8.jpg?v=1720365893&width=2048,https://nestorevintage.fr/cdn/shop/files/6E32F079-7E7A-4587-8471-3E943921B908.jpg?v=1720365893&width=2048,Sacoche Stone Island,https://nestorevintage.fr/products/sacoche-stone-island-1,Sac bandoulière,H,"[5.490196078431373, -2.0, -3.0]"
3295,https://nestorevintage.fr/cdn/shop/files/IMG_35243.jpg?v=1716741503&width=2048,https://nestorevintage.fr/cdn/shop/files/IMG_35263.jpg?v=1716741501&width=2048,Sacoche Nike vintage,https://nestorevintage.fr/products/sacoche-nike-acg-vintage-5,Sac bandoulière,H,"[7.0588235294117645, 0.0, -2.0]"
3296,https://nestorevintage.fr/cdn/shop/files/IMG_35243.jpg?v=1716741503&width=2048,https://nestorevintage.fr/cdn/shop/files/IMG_35263.jpg?v=1716741501&width=2048,Sacoche Nike vintage,https://nestorevintage.fr/products/sacoche-nike-acg-vintage-5,Sac bandoulière,H,"[29.411764705882355, 1.0, -4.0]"
3297,https://nestorevintage.fr/cdn/shop/files/IMG_23132.jpg?v=1715529282&width=2048,https://nestorevintage.fr/cdn/shop/files/IMG_23152.jpg?v=1715529290&width=2048,Sacoche Nike vintage,https://nestorevintage.fr/products/sacoche-nike-vintage-10,Sac bandoulière,H,"[7.450980392156863, 2.0, -10.0]"
3298,https://nestorevintage.fr/cdn/shop/files/IMG_23132.jpg?v=1715529282&width=2048,https://nestorevintage.fr/cdn/shop/files/IMG_23152.jpg?v=1715529290&width=2048,Sacoche Nike vintage,https://nestorevintage.fr/products/sacoche-nike-vintage-10,Sac bandoulière,H,"[33.33333333333333, -2.0, -14.0]"
3299,https://nestorevintage.fr/cdn/shop/files/IMG_23132.jpg?v=1715529282&width=2048,https://nestorevintage.fr/cdn/shop/files/IMG_23152.jpg?v=1715529290&width=2048,Sacoche Nike vintage,https://nestorevintage.fr/products/sacoche-nike-vintage-10,Sac bandoulière,H,"[62.745098039215684, -4.0, -13.0]"
3300,https://nestorevintage.fr/cdn/shop/files/IMG_61923.jpg?v=1711303655&width=2048,https://nestorevintage.fr/cdn/shop/files/IMG_61932.jpg?v=1711303657&width=2048,Sac à dos Arc'teryx vintage (Arro 22),https://nestorevintage.fr/products/sac-a-dos-arcteryx-vintage-arro-23,Sac à dos,H/F,"[6.666666666666667, 0.0, -2.0]"
3301,https://nestorevintage.fr/cdn/shop/files/IMG_61923.jpg?v=1711303655&width=2048,https://nestorevintage.fr/cdn/shop/files/IMG_61932.jpg?v=1711303657&width=2048,Sac à dos Arc'teryx vintage (Arro 22),https://nestorevintage.fr/products/sac-a-dos-arcteryx-vintage-arro-23,Sac à dos,H/F,"[25.49019607843137, 0.0, -2.0]"
3302,https://nestorevintage.fr/cdn/shop/files/IMG_3808.jpg?v=1708275662&width=2048,https://nestorevintage.fr/cdn/shop/files/IMG_3810.jpg?v=1708275667&width=2048,Sacoche Bape vintage,https://nestorevintage.fr/products/sacoche-bape-vintage-1,Sac bandoulière,H,"[5.490196078431373, 0.0, -2.0]"
3303,https://nestorevintage.fr/cdn/shop/files/IMG_3808.jpg?v=1708275662&width=2048,https://nestorevintage.fr/cdn/shop/files/IMG_3810.jpg?v=1708275667&width=2048,Sacoche Bape vintage,https://nestorevintage.fr/products/sacoche-bape-vintage-1,Sac bandoulière,H,"[23.92156862745098, 0.0, -6.0]"
3304,https://nestorevintage.fr/cdn/shop/files/IMG_33192.jpg?v=1707672059&width=2048,https://nestorevintage.fr/cdn/shop/files/IMG_33222.jpg?v=1707672068&width=2048,Sac à dos Arc'teryx vintage (Arro 22),https://nestorevintage.fr/products/sac-a-dos-arcteryx-vintage-2,Sac à dos,H/F,"[23.137254901960784, -2.0, -5.0]"
3305,https://nestorevintage.fr/cdn/shop/files/IMG_33192.jpg?v=1707672059&width=2048,https://nestorevintage.fr/cdn/shop/files/IMG_33222.jpg?v=1707672068&width=2048,Sac à dos Arc'teryx vintage (Arro 22),https://nestorevintage.fr/products/sac-a-dos-arcteryx-vintage-2,Sac à dos,H/F,"[4.705882352941177, 0.0, -2.0]"
